nohup: ignoring input
standalone | Starting Airflow Standalone
standalone | Password for the admin user has been previously generated in /home/sebastian2/airflow/simple_auth_manager_passwords.json.generated. Not echoing it here.
standalone | Checking database is initialized
2026-07-26T20:00:02.204509Z [info     ] Migrating the Airflow database [airflow.utils.db] loc=db.py:1189
standalone | Database ready
scheduler  | 2026-07-26T20:00:12.945453Z [info     ] setup plugin alembic.autogenerate.schemas [alembic.runtime.plugins] loc=plugins.py:37
scheduler  | 2026-07-26T20:00:12.945725Z [info     ] setup plugin alembic.autogenerate.tables [alembic.runtime.plugins] loc=plugins.py:37
scheduler  | 2026-07-26T20:00:12.945943Z [info     ] setup plugin alembic.autogenerate.types [alembic.runtime.plugins] loc=plugins.py:37
scheduler  | 2026-07-26T20:00:12.947655Z [info     ] setup plugin alembic.autogenerate.constraints [alembic.runtime.plugins] loc=plugins.py:37
scheduler  | 2026-07-26T20:00:12.947989Z [info     ] setup plugin alembic.autogenerate.defaults [alembic.runtime.plugins] loc=plugins.py:37
scheduler  | 2026-07-26T20:00:12.950609Z [info     ] setup plugin alembic.autogenerate.comments [alembic.runtime.plugins] loc=plugins.py:37
scheduler  | ____________       _____________
scheduler  | ____    |__( )_________  __/__  /________      __
scheduler  | ____  /| |_  /__  ___/_  /_ __  /_  __ \_ | /| / /
scheduler  | ___  ___ |  / _  /   _  __/ _  / / /_/ /_ |/ |/ /
scheduler  | _/_/  |_/_/  /_/    /_/    /_/  \____/____/|__/
scheduler  | 2026-07-26T20:00:13.520656Z [info     ] Loaded executor: :LocalExecutor: [airflow.executors.executor_loader] loc=executor_loader.py:376
dag-processor | 2026-07-26T20:00:13.579314Z [info     ] setup plugin alembic.autogenerate.schemas [alembic.runtime.plugins] loc=plugins.py:37
dag-processor | 2026-07-26T20:00:13.579702Z [info     ] setup plugin alembic.autogenerate.tables [alembic.runtime.plugins] loc=plugins.py:37
dag-processor | 2026-07-26T20:00:13.579935Z [info     ] setup plugin alembic.autogenerate.types [alembic.runtime.plugins] loc=plugins.py:37
dag-processor | 2026-07-26T20:00:13.580120Z [info     ] setup plugin alembic.autogenerate.constraints [alembic.runtime.plugins] loc=plugins.py:37
dag-processor | 2026-07-26T20:00:13.580326Z [info     ] setup plugin alembic.autogenerate.defaults [alembic.runtime.plugins] loc=plugins.py:37
dag-processor | 2026-07-26T20:00:13.580535Z [info     ] setup plugin alembic.autogenerate.comments [alembic.runtime.plugins] loc=plugins.py:37
triggerer  | 2026-07-26T20:00:13.618671Z [info     ] setup plugin alembic.autogenerate.schemas [alembic.runtime.plugins] loc=plugins.py:37
triggerer  | 2026-07-26T20:00:13.620553Z [info     ] setup plugin alembic.autogenerate.tables [alembic.runtime.plugins] loc=plugins.py:37
triggerer  | 2026-07-26T20:00:13.620755Z [info     ] setup plugin alembic.autogenerate.types [alembic.runtime.plugins] loc=plugins.py:37
triggerer  | 2026-07-26T20:00:13.620888Z [info     ] setup plugin alembic.autogenerate.constraints [alembic.runtime.plugins] loc=plugins.py:37
triggerer  | 2026-07-26T20:00:13.623212Z [info     ] setup plugin alembic.autogenerate.defaults [alembic.runtime.plugins] loc=plugins.py:37
triggerer  | 2026-07-26T20:00:13.623386Z [info     ] setup plugin alembic.autogenerate.comments [alembic.runtime.plugins] loc=plugins.py:37
api-server | 2026-07-26T20:00:14.140517Z [info     ] setup plugin alembic.autogenerate.schemas [alembic.runtime.plugins] loc=plugins.py:37
api-server | 2026-07-26T20:00:14.140806Z [info     ] setup plugin alembic.autogenerate.tables [alembic.runtime.plugins] loc=plugins.py:37
api-server | 2026-07-26T20:00:14.141060Z [info     ] setup plugin alembic.autogenerate.types [alembic.runtime.plugins] loc=plugins.py:37
api-server | 2026-07-26T20:00:14.141214Z [info     ] setup plugin alembic.autogenerate.constraints [alembic.runtime.plugins] loc=plugins.py:37
api-server | 2026-07-26T20:00:14.141367Z [info     ] setup plugin alembic.autogenerate.defaults [alembic.runtime.plugins] loc=plugins.py:37
api-server | 2026-07-26T20:00:14.141579Z [info     ] setup plugin alembic.autogenerate.comments [alembic.runtime.plugins] loc=plugins.py:37
scheduler  | 2026-07-26T20:00:14.994784Z [info     ] Starting log server on http://[::]:8793 [airflow.utils.serve_logs.core] loc=core.py:50
triggerer  | ____________       _____________
triggerer  | ____    |__( )_________  __/__  /________      __
triggerer  | ____  /| |_  /__  ___/_  /_ __  /_  __ \_ | /| / /
triggerer  | ___  ___ |  / _  /   _  __/ _  / / /_/ /_ |/ |/ /
triggerer  | _/_/  |_/_/  /_/    /_/    /_/  \____/____/|__/
triggerer  | 2026-07-26T20:00:15.204341Z [info     ] Starting log server on http://[::]:8794 [airflow.utils.serve_logs.core] loc=core.py:50
triggerer  | 2026-07-26T20:00:15.684092Z [warning  ] ASGI app factory detected. Using it, but please consider setting the --factory flag explicitly. [uvicorn.error] loc=config.py:503
scheduler  | 2026-07-26T20:00:15.682345Z [warning  ] ASGI app factory detected. Using it, but please consider setting the --factory flag explicitly. [uvicorn.error] loc=config.py:503
scheduler  | 2026-07-26T20:00:15.704705Z [info     ] Started server process [1160]  [uvicorn.error] loc=server.py:91
scheduler  | 2026-07-26T20:00:15.704928Z [info     ] Waiting for application startup. [uvicorn.error] loc=on.py:48
scheduler  | 2026-07-26T20:00:15.705364Z [info     ] Application startup complete.  [uvicorn.error] loc=on.py:62
triggerer  | 2026-07-26T20:00:15.733752Z [info     ] Started server process [1161]  [uvicorn.error] loc=server.py:91
triggerer  | 2026-07-26T20:00:15.733927Z [info     ] Waiting for application startup. [uvicorn.error] loc=on.py:48
triggerer  | 2026-07-26T20:00:15.734336Z [info     ] Application startup complete.  [uvicorn.error] loc=on.py:62
triggerer  | 2026-07-26T20:00:15.738028Z [info     ] Uvicorn running on http://:8794 (Press CTRL+C to quit) [uvicorn.error] loc=server.py:222
scheduler  | 2026-07-26T20:00:15.741803Z [info     ] Uvicorn running on http://:8793 (Press CTRL+C to quit) [uvicorn.error] loc=server.py:222
scheduler  | 2026-07-26T20:00:15.757562Z [info     ] Starting the scheduler         [airflow.jobs.scheduler_job_runner.SchedulerJobRunner] loc=scheduler_job_runner.py:1589
scheduler  | 2026-07-26T20:00:15.900746Z [info     ] Worker starting up pid=1173    [airflow.executors.local_executor.LocalExecutor] loc=local_executor.py:76
triggerer  | 2026-07-26T20:00:15.912385Z [info     ] Starting the triggerer         [airflow.jobs.triggerer_job_runner.TriggererJobRunner] loc=triggerer_job_runner.py:262
scheduler  | 2026-07-26T20:00:15.971381Z [info     ] Worker starting up pid=1175    [airflow.executors.local_executor.LocalExecutor] loc=local_executor.py:76
scheduler  | 2026-07-26T20:00:15.977210Z [info     ] Worker starting up pid=1174    [airflow.executors.local_executor.LocalExecutor] loc=local_executor.py:76
scheduler  | 2026-07-26T20:00:15.961595Z [info     ] Worker starting up pid=1176    [airflow.executors.local_executor.LocalExecutor] loc=local_executor.py:76
scheduler  | 2026-07-26T20:00:16.018263Z [info     ] Worker starting up pid=1172    [airflow.executors.local_executor.LocalExecutor] loc=local_executor.py:76
scheduler  | 2026-07-26T20:00:16.106546Z [info     ] Worker starting up pid=1180    [airflow.executors.local_executor.LocalExecutor] loc=local_executor.py:76
scheduler  | 2026-07-26T20:00:16.080705Z [info     ] Worker starting up pid=1179    [airflow.executors.local_executor.LocalExecutor] loc=local_executor.py:76
scheduler  | 2026-07-26T20:00:16.208399Z [info     ] Worker starting up pid=1177    [airflow.executors.local_executor.LocalExecutor] loc=local_executor.py:76
scheduler  | 2026-07-26T20:00:16.214843Z [info     ] Worker starting up pid=1182    [airflow.executors.local_executor.LocalExecutor] loc=local_executor.py:76
scheduler  | 2026-07-26T20:00:16.161069Z [info     ] Worker starting up pid=1181    [airflow.executors.local_executor.LocalExecutor] loc=local_executor.py:76
scheduler  | 2026-07-26T20:00:16.229122Z [info     ] Worker starting up pid=1183    [airflow.executors.local_executor.LocalExecutor] loc=local_executor.py:76
scheduler  | 2026-07-26T20:00:16.282463Z [info     ] Worker starting up pid=1185    [airflow.executors.local_executor.LocalExecutor] loc=local_executor.py:76
scheduler  | 2026-07-26T20:00:16.301151Z [info     ] Worker starting up pid=1186    [airflow.executors.local_executor.LocalExecutor] loc=local_executor.py:76
scheduler  | 2026-07-26T20:00:16.395399Z [info     ] Worker starting up pid=1187    [airflow.executors.local_executor.LocalExecutor] loc=local_executor.py:76
scheduler  | 2026-07-26T20:00:16.339067Z [info     ] Worker starting up pid=1184    [airflow.executors.local_executor.LocalExecutor] loc=local_executor.py:76
scheduler  | 2026-07-26T20:00:16.475607Z [info     ] Worker starting up pid=1188    [airflow.executors.local_executor.LocalExecutor] loc=local_executor.py:76
dag-processor | 2026-07-26T20:00:16.476686Z [info     ] Starting the Dag Processor Job [airflow.jobs.dag_processor_job_runner.DagProcessorJobRunner] loc=dag_processor_job_runner.py:59
dag-processor | 2026-07-26T20:00:16.477208Z [info     ] Processing files using up to 2 processes at a time  [airflow.dag_processing.manager.DagFileProcessorManager] loc=manager.py:360
dag-processor | 2026-07-26T20:00:16.477339Z [info     ] Process each file at most once every 30 seconds [airflow.dag_processing.manager.DagFileProcessorManager] loc=manager.py:361
scheduler  | 2026-07-26T20:00:16.481339Z [info     ] Worker starting up pid=1189    [airflow.executors.local_executor.LocalExecutor] loc=local_executor.py:76
dag-processor | 2026-07-26T20:00:16.557629Z [info     ] DAG bundles loaded: dags-folder [airflow.dag_processing.bundles.manager.DagBundlesManager] loc=manager.py:271
scheduler  | 2026-07-26T20:00:16.571837Z [info     ] Worker starting up pid=1194    [airflow.executors.local_executor.LocalExecutor] loc=local_executor.py:76
scheduler  | 2026-07-26T20:00:16.589642Z [info     ] Worker starting up pid=1193    [airflow.executors.local_executor.LocalExecutor] loc=local_executor.py:76
scheduler  | 2026-07-26T20:00:16.590207Z [info     ] Worker starting up pid=1191    [airflow.executors.local_executor.LocalExecutor] loc=local_executor.py:76
scheduler  | 2026-07-26T20:00:16.576709Z [info     ] Worker starting up pid=1192    [airflow.executors.local_executor.LocalExecutor] loc=local_executor.py:76
scheduler  | 2026-07-26T20:00:16.558046Z [info     ] Worker starting up pid=1190    [airflow.executors.local_executor.LocalExecutor] loc=local_executor.py:76
scheduler  | 2026-07-26T20:00:16.651300Z [info     ] Worker starting up pid=1195    [airflow.executors.local_executor.LocalExecutor] loc=local_executor.py:76
dag-processor | 2026-07-26T20:00:16.655256Z [info     ] DAG bundles loaded: dags-folder [airflow.dag_processing.bundles.manager.DagBundlesManager] loc=manager.py:271
dag-processor | 2026-07-26T20:00:16.657778Z [info     ] Checking for new files in bundle dags-folder every 300 seconds [airflow.dag_processing.manager.DagFileProcessorManager] loc=manager.py:411
scheduler  | 2026-07-26T20:00:16.659130Z [info     ] Worker starting up pid=1197    [airflow.executors.local_executor.LocalExecutor] loc=local_executor.py:76
scheduler  | 2026-07-26T20:00:16.665151Z [info     ] Worker starting up pid=1196    [airflow.executors.local_executor.LocalExecutor] loc=local_executor.py:76
scheduler  | 2026-07-26T20:00:16.692048Z [info     ] Worker starting up pid=1199    [airflow.executors.local_executor.LocalExecutor] loc=local_executor.py:76
scheduler  | 2026-07-26T20:00:16.687530Z [info     ] Worker starting up pid=1198    [airflow.executors.local_executor.LocalExecutor] loc=local_executor.py:76
scheduler  | 2026-07-26T20:00:16.712066Z [info     ] Worker starting up pid=1200    [airflow.executors.local_executor.LocalExecutor] loc=local_executor.py:76
dag-processor | 2026-07-26T20:00:16.725730Z [info     ] Refreshing bundle dags-folder  [airflow.dag_processing.manager.DagFileProcessorManager] loc=manager.py:846
scheduler  | 2026-07-26T20:00:16.770057Z [info     ] Worker starting up pid=1201    [airflow.executors.local_executor.LocalExecutor] loc=local_executor.py:76
scheduler  | 2026-07-26T20:00:16.771734Z [info     ] Worker starting up pid=1202    [airflow.executors.local_executor.LocalExecutor] loc=local_executor.py:76
scheduler  | 2026-07-26T20:00:16.773367Z [info     ] Adopting or resetting orphaned tasks for active dag runs [airflow.jobs.scheduler_job_runner.SchedulerJobRunner] loc=scheduler_job_runner.py:3244
scheduler  | 2026-07-26T20:00:16.768274Z [info     ] Worker starting up pid=1203    [airflow.executors.local_executor.LocalExecutor] loc=local_executor.py:76
scheduler  | 2026-07-26T20:00:16.776181Z [info     ] Worker starting up pid=1204    [airflow.executors.local_executor.LocalExecutor] loc=local_executor.py:76
dag-processor | 2026-07-26T20:00:16.811602Z [info     ] Searching for files in dags-folder at /home/sebastian2/airflow/dags [airflow.dag_processing.manager.DagFileProcessorManager] loc=manager.py:914
dag-processor | 2026-07-26T20:00:16.952300Z [info     ] Found 2 files for bundle dags-folder [airflow.dag_processing.manager.DagFileProcessorManager] loc=manager.py:916
dag-processor | 2026-07-26T20:00:16.994208Z [info     ] Adding 2 new files to the front of the queue [airflow.dag_processing.manager.DagFileProcessorManager] loc=manager.py:1436
api-server | ____________       _____________
api-server | ____    |__( )_________  __/__  /________      __
api-server | ____  /| |_  /__  ___/_  /_ __  /_  __ \_ | /| / /
api-server | ___  ___ |  / _  /   _  __/ _  / / /_/ /_ |/ |/ /
api-server | _/_/  |_/_/  /_/    /_/    /_/  \____/____/|__/
api-server | Running the API server with uvicorn:
api-server | Apps: all
api-server | Workers: 1
api-server | Host: 0.0.0.0:8080
api-server | Timeout: 120
api-server | Logfiles: -
api-server | =================================================================
api-server | 2026-07-26T20:00:19.161119Z [warning  ] 'HTTP_422_UNPROCESSABLE_ENTITY' is deprecated. Use 'HTTP_422_UNPROCESSABLE_CONTENT' instead. [py.warnings] category=StarletteDeprecationWarning filename=/home/sebastian2/Proyecto_FIFA_ETL/venv/lib/python3.12/site-packages/airflow/api_fastapi/common/exceptions.py lineno=132
dag-processor | 2026-07-26T20:00:19.170968Z [warning  ] This process (pid=1153) is multi-threaded, use of fork() may lead to deadlocks in the child. [py.warnings] category=DeprecationWarning filename=/home/sebastian2/Proyecto_FIFA_ETL/venv/lib/python3.12/site-packages/airflow/sdk/execution_time/supervisor.py lineno=691
api-server | 2026-07-26T20:00:19.173624Z [warning  ] SimpleAuthManager is active but the deployment shape looks like production (non-sqlite backend, non-local API host, or a distributed executor). SimpleAuthManager stores passwords in plaintext at /home/sebastian2/airflow/simple_auth_manager_passwords.json.generated and prints generated passwords to stdout/logs on first init. Use a real auth manager (e.g. FAB or Keycloak) for production deployments. [airflow.api_fastapi.auth.managers.simple.simple_auth_manager] loc=simple_auth_manager.py:176
dag-processor | 2026-07-26T20:00:19.340355Z [info     ]
dag-processor | ================================================================================
dag-processor | DAG File Processing Stats
dag-processor | Bundle       File Path               PID  Current Duration      # DAGs    # Errors  Last Duration    Last Run At
dag-processor | -----------  --------------------  -----  ------------------  --------  ----------  ---------------  -------------
dag-processor | dags-folder  fifa_sync_raw_dag.py   1219  0.11s                      0           0
dag-processor | dags-folder  fifa_etl_dag.py        1218  0.17s                      0           0
dag-processor | ================================================================================ [airflow.dag_processing.manager.DagFileProcessorManager] loc=manager.py:1123
standalone | Airflow is ready
standalone | Airflow Standalone is for development purposes only. Do not use this in production!
dag-processor | 2026-07-26T20:00:19.620263Z [info     ] Bulk-writing dags to db        [airflow.serialization.definitions.dag] count=1 loc=dag.py:210
dag-processor | 2026-07-26T20:00:19.678767Z [info     ] Getting latest run for non-partitioned Dag [airflow.dag_processing.collection] dag_id=Proyecto_FIFA_ETL loc=collection.py:200
dag-processor | 2026-07-26T20:00:19.698308Z [info     ] got latest run                 [airflow.dag_processing.collection] dag_id=Proyecto_FIFA_ETL loc=collection.py:203 logical_date='2026-07-25 00:00:00+00:00' partition_key=None
dag-processor | 2026-07-26T20:00:19.745223Z [info     ] get next_dagrun_info_v2        [airflow.serialization.definitions.dag] last_automated_run_info=DagRunInfo(run_after=DateTime(2026, 7, 25, 0, 0, 0, tzinfo=Timezone('UTC')), data_interval=DataInterval(start=DateTime(2026, 7, 25, 0, 0, 0, tzinfo=Timezone('UTC')), end=DateTime(2026, 7, 25, 0, 0, 0, tzinfo=Timezone('UTC'))), partition_date=None, partition_key=None) loc=dag.py:445 next_info=DagRunInfo(run_after=DateTime(2026, 7, 26, 0, 0, 0, tzinfo=Timezone('UTC')), data_interval=DataInterval(start=DateTime(2026, 7, 26, 0, 0, 0, tzinfo=Timezone('UTC')), end=DateTime(2026, 7, 26, 0, 0, 0, tzinfo=Timezone('UTC'))), partition_date=None, partition_key=None)
dag-processor | 2026-07-26T20:00:19.746042Z [info     ] setting next dagrun info       [airflow.models.dag] loc=dag.py:848 next_dagrun='2026-07-26 00:00:00+00:00' next_dagrun_create_after='2026-07-26 00:00:00+00:00' next_dagrun_data_interval_end='2026-07-26 00:00:00+00:00' next_dagrun_data_interval_start='2026-07-26 00:00:00+00:00' next_dagrun_partition_date=None next_dagrun_partition_key=None
dag-processor | 2026-07-26T20:00:20.326325Z [info     ] Bulk-writing dags to db        [airflow.serialization.definitions.dag] count=1 loc=dag.py:210
dag-processor | 2026-07-26T20:00:20.331806Z [info     ] Getting latest run for non-partitioned Dag [airflow.dag_processing.collection] dag_id=Proyecto_FIFA_Sync_Raw_CSV loc=collection.py:200
dag-processor | 2026-07-26T20:00:20.333495Z [info     ] got latest run                 [airflow.dag_processing.collection] dag_id=Proyecto_FIFA_Sync_Raw_CSV loc=collection.py:203 logical_date='2026-07-25 18:00:00+00:00' partition_key=None
dag-processor | 2026-07-26T20:00:20.399010Z [info     ] get next_dagrun_info_v2        [airflow.serialization.definitions.dag] last_automated_run_info=DagRunInfo(run_after=DateTime(2026, 7, 25, 18, 0, 0, tzinfo=Timezone('UTC')), data_interval=DataInterval(start=DateTime(2026, 7, 25, 18, 0, 0, tzinfo=Timezone('UTC')), end=DateTime(2026, 7, 25, 18, 0, 0, tzinfo=Timezone('UTC'))), partition_date=None, partition_key=None) loc=dag.py:445 next_info=DagRunInfo(run_after=DateTime(2026, 7, 26, 20, 0, 0, tzinfo=Timezone('UTC')), data_interval=DataInterval(start=DateTime(2026, 7, 26, 20, 0, 0, tzinfo=Timezone('UTC')), end=DateTime(2026, 7, 26, 20, 0, 0, tzinfo=Timezone('UTC'))), partition_date=None, partition_key=None)
dag-processor | 2026-07-26T20:00:20.399247Z [info     ] setting next dagrun info       [airflow.models.dag] loc=dag.py:848 next_dagrun='2026-07-26 20:00:00+00:00' next_dagrun_create_after='2026-07-26 20:00:00+00:00' next_dagrun_data_interval_end='2026-07-26 20:00:00+00:00' next_dagrun_data_interval_start='2026-07-26 20:00:00+00:00' next_dagrun_partition_date=None next_dagrun_partition_key=None
api-server | 2026-07-26T20:00:20.707971Z [warning  ] 'HTTP_422_UNPROCESSABLE_ENTITY' is deprecated. Use 'HTTP_422_UNPROCESSABLE_CONTENT' instead. [py.warnings] category=StarletteDeprecationWarning filename=/home/sebastian2/Proyecto_FIFA_ETL/venv/lib/python3.12/site-packages/airflow/api_fastapi/core_api/routes/public/__init__.py lineno=29
dag-processor | 2026-07-26T20:00:22.449717Z [info     ] Not time to refresh bundle dags-folder [airflow.dag_processing.manager.DagFileProcessorManager] loc=manager.py:843
dag-processor | 2026-07-26T20:00:27.828923Z [info     ] Not time to refresh bundle dags-folder [airflow.dag_processing.manager.DagFileProcessorManager] loc=manager.py:843
api-server | 2026-07-26T20:00:28.405013Z [info     ] Started server process [1152]  [uvicorn.error] loc=server.py:91
api-server | 2026-07-26T20:00:28.405149Z [info     ] Waiting for application startup. [uvicorn.error] loc=on.py:48
api-server | 2026-07-26T20:00:28.406840Z [info     ] Application startup complete.  [uvicorn.error] loc=on.py:62
api-server | 2026-07-26T20:00:28.408845Z [info     ] Uvicorn running on http://0.0.0.0:8080 (Press CTRL+C to quit) [uvicorn.error] loc=server.py:222
dag-processor | 2026-07-26T20:00:32.690127Z [info     ] Not time to refresh bundle dags-folder [airflow.dag_processing.manager.DagFileProcessorManager] loc=manager.py:843
api-server | 2026-07-26T20:00:32.709772Z [warning  ] The HMAC key is 24 bytes long, which is below the minimum recommended length of 64 bytes for SHA512. See RFC 7518 Section 3.2. [py.warnings] category=InsecureKeyLengthWarning filename=/home/sebastian2/Proyecto_FIFA_ETL/venv/lib/python3.12/site-packages/jwt/api_jwt.py lineno=368
api-server | 2026-07-26T20:00:33.081700Z [info     ] request finished               [http.access] client_addr=192.168.56.1:55969 duration_us=2517275 loc=http_access_log.py:130 method=GET path=/dags query= status_code=200
api-server | 2026-07-26T20:00:34.021497Z [info     ] request finished               [http.access] client_addr=192.168.56.1:63017 duration_us=138325 loc=http_access_log.py:130 method=GET path=/ui/config query= status_code=200
api-server | 2026-07-26T20:00:34.140691Z [info     ] request finished               [http.access] client_addr=192.168.56.1:55969 duration_us=261680 loc=http_access_log.py:130 method=GET path=/api/v2/version query= status_code=200
api-server | 2026-07-26T20:00:34.763380Z [info     ] request finished               [http.access] client_addr=192.168.56.1:55969 duration_us=65498 loc=http_access_log.py:130 method=GET path=/ui/auth/menus query= status_code=200
api-server | 2026-07-26T20:00:34.766566Z [info     ] request finished               [http.access] client_addr=192.168.56.1:63017 duration_us=46517 loc=http_access_log.py:130 method=GET path=/ui/auth/me query= status_code=200
api-server | 2026-07-26T20:00:34.773416Z [info     ] request finished               [http.access] client_addr=192.168.56.1:52494 duration_us=50820 loc=http_access_log.py:130 method=GET path=/api/v2/version query= status_code=200
api-server | 2026-07-26T20:00:34.779123Z [info     ] request finished               [http.access] client_addr=192.168.56.1:50627 duration_us=53583 loc=http_access_log.py:130 method=GET path=/api/v2/plugins query= status_code=200
api-server | 2026-07-26T20:00:34.833571Z [info     ] request finished               [http.access] client_addr=192.168.56.1:60697 duration_us=91180 loc=http_access_log.py:130 method=GET path=/api/v2/dagTags query='limit=10&offset=0&order_by=name&tag_name_prefix_pattern=' status_code=200
api-server | 2026-07-26T20:00:34.903050Z [info     ] request finished               [http.access] client_addr=192.168.56.1:54426 duration_us=151097 loc=http_access_log.py:130 method=GET path=/api/v2/importErrors query='limit=1' status_code=200
api-server | 2026-07-26T20:00:34.942191Z [info     ] request finished               [http.access] client_addr=192.168.56.1:55969 duration_us=177936 loc=http_access_log.py:130 method=GET path=/ui/dags query='dag_runs_limit=14&limit=50&offset=0&tags_match_mode=any&exclude_stale=true&order_by=dag_display_name' status_code=200
dag-processor | 2026-07-26T20:00:38.082701Z [info     ] Not time to refresh bundle dags-folder [airflow.dag_processing.manager.DagFileProcessorManager] loc=manager.py:843
dag-processor | 2026-07-26T20:00:43.103911Z [info     ] Not time to refresh bundle dags-folder [airflow.dag_processing.manager.DagFileProcessorManager] loc=manager.py:843
dag-processor | 2026-07-26T20:00:48.126511Z [info     ] Not time to refresh bundle dags-folder [airflow.dag_processing.manager.DagFileProcessorManager] loc=manager.py:843
dag-processor | 2026-07-26T20:00:49.606710Z [info     ]
dag-processor | ================================================================================
dag-processor | DAG File Processing Stats
dag-processor | Bundle       File Path             PID    Current Duration      # DAGs    # Errors  Last Duration    Last Run At
dag-processor | -----------  --------------------  -----  ------------------  --------  ----------  ---------------  -------------------
dag-processor | dags-folder  fifa_sync_raw_dag.py                                    1           0  1.09s            2026-07-26T20:00:20
dag-processor | dags-folder  fifa_etl_dag.py                                         1           0  0.45s            2026-07-26T20:00:19
dag-processor | ================================================================================ [airflow.dag_processing.manager.DagFileProcessorManager] loc=manager.py:1123
dag-processor | 2026-07-26T20:00:50.237861Z [info     ] Bulk-writing dags to db        [airflow.serialization.definitions.dag] count=1 loc=dag.py:210
dag-processor | 2026-07-26T20:00:50.241795Z [info     ] Getting latest run for non-partitioned Dag [airflow.dag_processing.collection] dag_id=Proyecto_FIFA_ETL loc=collection.py:200
dag-processor | 2026-07-26T20:00:50.243265Z [info     ] got latest run                 [airflow.dag_processing.collection] dag_id=Proyecto_FIFA_ETL loc=collection.py:203 logical_date='2026-07-25 00:00:00+00:00' partition_key=None
dag-processor | 2026-07-26T20:00:50.251249Z [info     ] get next_dagrun_info_v2        [airflow.serialization.definitions.dag] last_automated_run_info=DagRunInfo(run_after=DateTime(2026, 7, 25, 0, 0, 0, tzinfo=Timezone('UTC')), data_interval=DataInterval(start=DateTime(2026, 7, 25, 0, 0, 0, tzinfo=Timezone('UTC')), end=DateTime(2026, 7, 25, 0, 0, 0, tzinfo=Timezone('UTC'))), partition_date=None, partition_key=None) loc=dag.py:445 next_info=DagRunInfo(run_after=DateTime(2026, 7, 26, 0, 0, 0, tzinfo=Timezone('UTC')), data_interval=DataInterval(start=DateTime(2026, 7, 26, 0, 0, 0, tzinfo=Timezone('UTC')), end=DateTime(2026, 7, 26, 0, 0, 0, tzinfo=Timezone('UTC'))), partition_date=None, partition_key=None)
dag-processor | 2026-07-26T20:00:50.251572Z [info     ] setting next dagrun info       [airflow.models.dag] loc=dag.py:848 next_dagrun='2026-07-26 00:00:00+00:00' next_dagrun_create_after='2026-07-26 00:00:00+00:00' next_dagrun_data_interval_end='2026-07-26 00:00:00+00:00' next_dagrun_data_interval_start='2026-07-26 00:00:00+00:00' next_dagrun_partition_date=None next_dagrun_partition_key=None
dag-processor | 2026-07-26T20:00:51.332633Z [info     ] Bulk-writing dags to db        [airflow.serialization.definitions.dag] count=1 loc=dag.py:210
dag-processor | 2026-07-26T20:00:51.337453Z [info     ] Getting latest run for non-partitioned Dag [airflow.dag_processing.collection] dag_id=Proyecto_FIFA_Sync_Raw_CSV loc=collection.py:200
dag-processor | 2026-07-26T20:00:51.338927Z [info     ] got latest run                 [airflow.dag_processing.collection] dag_id=Proyecto_FIFA_Sync_Raw_CSV loc=collection.py:203 logical_date='2026-07-25 18:00:00+00:00' partition_key=None
dag-processor | 2026-07-26T20:00:51.346583Z [info     ] get next_dagrun_info_v2        [airflow.serialization.definitions.dag] last_automated_run_info=DagRunInfo(run_after=DateTime(2026, 7, 25, 18, 0, 0, tzinfo=Timezone('UTC')), data_interval=DataInterval(start=DateTime(2026, 7, 25, 18, 0, 0, tzinfo=Timezone('UTC')), end=DateTime(2026, 7, 25, 18, 0, 0, tzinfo=Timezone('UTC'))), partition_date=None, partition_key=None) loc=dag.py:445 next_info=DagRunInfo(run_after=DateTime(2026, 7, 26, 20, 0, 0, tzinfo=Timezone('UTC')), data_interval=DataInterval(start=DateTime(2026, 7, 26, 20, 0, 0, tzinfo=Timezone('UTC')), end=DateTime(2026, 7, 26, 20, 0, 0, tzinfo=Timezone('UTC'))), partition_date=None, partition_key=None)
dag-processor | 2026-07-26T20:00:51.346833Z [info     ] setting next dagrun info       [airflow.models.dag] loc=dag.py:848 next_dagrun='2026-07-26 20:00:00+00:00' next_dagrun_create_after='2026-07-26 20:00:00+00:00' next_dagrun_data_interval_end='2026-07-26 20:00:00+00:00' next_dagrun_data_interval_start='2026-07-26 20:00:00+00:00' next_dagrun_partition_date=None next_dagrun_partition_key=None
dag-processor | 2026-07-26T20:00:53.344063Z [info     ] Not time to refresh bundle dags-folder [airflow.dag_processing.manager.DagFileProcessorManager] loc=manager.py:843
api-server | 2026-07-26T20:00:55.126797Z [info     ] request finished               [http.access] client_addr=192.168.56.1:55969 duration_us=187644 loc=http_access_log.py:130 method=PATCH path=/api/v2/dags/Proyecto_FIFA_ETL query= status_code=200
api-server | 2026-07-26T20:00:55.153770Z [info     ] request finished               [http.access] client_addr=192.168.56.1:55969 duration_us=20218 loc=http_access_log.py:130 method=GET path=/ui/dags query='dag_runs_limit=14&limit=50&offset=0&tags_match_mode=any&exclude_stale=true&order_by=dag_display_name' status_code=200
scheduler  | 2026-07-26T20:00:55.250852Z [info     ] creating dag run               [airflow.serialization.definitions.dag] loc=dag.py:607 logical_date=DateTime(2026, 7, 26, 0, 0, 0, tzinfo=Timezone('UTC')) partition_key=None run_after=DateTime(2026, 7, 26, 0, 0, 0, tzinfo=Timezone('UTC')) run_id=scheduled__2026-07-26T00:00:00+00:00
scheduler  | 2026-07-26T20:00:55.288592Z [info     ] get next_dagrun_info_v2        [airflow.serialization.definitions.dag] last_automated_run_info=DagRunInfo(run_after=DateTime(2026, 7, 26, 0, 0, 0, tzinfo=Timezone('UTC')), data_interval=DataInterval(start=DateTime(2026, 7, 26, 0, 0, 0, tzinfo=Timezone('UTC')), end=DateTime(2026, 7, 26, 0, 0, 0, tzinfo=Timezone('UTC'))), partition_date=None, partition_key=None) loc=dag.py:445 next_info=DagRunInfo(run_after=DateTime(2026, 7, 27, 0, 0, 0, tzinfo=Timezone('UTC')), data_interval=DataInterval(start=DateTime(2026, 7, 27, 0, 0, 0, tzinfo=Timezone('UTC')), end=DateTime(2026, 7, 27, 0, 0, 0, tzinfo=Timezone('UTC'))), partition_date=None, partition_key=None)
scheduler  | 2026-07-26T20:00:55.288896Z [info     ] setting next dagrun info       [airflow.models.dag] loc=dag.py:848 next_dagrun='2026-07-27 00:00:00+00:00' next_dagrun_create_after='2026-07-27 00:00:00+00:00' next_dagrun_data_interval_end='2026-07-27 00:00:00+00:00' next_dagrun_data_interval_start='2026-07-27 00:00:00+00:00' next_dagrun_partition_date=None next_dagrun_partition_key=None
scheduler  | 2026-07-26T20:00:55.355837Z [info     ] 1 tasks up for execution:
scheduler  | <TaskInstance: Proyecto_FIFA_ETL.ejecutar_etl scheduled__2026-07-26T00:00:00+00:00 [scheduled] ti_id=019fa004-29f3-7b5c-8291-6dbe333613b0> [airflow.jobs.scheduler_job_runner.SchedulerJobRunner] loc=scheduler_job_runner.py:719
scheduler  | 2026-07-26T20:00:55.356029Z [info     ] DAG Proyecto_FIFA_ETL has 0/16 running and queued tasks [airflow.jobs.scheduler_job_runner.SchedulerJobRunner] loc=scheduler_job_runner.py:822
scheduler  | 2026-07-26T20:00:55.356217Z [info     ] Setting the following tasks to queued state (scheduler job_id=7):
scheduler  | <TaskInstance: Proyecto_FIFA_ETL.ejecutar_etl scheduled__2026-07-26T00:00:00+00:00 [scheduled] ti_id=019fa004-29f3-7b5c-8291-6dbe333613b0> (id=019fa004-29f3-7b5c-8291-6dbe333613b0, try_number=1) [airflow.jobs.scheduler_job_runner.SchedulerJobRunner] loc=scheduler_job_runner.py:978
scheduler  | 2026-07-26T20:00:55.360316Z [info     ] Trying to enqueue tasks: [<TaskInstance: Proyecto_FIFA_ETL.ejecutar_etl scheduled__2026-07-26T00:00:00+00:00 [scheduled] ti_id=019fa004-29f3-7b5c-8291-6dbe333613b0>] for executor: LocalExecutor(parallelism=32) [airflow.jobs.scheduler_job_runner.SchedulerJobRunner] loc=scheduler_job_runner.py:1152
scheduler  | 2026-07-26T20:00:55.369920Z [warning  ] The HMAC key is 24 bytes long, which is below the minimum recommended length of 64 bytes for SHA512. See RFC 7518 Section 3.2. [py.warnings] category=InsecureKeyLengthWarning filename=/home/sebastian2/Proyecto_FIFA_ETL/venv/lib/python3.12/site-packages/jwt/api_jwt.py lineno=147
scheduler  | 2026-07-26T20:00:55.532436Z [info     ] Using Public CAs from certifi  [airflow.sdk.api.client] loc=client.py:1157
scheduler  | 2026-07-26T20:00:55.686346Z [info     ] Secrets backends loaded for worker [supervisor] backend_classes=['EnvironmentVariablesBackend', 'MetastoreBackend'] count=2 loc=supervisor.py:2515
scheduler  | 2026-07-26T20:00:55.689804Z [warning  ] This process (pid=1173) is multi-threaded, use of fork() may lead to deadlocks in the child. [py.warnings] category=DeprecationWarning filename=/home/sebastian2/Proyecto_FIFA_ETL/venv/lib/python3.12/site-packages/airflow/sdk/execution_time/supervisor.py lineno=691
dag-processor | 2026-07-26T20:00:58.368901Z [info     ] Not time to refresh bundle dags-folder [airflow.dag_processing.manager.DagFileProcessorManager] loc=manager.py:843
scheduler  | 2026-07-26T20:01:00.715245Z [warning  ] Starting call to 'airflow.sdk.api.client.Client.request', this is the 1st time calling it. [airflow.sdk.api.client] loc=before.py:40
api-server | 2026-07-26T20:01:01.462641Z [warning  ] The HMAC key is 24 bytes long, which is below the minimum recommended length of 64 bytes for SHA512. See RFC 7518 Section 3.2. [py.warnings] category=InsecureKeyLengthWarning filename=/home/sebastian2/Proyecto_FIFA_ETL/venv/lib/python3.12/site-packages/jwt/api_jwt.py lineno=368
api-server | 2026-07-26T20:01:01.500364Z [info     ] request finished               [http.access] client_addr=127.0.0.1:55894 duration_us=5786708 loc=http_access_log.py:130 method=PATCH path=/execution/task-instances/019fa004-29f3-7b5c-8291-6dbe333613b0/run query= status_code=400
api-server | 2026-07-26T20:01:01.512988Z [info     ] request finished               [http.access] client_addr=192.168.56.1:55969 duration_us=50733 loc=http_access_log.py:130 method=PATCH path=/api/v2/dags/Proyecto_FIFA_Sync_Raw_CSV query= status_code=200
api-server | 2026-07-26T20:01:01.529166Z [info     ] request finished               [http.access] client_addr=192.168.56.1:55969 duration_us=14688 loc=http_access_log.py:130 method=PATCH path=/api/v2/dags/Proyecto_FIFA_Sync_Raw_CSV query= status_code=200
api-server | 2026-07-26T20:01:01.546167Z [info     ] request finished               [http.access] client_addr=192.168.56.1:54426 duration_us=28358 loc=http_access_log.py:130 method=GET path=/ui/dags query='dag_runs_limit=14&limit=50&offset=0&tags_match_mode=any&exclude_stale=true&order_by=dag_display_name' status_code=200
api-server | 2026-07-26T20:01:01.566881Z [info     ] request finished               [http.access] client_addr=192.168.56.1:55969 duration_us=18805 loc=http_access_log.py:130 method=GET path=/ui/dags query='dag_runs_limit=14&limit=50&offset=0&tags_match_mode=any&exclude_stale=true&order_by=dag_display_name' status_code=200
api-server | 2026-07-26T20:01:01.727159Z [info     ] Task started                   [airflow.api_fastapi.execution_api.routes.task_instances] correlation_id=019fa004-4314-7d74-8ea0-ca516f6d820b hostname=server-2-parametros loc=task_instances.py:231 previous_state=queued ti_id=019fa004-29f3-7b5c-8291-6dbe333613b0
api-server | 2026-07-26T20:01:01.731144Z [info     ] Task instance state updated    [airflow.api_fastapi.execution_api.routes.task_instances] correlation_id=019fa004-4314-7d74-8ea0-ca516f6d820b loc=task_instances.py:259 rows_affected=1 ti_id=019fa004-29f3-7b5c-8291-6dbe333613b0
api-server | 2026-07-26T20:01:01.773323Z [warning  ] The HMAC key is 24 bytes long, which is below the minimum recommended length of 64 bytes for SHA512. See RFC 7518 Section 3.2. [py.warnings] category=InsecureKeyLengthWarning correlation_id=019fa004-4314-7d74-8ea0-ca516f6d820b filename=/home/sebastian2/Proyecto_FIFA_ETL/venv/lib/python3.12/site-packages/jwt/api_jwt.py lineno=147 ti_id=019fa004-29f3-7b5c-8291-6dbe333613b0
api-server | 2026-07-26T20:01:01.793091Z [info     ] request finished               [http.access] client_addr=127.0.0.1:55908 duration_us=75217 loc=http_access_log.py:130 method=PATCH path=/execution/task-instances/019fa004-29f3-7b5c-8291-6dbe333613b0/run query= status_code=200
scheduler  | 2026-07-26 20:00:55.715156+00:00 [info     ] ::group::Pre Execute           [task] loc=task_runner.py:2303
api-server | 2026-07-26T20:01:01.836016Z [info     ] request finished               [http.access] client_addr=127.0.0.1:55908 duration_us=34714 loc=http_access_log.py:130 method=PUT path=/execution/task-instances/019fa004-29f3-7b5c-8291-6dbe333613b0/heartbeat query= status_code=204
scheduler  | 2026-07-26 20:01:01.826972+00:00 [info     ] DAG bundles loaded: dags-folder [airflow.dag_processing.bundles.manager.DagBundlesManager] dag_id=Proyecto_FIFA_ETL loc=manager.py:271 map_index=-1 run_id=scheduled__2026-07-26T00:00:00+00:00 task_id=ejecutar_etl ti_id=019fa004-29f3-7b5c-8291-6dbe333613b0 try_number=1
scheduler  | 2026-07-26 20:01:01.828458+00:00 [info     ] Filling up the DagBag from /home/sebastian2/airflow/dags/fifa_etl_dag.py [airflow.dag_processing.dagbag.BundleDagBag] dag_id=Proyecto_FIFA_ETL loc=dagbag.py:460 map_index=-1 run_id=scheduled__2026-07-26T00:00:00+00:00 task_id=ejecutar_etl ti_id=019fa004-29f3-7b5c-8291-6dbe333613b0 try_number=1
scheduler  | 2026-07-26 20:01:01.840707+00:00 [warning  ] The `airflow.operators.bash.BashOperator` attribute is deprecated. Please use `'airflow.providers.standard.operators.bash.BashOperator'`. [py.warnings] category=UserWarning dag_id=Proyecto_FIFA_ETL filename=/home/sebastian2/airflow/dags/fifa_etl_dag.py lineno=4 map_index=-1 run_id=scheduled__2026-07-26T00:00:00+00:00 task_id=ejecutar_etl ti_id=019fa004-29f3-7b5c-8291-6dbe333613b0 try_number=1
scheduler  | 2026-07-26 20:01:01.842125+00:00 [info     ] Worker startup parse complete  [task] bundle_name=dags-folder bundle_prepare_ms=28 bundle_version=None dag_file=fifa_etl_dag.py dag_file_parse_ms=14 dag_id=Proyecto_FIFA_ETL loc=task_runner.py:1062 map_index=-1 run_id=scheduled__2026-07-26T00:00:00+00:00 task_id=ejecutar_etl ti_id=019fa004-29f3-7b5c-8291-6dbe333613b0 try_number=1
api-server | 2026-07-26T20:01:01.911091Z [info     ] Updating RenderedTaskInstanceFields [airflow.api_fastapi.execution_api.routes.task_instances] correlation_id=019fa004-43d2-740a-b832-fb3466b204b5 field_count=3 loc=task_instances.py:1005 ti_id=019fa004-29f3-7b5c-8291-6dbe333613b0
scheduler  | 2026-07-26 20:01:02.050041+00:00 [info     ] ::endgroup::                   [task] dag_id=Proyecto_FIFA_ETL loc=task_runner.py:2107 map_index=-1 run_id=scheduled__2026-07-26T00:00:00+00:00 task_id=ejecutar_etl ti_id=019fa004-29f3-7b5c-8291-6dbe333613b0 try_number=1
api-server | 2026-07-26T20:01:02.049942Z [info     ] request finished               [http.access] client_addr=127.0.0.1:55908 duration_us=142925 loc=http_access_log.py:130 method=PUT path=/execution/task-instances/019fa004-29f3-7b5c-8291-6dbe333613b0/rtif query= status_code=201
scheduler  | 2026-07-26 20:01:02.123600+00:00 [info     ] Tmp dir root location: /tmp    [airflow.task.hooks.airflow.providers.standard.hooks.subprocess.SubprocessHook] dag_id=Proyecto_FIFA_ETL loc=subprocess.py:78 map_index=-1 run_id=scheduled__2026-07-26T00:00:00+00:00 task_id=ejecutar_etl ti_id=019fa004-29f3-7b5c-8291-6dbe333613b0 try_number=1
scheduler  | 2026-07-26 20:01:02.124360+00:00 [info     ] Running command: ['/usr/bin/bash', '-c', '\ncd /home/sebastian2/Proyecto_FIFA_ETL\nsource /home/sebastian2/Proyecto_FIFA_ETL/venv/bin/activate\npython etl/main.py'] [airflow.task.hooks.airflow.providers.standard.hooks.subprocess.SubprocessHook] dag_id=Proyecto_FIFA_ETL loc=subprocess.py:80 map_index=-1 run_id=scheduled__2026-07-26T00:00:00+00:00 task_id=ejecutar_etl ti_id=019fa004-29f3-7b5c-8291-6dbe333613b0 try_number=1
scheduler  | 2026-07-26 20:01:02.125201+00:00 [info     ] Output:                        [airflow.task.hooks.airflow.providers.standard.hooks.subprocess.SubprocessHook] dag_id=Proyecto_FIFA_ETL loc=subprocess.py:92 map_index=-1 run_id=scheduled__2026-07-26T00:00:00+00:00 task_id=ejecutar_etl ti_id=019fa004-29f3-7b5c-8291-6dbe333613b0 try_number=1
scheduler  | 2026-07-26T20:01:02.266612Z [info     ] creating dag run               [airflow.serialization.definitions.dag] loc=dag.py:607 logical_date=DateTime(2026, 7, 26, 20, 0, 0, tzinfo=Timezone('UTC')) partition_key=None run_after=DateTime(2026, 7, 26, 20, 0, 0, tzinfo=Timezone('UTC')) run_id=scheduled__2026-07-26T20:00:00+00:00
scheduler  | 2026-07-26T20:01:02.273480Z [info     ] get next_dagrun_info_v2        [airflow.serialization.definitions.dag] last_automated_run_info=DagRunInfo(run_after=DateTime(2026, 7, 26, 20, 0, 0, tzinfo=Timezone('UTC')), data_interval=DataInterval(start=DateTime(2026, 7, 26, 20, 0, 0, tzinfo=Timezone('UTC')), end=DateTime(2026, 7, 26, 20, 0, 0, tzinfo=Timezone('UTC'))), partition_date=None, partition_key=None) loc=dag.py:445 next_info=DagRunInfo(run_after=DateTime(2026, 7, 26, 21, 0, 0, tzinfo=Timezone('UTC')), data_interval=DataInterval(start=DateTime(2026, 7, 26, 21, 0, 0, tzinfo=Timezone('UTC')), end=DateTime(2026, 7, 26, 21, 0, 0, tzinfo=Timezone('UTC'))), partition_date=None, partition_key=None)
scheduler  | 2026-07-26T20:01:02.273771Z [info     ] setting next dagrun info       [airflow.models.dag] loc=dag.py:848 next_dagrun='2026-07-26 21:00:00+00:00' next_dagrun_create_after='2026-07-26 21:00:00+00:00' next_dagrun_data_interval_end='2026-07-26 21:00:00+00:00' next_dagrun_data_interval_start='2026-07-26 21:00:00+00:00' next_dagrun_partition_date=None next_dagrun_partition_key=None
scheduler  | 2026-07-26T20:01:02.372412Z [info     ] 1 tasks up for execution:
scheduler  | <TaskInstance: Proyecto_FIFA_Sync_Raw_CSV.subir_csv_actualizado_server1 scheduled__2026-07-26T20:00:00+00:00 [scheduled] ti_id=019fa004-4540-7caf-8c36-a7f7badc3377> [airflow.jobs.scheduler_job_runner.SchedulerJobRunner] loc=scheduler_job_runner.py:719
scheduler  | 2026-07-26T20:01:02.372595Z [info     ] DAG Proyecto_FIFA_Sync_Raw_CSV has 0/16 running and queued tasks [airflow.jobs.scheduler_job_runner.SchedulerJobRunner] loc=scheduler_job_runner.py:822
scheduler  | 2026-07-26T20:01:02.372800Z [info     ] Setting the following tasks to queued state (scheduler job_id=7):
scheduler  | <TaskInstance: Proyecto_FIFA_Sync_Raw_CSV.subir_csv_actualizado_server1 scheduled__2026-07-26T20:00:00+00:00 [scheduled] ti_id=019fa004-4540-7caf-8c36-a7f7badc3377> (id=019fa004-4540-7caf-8c36-a7f7badc3377, try_number=1) [airflow.jobs.scheduler_job_runner.SchedulerJobRunner] loc=scheduler_job_runner.py:978
scheduler  | 2026-07-26T20:01:02.373797Z [info     ] Trying to enqueue tasks: [<TaskInstance: Proyecto_FIFA_Sync_Raw_CSV.subir_csv_actualizado_server1 scheduled__2026-07-26T20:00:00+00:00 [scheduled] ti_id=019fa004-4540-7caf-8c36-a7f7badc3377>] for executor: LocalExecutor(parallelism=32) [airflow.jobs.scheduler_job_runner.SchedulerJobRunner] loc=scheduler_job_runner.py:1152
scheduler  | 2026-07-26T20:01:02.500343Z [info     ] Using Public CAs from certifi  [airflow.sdk.api.client] loc=client.py:1157
scheduler  | 2026-07-26T20:01:02.580165Z [info     ] Secrets backends loaded for worker [supervisor] backend_classes=['EnvironmentVariablesBackend', 'MetastoreBackend'] count=2 loc=supervisor.py:2515
scheduler  | 2026-07-26T20:01:02.583478Z [warning  ] This process (pid=1175) is multi-threaded, use of fork() may lead to deadlocks in the child. [py.warnings] category=DeprecationWarning filename=/home/sebastian2/Proyecto_FIFA_ETL/venv/lib/python3.12/site-packages/airflow/sdk/execution_time/supervisor.py lineno=691
api-server | 2026-07-26T20:01:02.604216Z [info     ] Task started                   [airflow.api_fastapi.execution_api.routes.task_instances] correlation_id=019fa004-467e-779a-acc6-a13232d42904 hostname=server-2-parametros loc=task_instances.py:231 previous_state=queued ti_id=019fa004-4540-7caf-8c36-a7f7badc3377
api-server | 2026-07-26T20:01:02.606007Z [info     ] Task instance state updated    [airflow.api_fastapi.execution_api.routes.task_instances] correlation_id=019fa004-467e-779a-acc6-a13232d42904 loc=task_instances.py:259 rows_affected=1 ti_id=019fa004-4540-7caf-8c36-a7f7badc3377
api-server | 2026-07-26T20:01:02.938198Z [info     ] request finished               [http.access] client_addr=127.0.0.1:55914 duration_us=344940 loc=http_access_log.py:130 method=PATCH path=/execution/task-instances/019fa004-4540-7caf-8c36-a7f7badc3377/run query= status_code=200
scheduler  | 2026-07-26 20:01:02.617198+00:00 [info     ] ::group::Pre Execute           [task] loc=task_runner.py:2303
scheduler  | 2026-07-26 20:01:02.944545+00:00 [info     ] DAG bundles loaded: dags-folder [airflow.dag_processing.bundles.manager.DagBundlesManager] dag_id=Proyecto_FIFA_Sync_Raw_CSV loc=manager.py:271 map_index=-1 run_id=scheduled__2026-07-26T20:00:00+00:00 task_id=subir_csv_actualizado_server1 ti_id=019fa004-4540-7caf-8c36-a7f7badc3377 try_number=1
scheduler  | 2026-07-26 20:01:02.946282+00:00 [info     ] Filling up the DagBag from /home/sebastian2/airflow/dags/fifa_sync_raw_dag.py [airflow.dag_processing.dagbag.BundleDagBag] dag_id=Proyecto_FIFA_Sync_Raw_CSV loc=dagbag.py:460 map_index=-1 run_id=scheduled__2026-07-26T20:00:00+00:00 task_id=subir_csv_actualizado_server1 ti_id=019fa004-4540-7caf-8c36-a7f7badc3377 try_number=1
api-server | 2026-07-26T20:01:03.172171Z [info     ] request finished               [http.access] client_addr=127.0.0.1:55914 duration_us=228433 loc=http_access_log.py:130 method=PUT path=/execution/task-instances/019fa004-4540-7caf-8c36-a7f7badc3377/heartbeat query= status_code=204
dag-processor | 2026-07-26T20:01:03.434156Z [info     ] Not time to refresh bundle dags-folder [airflow.dag_processing.manager.DagFileProcessorManager] loc=manager.py:843
scheduler  | 2026-07-26 20:01:03.468724+00:00 [warning  ] The `airflow.operators.bash.BashOperator` attribute is deprecated. Please use `'airflow.providers.standard.operators.bash.BashOperator'`. [py.warnings] category=UserWarning dag_id=Proyecto_FIFA_Sync_Raw_CSV filename=/home/sebastian2/airflow/dags/fifa_sync_raw_dag.py lineno=3 map_index=-1 run_id=scheduled__2026-07-26T20:00:00+00:00 task_id=subir_csv_actualizado_server1 ti_id=019fa004-4540-7caf-8c36-a7f7badc3377 try_number=1
scheduler  | 2026-07-26 20:01:03.470267+00:00 [info     ] Worker startup parse complete  [task] bundle_name=dags-folder bundle_prepare_ms=2 bundle_version=None dag_file=fifa_sync_raw_dag.py dag_file_parse_ms=524 dag_id=Proyecto_FIFA_Sync_Raw_CSV loc=task_runner.py:1062 map_index=-1 run_id=scheduled__2026-07-26T20:00:00+00:00 task_id=subir_csv_actualizado_server1 ti_id=019fa004-4540-7caf-8c36-a7f7badc3377 try_number=1
api-server | 2026-07-26T20:01:03.490059Z [info     ] Updating RenderedTaskInstanceFields [airflow.api_fastapi.execution_api.routes.task_instances] correlation_id=019fa004-49fe-7b70-8992-bd18a7b05d85 field_count=3 loc=task_instances.py:1005 ti_id=019fa004-4540-7caf-8c36-a7f7badc3377
api-server | 2026-07-26T20:01:03.548244Z [info     ] request finished               [http.access] client_addr=127.0.0.1:55914 duration_us=61217 loc=http_access_log.py:130 method=PUT path=/execution/task-instances/019fa004-4540-7caf-8c36-a7f7badc3377/rtif query= status_code=201
scheduler  | 2026-07-26 20:01:03.547924+00:00 [info     ] ::endgroup::                   [task] dag_id=Proyecto_FIFA_Sync_Raw_CSV loc=task_runner.py:2107 map_index=-1 run_id=scheduled__2026-07-26T20:00:00+00:00 task_id=subir_csv_actualizado_server1 ti_id=019fa004-4540-7caf-8c36-a7f7badc3377 try_number=1
scheduler  | 2026-07-26 20:01:03.548578+00:00 [info     ] Tmp dir root location: /tmp    [airflow.task.hooks.airflow.providers.standard.hooks.subprocess.SubprocessHook] dag_id=Proyecto_FIFA_Sync_Raw_CSV loc=subprocess.py:78 map_index=-1 run_id=scheduled__2026-07-26T20:00:00+00:00 task_id=subir_csv_actualizado_server1 ti_id=019fa004-4540-7caf-8c36-a7f7badc3377 try_number=1
scheduler  | 2026-07-26 20:01:03.548923+00:00 [info     ] Running command: ['/usr/bin/bash', '-c', 'cd /home/sebastian2/Proyecto_FIFA_ETL && source venv/bin/activate && python -c "import os, pandas as pd, pymysql; print(\'Sincronizador listo\')"'] [airflow.task.hooks.airflow.providers.standard.hooks.subprocess.SubprocessHook] dag_id=Proyecto_FIFA_Sync_Raw_CSV loc=subprocess.py:80 map_index=-1 run_id=scheduled__2026-07-26T20:00:00+00:00 task_id=subir_csv_actualizado_server1 ti_id=019fa004-4540-7caf-8c36-a7f7badc3377 try_number=1
scheduler  | 2026-07-26 20:01:03.552463+00:00 [info     ] Output:                        [airflow.task.hooks.airflow.providers.standard.hooks.subprocess.SubprocessHook] dag_id=Proyecto_FIFA_Sync_Raw_CSV loc=subprocess.py:92 map_index=-1 run_id=scheduled__2026-07-26T20:00:00+00:00 task_id=subir_csv_actualizado_server1 ti_id=019fa004-4540-7caf-8c36-a7f7badc3377 try_number=1
api-server | 2026-07-26T20:01:04.774979Z [info     ] request finished               [http.access] client_addr=192.168.56.1:55969 duration_us=203357 loc=http_access_log.py:130 method=GET path=/ui/dags query='dag_runs_limit=14&limit=50&offset=0&tags_match_mode=any&exclude_stale=true&order_by=dag_display_name' status_code=200
api-server | 2026-07-26T20:01:07.152472Z [info     ] request finished               [http.access] client_addr=127.0.0.1:57832 duration_us=19722 loc=http_access_log.py:130 method=PUT path=/execution/task-instances/019fa004-29f3-7b5c-8291-6dbe333613b0/heartbeat query= status_code=204
api-server | 2026-07-26T20:01:07.800374Z [info     ] request finished               [http.access] client_addr=192.168.56.1:55969 duration_us=20422 loc=http_access_log.py:130 method=GET path=/ui/dags query='dag_runs_limit=14&limit=50&offset=0&tags_match_mode=any&exclude_stale=true&order_by=dag_display_name' status_code=200
dag-processor | 2026-07-26T20:01:08.455455Z [info     ] Not time to refresh bundle dags-folder [airflow.dag_processing.manager.DagFileProcessorManager] loc=manager.py:843
api-server | 2026-07-26T20:01:08.668558Z [info     ] request finished               [http.access] client_addr=127.0.0.1:57844 duration_us=108850 loc=http_access_log.py:130 method=PUT path=/execution/task-instances/019fa004-4540-7caf-8c36-a7f7badc3377/heartbeat query= status_code=204
api-server | 2026-07-26T20:01:10.830707Z [info     ] request finished               [http.access] client_addr=192.168.56.1:55969 duration_us=24198 loc=http_access_log.py:130 method=GET path=/ui/dags query='dag_runs_limit=14&limit=50&offset=0&tags_match_mode=any&exclude_stale=true&order_by=dag_display_name' status_code=200
api-server | 2026-07-26T20:01:12.274623Z [info     ] request finished               [http.access] client_addr=127.0.0.1:57846 duration_us=115894 loc=http_access_log.py:130 method=PUT path=/execution/task-instances/019fa004-29f3-7b5c-8291-6dbe333613b0/heartbeat query= status_code=204
dag-processor | 2026-07-26T20:01:13.479158Z [info     ] Not time to refresh bundle dags-folder [airflow.dag_processing.manager.DagFileProcessorManager] loc=manager.py:843
api-server | 2026-07-26T20:01:13.700181Z [info     ] request finished               [http.access] client_addr=127.0.0.1:57858 duration_us=24445 loc=http_access_log.py:130 method=PUT path=/execution/task-instances/019fa004-4540-7caf-8c36-a7f7badc3377/heartbeat query= status_code=204
api-server | 2026-07-26T20:01:13.857351Z [info     ] request finished               [http.access] client_addr=192.168.56.1:55969 duration_us=21528 loc=http_access_log.py:130 method=GET path=/ui/dags query='dag_runs_limit=14&limit=50&offset=0&tags_match_mode=any&exclude_stale=true&order_by=dag_display_name' status_code=200
scheduler  | 2026-07-26 20:01:16.467936+00:00 [info     ] Sincronizador listo            [airflow.task.hooks.airflow.providers.standard.hooks.subprocess.SubprocessHook] dag_id=Proyecto_FIFA_Sync_Raw_CSV loc=subprocess.py:99 map_index=-1 run_id=scheduled__2026-07-26T20:00:00+00:00 task_id=subir_csv_actualizado_server1 ti_id=019fa004-4540-7caf-8c36-a7f7badc3377 try_number=1
scheduler  | 2026-07-26 20:01:16.652819+00:00 [info     ] Command exited with return code 0 [airflow.task.hooks.airflow.providers.standard.hooks.subprocess.SubprocessHook] dag_id=Proyecto_FIFA_Sync_Raw_CSV loc=subprocess.py:103 map_index=-1 run_id=scheduled__2026-07-26T20:00:00+00:00 task_id=subir_csv_actualizado_server1 ti_id=019fa004-4540-7caf-8c36-a7f7badc3377 try_number=1
scheduler  | 2026-07-26 20:01:16.678131+00:00 [info     ] ::group::Post Execute          [task] dag_id=Proyecto_FIFA_Sync_Raw_CSV loc=task_runner.py:1577 map_index=-1 run_id=scheduled__2026-07-26T20:00:00+00:00 task_id=subir_csv_actualizado_server1 ti_id=019fa004-4540-7caf-8c36-a7f7badc3377 try_number=1
scheduler  | 2026-07-26 20:01:16.678546+00:00 [info     ] Pushing xcom                   [task] dag_id=Proyecto_FIFA_Sync_Raw_CSV loc=task_runner.py:2171 map_index=-1 run_id=scheduled__2026-07-26T20:00:00+00:00 task_id=subir_csv_actualizado_server1 ti="RuntimeTaskInstance(id=UUID('019fa004-4540-7caf-8c36-a7f7badc3377'), task_id='subir_csv_actualizado_server1', dag_id='Proyecto_FIFA_Sync_Raw_CSV', run_id='scheduled__2026-07-26T20:00:00+00:00', try_number=1, dag_version_id=UUID('019f9770-e848-7ddc-aa2a-3b0d97996942'), map_index=-1, hostname='server-2-parametros', context_carrier={'traceparent': '00-368d8b2ed081c41263764b4944a9865b-1337b7861757eb6f-00'}, queue='default', task=<Task(BashOperator): subir_csv_actualizado_server1>, bundle_instance=LocalDagBundle(name=dags-folder), max_tries=1, start_date=datetime.datetime(2026, 7, 26, 20, 1, 2, 940002, tzinfo=datetime.timezone.utc), end_date=None, state=<TaskInstanceState.RUNNING: 'running'>, is_mapped=False, rendered_map_index=None, sentry_integration='')" ti_id=019fa004-4540-7caf-8c36-a7f7badc3377 try_number=1
api-server | 2026-07-26T20:01:16.830260Z [info     ] request finished               [http.access] client_addr=127.0.0.1:57858 duration_us=146921 loc=http_access_log.py:130 method=POST path=/execution/xcoms/Proyecto_FIFA_Sync_Raw_CSV/scheduled__2026-07-26T20:00:00+00:00/subir_csv_actualizado_server1/return_value query= status_code=201
api-server | 2026-07-26T20:01:16.888907Z [info     ] Task instance state updated    [airflow.api_fastapi.execution_api.routes.task_instances] correlation_id=019fa004-7e1e-752f-9091-caa0ab2dc0ef loc=task_instances.py:484 new_state=success rows_affected=1 ti_id=019fa004-4540-7caf-8c36-a7f7badc3377
api-server | 2026-07-26T20:01:16.893392Z [info     ] request finished               [http.access] client_addr=192.168.56.1:55969 duration_us=29749 loc=http_access_log.py:130 method=GET path=/ui/dags query='dag_runs_limit=14&limit=50&offset=0&tags_match_mode=any&exclude_stale=true&order_by=dag_display_name' status_code=200
api-server | 2026-07-26T20:01:16.900396Z [info     ] request finished               [http.access] client_addr=127.0.0.1:57858 duration_us=69404 loc=http_access_log.py:130 method=PATCH path=/execution/task-instances/019fa004-4540-7caf-8c36-a7f7badc3377/state query= status_code=204
scheduler  | 2026-07-26 20:01:16.901342+00:00 [info     ] ::endgroup::                   [task] dag_id=Proyecto_FIFA_Sync_Raw_CSV loc=task_runner.py:2270 map_index=-1 run_id=scheduled__2026-07-26T20:00:00+00:00 task_id=subir_csv_actualizado_server1 ti_id=019fa004-4540-7caf-8c36-a7f7badc3377 try_number=1
scheduler  | 2026-07-26T20:01:16.907957Z [info     ] Workload finished              [supervisor] duration=14.354991487000007 exit_code=0 final_state=success loc=supervisor.py:2534 workload_id=019fa004-4540-7caf-8c36-a7f7badc3377 workload_type=ExecuteTask
scheduler  | 2026-07-26T20:01:16.971893Z [info     ] Received executor event with state success for task instance TaskInstanceKey(dag_id='Proyecto_FIFA_Sync_Raw_CSV', task_id='subir_csv_actualizado_server1', run_id='scheduled__2026-07-26T20:00:00+00:00', try_number=1, map_index=-1) [airflow.jobs.scheduler_job_runner.SchedulerJobRunner] loc=scheduler_job_runner.py:1311
scheduler  | 2026-07-26T20:01:17.023112Z [info     ] TaskInstance Finished: dag_id=Proyecto_FIFA_Sync_Raw_CSV, task_id=subir_csv_actualizado_server1, run_id=scheduled__2026-07-26T20:00:00+00:00, map_index=-1, ti_id=019fa004-4540-7caf-8c36-a7f7badc3377, run_start_date=2026-07-26 20:01:02.587080+00:00, run_end_date=2026-07-26 20:01:16.829472+00:00, run_duration=28.242, state=success, executor=LocalExecutor(parallelism=32), executor_state=success, try_number=1, max_tries=1, pool=default_pool, queue=default, priority_weight=1, operator=BashOperator, queued_dttm=2026-07-26 20:01:02.373107+00:00, scheduled_dttm=2026-07-26 20:01:02.339612+00:00,queued_by_job_id=7, pid=1265 [airflow.jobs.scheduler_job_runner.SchedulerJobRunner] loc=scheduler_job_runner.py:1403
triggerer  | 2026-07-26T20:01:17.241231Z [info     ] 0 triggers currently running   [airflow.jobs.triggerer_job_runner] loc=triggerer_job_runner.py:1036
triggerer  | 2026-07-26T20:01:17.241466Z [info     ] 0 watchers currently running   [airflow.jobs.triggerer_job_runner] loc=triggerer_job_runner.py:1036
api-server | 2026-07-26T20:01:18.594329Z [info     ] request finished               [http.access] client_addr=127.0.0.1:48266 duration_us=1312481 loc=http_access_log.py:130 method=PUT path=/execution/task-instances/019fa004-29f3-7b5c-8291-6dbe333613b0/heartbeat query= status_code=204
dag-processor | 2026-07-26T20:01:18.673335Z [info     ] Not time to refresh bundle dags-folder [airflow.dag_processing.manager.DagFileProcessorManager] loc=manager.py:843
dag-processor | 2026-07-26T20:01:19.680233Z [info     ]
dag-processor | ================================================================================
dag-processor | DAG File Processing Stats
dag-processor | Bundle       File Path             PID    Current Duration      # DAGs    # Errors  Last Duration    Last Run At
dag-processor | -----------  --------------------  -----  ------------------  --------  ----------  ---------------  -------------------
dag-processor | dags-folder  fifa_sync_raw_dag.py                                    1           0  0.09s            2026-07-26T20:00:51
dag-processor | dags-folder  fifa_etl_dag.py                                         1           0  0.06s            2026-07-26T20:00:50
dag-processor | ================================================================================ [airflow.dag_processing.manager.DagFileProcessorManager] loc=manager.py:1123
scheduler  | 2026-07-26T20:01:19.785836Z [info     ] Marking run <DagRun Proyecto_FIFA_Sync_Raw_CSV @ 2026-07-26 20:00:00+00:00: scheduled__2026-07-26T20:00:00+00:00, state:running, queued_at: 2026-07-26 20:01:02.267689+00:00. run_type: scheduled> successful [airflow.models.dagrun.DagRun] loc=dagrun.py:1249
scheduler  | 2026-07-26T20:01:19.786109Z [info     ] DagRun Finished: dag_id=Proyecto_FIFA_Sync_Raw_CSV, logical_date=2026-07-26 20:00:00+00:00, run_id=scheduled__2026-07-26T20:00:00+00:00, run_start_date=2026-07-26 20:01:02.296548+00:00, run_end_date=2026-07-26 20:01:19.785956+00:00, run_duration=17.489408, state=success, run_type=scheduled, data_interval_start=2026-07-26 20:00:00+00:00, data_interval_end=2026-07-26 20:00:00+00:00, [airflow.models.dagrun.DagRun] loc=dagrun.py:1315
api-server | 2026-07-26T20:01:19.923223Z [info     ] request finished               [http.access] client_addr=192.168.56.1:55969 duration_us=24393 loc=http_access_log.py:130 method=GET path=/ui/dags query='dag_runs_limit=14&limit=50&offset=0&tags_match_mode=any&exclude_stale=true&order_by=dag_display_name' status_code=200
api-server | 2026-07-26T20:01:24.303830Z [info     ] request finished               [http.access] client_addr=192.168.56.1:55969 duration_us=1375394 loc=http_access_log.py:130 method=GET path=/ui/dags query='dag_runs_limit=14&limit=50&offset=0&tags_match_mode=any&exclude_stale=true&order_by=dag_display_name' status_code=200
api-server | 2026-07-26T20:01:26.773172Z [info     ] request finished               [http.access] client_addr=127.0.0.1:48274 duration_us=3173473 loc=http_access_log.py:130 method=PUT path=/execution/task-instances/019fa004-29f3-7b5c-8291-6dbe333613b0/heartbeat query= status_code=204
api-server | 2026-07-26T20:01:27.331822Z [info     ] request finished               [http.access] client_addr=192.168.56.1:55969 duration_us=22720 loc=http_access_log.py:130 method=GET path=/ui/dags query='dag_runs_limit=14&limit=50&offset=0&tags_match_mode=any&exclude_stale=true&order_by=dag_display_name' status_code=200
dag-processor | 2026-07-26T20:01:27.572488Z [info     ] Not time to refresh bundle dags-folder [airflow.dag_processing.manager.DagFileProcessorManager] loc=manager.py:843
dag-processor | 2026-07-26T20:01:27.579220Z [info     ] Bulk-writing dags to db        [airflow.serialization.definitions.dag] count=1 loc=dag.py:210
dag-processor | 2026-07-26T20:01:27.643361Z [info     ] Getting latest run for non-partitioned Dag [airflow.dag_processing.collection] dag_id=Proyecto_FIFA_ETL loc=collection.py:200
dag-processor | 2026-07-26T20:01:27.665245Z [info     ] got latest run                 [airflow.dag_processing.collection] dag_id=Proyecto_FIFA_ETL loc=collection.py:203 logical_date='2026-07-26 00:00:00+00:00' partition_key=None
dag-processor | 2026-07-26T20:01:27.719289Z [info     ] get next_dagrun_info_v2        [airflow.serialization.definitions.dag] last_automated_run_info=DagRunInfo(run_after=DateTime(2026, 7, 26, 0, 0, 0, tzinfo=Timezone('UTC')), data_interval=DataInterval(start=DateTime(2026, 7, 26, 0, 0, 0, tzinfo=Timezone('UTC')), end=DateTime(2026, 7, 26, 0, 0, 0, tzinfo=Timezone('UTC'))), partition_date=None, partition_key=None) loc=dag.py:445 next_info=DagRunInfo(run_after=DateTime(2026, 7, 27, 0, 0, 0, tzinfo=Timezone('UTC')), data_interval=DataInterval(start=DateTime(2026, 7, 27, 0, 0, 0, tzinfo=Timezone('UTC')), end=DateTime(2026, 7, 27, 0, 0, 0, tzinfo=Timezone('UTC'))), partition_date=None, partition_key=None)
dag-processor | 2026-07-26T20:01:27.719577Z [info     ] setting next dagrun info       [airflow.models.dag] loc=dag.py:848 next_dagrun='2026-07-27 00:00:00+00:00' next_dagrun_create_after='2026-07-27 00:00:00+00:00' next_dagrun_data_interval_end='2026-07-27 00:00:00+00:00' next_dagrun_data_interval_start='2026-07-27 00:00:00+00:00' next_dagrun_partition_date=None next_dagrun_partition_key=None
dag-processor | 2026-07-26T20:01:27.942359Z [info     ] Bulk-writing dags to db        [airflow.serialization.definitions.dag] count=1 loc=dag.py:210
dag-processor | 2026-07-26T20:01:27.948577Z [info     ] Getting latest run for non-partitioned Dag [airflow.dag_processing.collection] dag_id=Proyecto_FIFA_Sync_Raw_CSV loc=collection.py:200
dag-processor | 2026-07-26T20:01:27.950610Z [info     ] got latest run                 [airflow.dag_processing.collection] dag_id=Proyecto_FIFA_Sync_Raw_CSV loc=collection.py:203 logical_date='2026-07-26 20:00:00+00:00' partition_key=None
dag-processor | 2026-07-26T20:01:27.961527Z [info     ] get next_dagrun_info_v2        [airflow.serialization.definitions.dag] last_automated_run_info=DagRunInfo(run_after=DateTime(2026, 7, 26, 20, 0, 0, tzinfo=Timezone('UTC')), data_interval=DataInterval(start=DateTime(2026, 7, 26, 20, 0, 0, tzinfo=Timezone('UTC')), end=DateTime(2026, 7, 26, 20, 0, 0, tzinfo=Timezone('UTC'))), partition_date=None, partition_key=None) loc=dag.py:445 next_info=DagRunInfo(run_after=DateTime(2026, 7, 26, 21, 0, 0, tzinfo=Timezone('UTC')), data_interval=DataInterval(start=DateTime(2026, 7, 26, 21, 0, 0, tzinfo=Timezone('UTC')), end=DateTime(2026, 7, 26, 21, 0, 0, tzinfo=Timezone('UTC'))), partition_date=None, partition_key=None)
dag-processor | 2026-07-26T20:01:27.961918Z [info     ] setting next dagrun info       [airflow.models.dag] loc=dag.py:848 next_dagrun='2026-07-26 21:00:00+00:00' next_dagrun_create_after='2026-07-26 21:00:00+00:00' next_dagrun_data_interval_end='2026-07-26 21:00:00+00:00' next_dagrun_data_interval_start='2026-07-26 21:00:00+00:00' next_dagrun_partition_date=None next_dagrun_partition_key=None
api-server | 2026-07-26T20:01:30.353960Z [info     ] request finished               [http.access] client_addr=192.168.56.1:55969 duration_us=17024 loc=http_access_log.py:130 method=GET path=/ui/dags query='dag_runs_limit=14&limit=50&offset=0&tags_match_mode=any&exclude_stale=true&order_by=dag_display_name' status_code=200
api-server | 2026-07-26T20:01:31.852318Z [info     ] request finished               [http.access] client_addr=127.0.0.1:34014 duration_us=71893 loc=http_access_log.py:130 method=PUT path=/execution/task-instances/019fa004-29f3-7b5c-8291-6dbe333613b0/heartbeat query= status_code=204
dag-processor | 2026-07-26T20:01:33.068780Z [info     ] Not time to refresh bundle dags-folder [airflow.dag_processing.manager.DagFileProcessorManager] loc=manager.py:843
api-server | 2026-07-26T20:01:33.379978Z [info     ] request finished               [http.access] client_addr=192.168.56.1:55969 duration_us=19873 loc=http_access_log.py:130 method=GET path=/ui/dags query='dag_runs_limit=14&limit=50&offset=0&tags_match_mode=any&exclude_stale=true&order_by=dag_display_name' status_code=200
scheduler  | 2026-07-26 20:01:33.819063+00:00 [info     ]                                [airflow.task.hooks.airflow.providers.standard.hooks.subprocess.SubprocessHook] dag_id=Proyecto_FIFA_ETL loc=subprocess.py:99 map_index=-1 run_id=scheduled__2026-07-26T00:00:00+00:00 task_id=ejecutar_etl ti_id=019fa004-29f3-7b5c-8291-6dbe333613b0 try_number=1
scheduler  | 2026-07-26 20:01:33.819255+00:00 [info     ]                                [airflow.task.hooks.airflow.providers.standard.hooks.subprocess.SubprocessHook] dag_id=Proyecto_FIFA_ETL loc=subprocess.py:99 map_index=-1 run_id=scheduled__2026-07-26T00:00:00+00:00 task_id=ejecutar_etl ti_id=019fa004-29f3-7b5c-8291-6dbe333613b0 try_number=1
scheduler  | 2026-07-26 20:01:33.819353+00:00 [info     ] ============================================================ [airflow.task.hooks.airflow.providers.standard.hooks.subprocess.SubprocessHook] dag_id=Proyecto_FIFA_ETL loc=subprocess.py:99 map_index=-1 run_id=scheduled__2026-07-26T00:00:00+00:00 task_id=ejecutar_etl ti_id=019fa004-29f3-7b5c-8291-6dbe333613b0 try_number=1
scheduler  | 2026-07-26 20:01:33.819449+00:00 [info     ] PROYECTO FIFA - PROCESO ETL    [airflow.task.hooks.airflow.providers.standard.hooks.subprocess.SubprocessHook] dag_id=Proyecto_FIFA_ETL loc=subprocess.py:99 map_index=-1 run_id=scheduled__2026-07-26T00:00:00+00:00 task_id=ejecutar_etl ti_id=019fa004-29f3-7b5c-8291-6dbe333613b0 try_number=1
scheduler  | 2026-07-26 20:01:33.819577+00:00 [info     ] ============================================================ [airflow.task.hooks.airflow.providers.standard.hooks.subprocess.SubprocessHook] dag_id=Proyecto_FIFA_ETL loc=subprocess.py:99 map_index=-1 run_id=scheduled__2026-07-26T00:00:00+00:00 task_id=ejecutar_etl ti_id=019fa004-29f3-7b5c-8291-6dbe333613b0 try_number=1
scheduler  | 2026-07-26 20:01:33.819663+00:00 [info     ]                                [airflow.task.hooks.airflow.providers.standard.hooks.subprocess.SubprocessHook] dag_id=Proyecto_FIFA_ETL loc=subprocess.py:99 map_index=-1 run_id=scheduled__2026-07-26T00:00:00+00:00 task_id=ejecutar_etl ti_id=019fa004-29f3-7b5c-8291-6dbe333613b0 try_number=1
scheduler  | 2026-07-26 20:01:33.819748+00:00 [info     ] [1/3] EXTRACT                  [airflow.task.hooks.airflow.providers.standard.hooks.subprocess.SubprocessHook] dag_id=Proyecto_FIFA_ETL loc=subprocess.py:99 map_index=-1 run_id=scheduled__2026-07-26T00:00:00+00:00 task_id=ejecutar_etl ti_id=019fa004-29f3-7b5c-8291-6dbe333613b0 try_number=1
scheduler  | 2026-07-26 20:01:33.819832+00:00 [info     ]                                [airflow.task.hooks.airflow.providers.standard.hooks.subprocess.SubprocessHook] dag_id=Proyecto_FIFA_ETL loc=subprocess.py:99 map_index=-1 run_id=scheduled__2026-07-26T00:00:00+00:00 task_id=ejecutar_etl ti_id=019fa004-29f3-7b5c-8291-6dbe333613b0 try_number=1
scheduler  | 2026-07-26 20:01:33.819916+00:00 [info     ] ============================================================ [airflow.task.hooks.airflow.providers.standard.hooks.subprocess.SubprocessHook] dag_id=Proyecto_FIFA_ETL loc=subprocess.py:99 map_index=-1 run_id=scheduled__2026-07-26T00:00:00+00:00 task_id=ejecutar_etl ti_id=019fa004-29f3-7b5c-8291-6dbe333613b0 try_number=1
scheduler  | 2026-07-26 20:01:33.820000+00:00 [info     ] [EXTRACT] INICIANDO EXTRACCIÓN [airflow.task.hooks.airflow.providers.standard.hooks.subprocess.SubprocessHook] dag_id=Proyecto_FIFA_ETL loc=subprocess.py:99 map_index=-1 run_id=scheduled__2026-07-26T00:00:00+00:00 task_id=ejecutar_etl ti_id=019fa004-29f3-7b5c-8291-6dbe333613b0 try_number=1
scheduler  | 2026-07-26 20:01:33.821342+00:00 [info     ] ============================================================ [airflow.task.hooks.airflow.providers.standard.hooks.subprocess.SubprocessHook] dag_id=Proyecto_FIFA_ETL loc=subprocess.py:99 map_index=-1 run_id=scheduled__2026-07-26T00:00:00+00:00 task_id=ejecutar_etl ti_id=019fa004-29f3-7b5c-8291-6dbe333613b0 try_number=1
scheduler  | 2026-07-26 20:01:33.821441+00:00 [info     ] [EXTRACT] Archivo encontrado: /home/sebastian2/Proyecto_FIFA_ETL/data/train.csv [airflow.task.hooks.airflow.providers.standard.hooks.subprocess.SubprocessHook] dag_id=Proyecto_FIFA_ETL loc=subprocess.py:99 map_index=-1 run_id=scheduled__2026-07-26T00:00:00+00:00 task_id=ejecutar_etl ti_id=019fa004-29f3-7b5c-8291-6dbe333613b0 try_number=1
scheduler  | 2026-07-26 20:01:33.821571+00:00 [info     ] [EXTRACT] Registros encontrados: 192 [airflow.task.hooks.airflow.providers.standard.hooks.subprocess.SubprocessHook] dag_id=Proyecto_FIFA_ETL loc=subprocess.py:99 map_index=-1 run_id=scheduled__2026-07-26T00:00:00+00:00 task_id=ejecutar_etl ti_id=019fa004-29f3-7b5c-8291-6dbe333613b0 try_number=1
scheduler  | 2026-07-26 20:01:33.821666+00:00 [info     ] [EXTRACT] Eliminando datos anteriores de fifa_dataset... [airflow.task.hooks.airflow.providers.standard.hooks.subprocess.SubprocessHook] dag_id=Proyecto_FIFA_ETL loc=subprocess.py:99 map_index=-1 run_id=scheduled__2026-07-26T00:00:00+00:00 task_id=ejecutar_etl ti_id=019fa004-29f3-7b5c-8291-6dbe333613b0 try_number=1
scheduler  | 2026-07-26 20:01:33.821757+00:00 [info     ] [EXTRACT] Cargando nuevos datos... [airflow.task.hooks.airflow.providers.standard.hooks.subprocess.SubprocessHook] dag_id=Proyecto_FIFA_ETL loc=subprocess.py:99 map_index=-1 run_id=scheduled__2026-07-26T00:00:00+00:00 task_id=ejecutar_etl ti_id=019fa004-29f3-7b5c-8291-6dbe333613b0 try_number=1
scheduler  | 2026-07-26 20:01:33.823968+00:00 [info     ] [EXTRACT] Dataset cargado correctamente. [airflow.task.hooks.airflow.providers.standard.hooks.subprocess.SubprocessHook] dag_id=Proyecto_FIFA_ETL loc=subprocess.py:99 map_index=-1 run_id=scheduled__2026-07-26T00:00:00+00:00 task_id=ejecutar_etl ti_id=019fa004-29f3-7b5c-8291-6dbe333613b0 try_number=1
scheduler  | 2026-07-26 20:01:33.824153+00:00 [info     ] [EXTRACT] Registros cargados: 192 [airflow.task.hooks.airflow.providers.standard.hooks.subprocess.SubprocessHook] dag_id=Proyecto_FIFA_ETL loc=subprocess.py:99 map_index=-1 run_id=scheduled__2026-07-26T00:00:00+00:00 task_id=ejecutar_etl ti_id=019fa004-29f3-7b5c-8291-6dbe333613b0 try_number=1
scheduler  | 2026-07-26 20:01:33.824301+00:00 [info     ]                                [airflow.task.hooks.airflow.providers.standard.hooks.subprocess.SubprocessHook] dag_id=Proyecto_FIFA_ETL loc=subprocess.py:99 map_index=-1 run_id=scheduled__2026-07-26T00:00:00+00:00 task_id=ejecutar_etl ti_id=019fa004-29f3-7b5c-8291-6dbe333613b0 try_number=1
scheduler  | 2026-07-26 20:01:33.824490+00:00 [info     ] [2/3] TRANSFORM                [airflow.task.hooks.airflow.providers.standard.hooks.subprocess.SubprocessHook] dag_id=Proyecto_FIFA_ETL loc=subprocess.py:99 map_index=-1 run_id=scheduled__2026-07-26T00:00:00+00:00 task_id=ejecutar_etl ti_id=019fa004-29f3-7b5c-8291-6dbe333613b0 try_number=1
scheduler  | 2026-07-26 20:01:33.824648+00:00 [info     ] [TRANSFORM] Calculando KPI 1... [airflow.task.hooks.airflow.providers.standard.hooks.subprocess.SubprocessHook] dag_id=Proyecto_FIFA_ETL loc=subprocess.py:99 map_index=-1 run_id=scheduled__2026-07-26T00:00:00+00:00 task_id=ejecutar_etl ti_id=019fa004-29f3-7b5c-8291-6dbe333613b0 try_number=1
scheduler  | 2026-07-26 20:01:33.824837+00:00 [info     ] [TRANSFORM] Calculando KPI 2... [airflow.task.hooks.airflow.providers.standard.hooks.subprocess.SubprocessHook] dag_id=Proyecto_FIFA_ETL loc=subprocess.py:99 map_index=-1 run_id=scheduled__2026-07-26T00:00:00+00:00 task_id=ejecutar_etl ti_id=019fa004-29f3-7b5c-8291-6dbe333613b0 try_number=1
scheduler  | 2026-07-26 20:01:33.825068+00:00 [info     ] [TRANSFORM] Calculando KPI 3... [airflow.task.hooks.airflow.providers.standard.hooks.subprocess.SubprocessHook] dag_id=Proyecto_FIFA_ETL loc=subprocess.py:99 map_index=-1 run_id=scheduled__2026-07-26T00:00:00+00:00 task_id=ejecutar_etl ti_id=019fa004-29f3-7b5c-8291-6dbe333613b0 try_number=1
scheduler  | 2026-07-26 20:01:33.825258+00:00 [info     ] [TRANSFORM] Calculando KPI 4... [airflow.task.hooks.airflow.providers.standard.hooks.subprocess.SubprocessHook] dag_id=Proyecto_FIFA_ETL loc=subprocess.py:99 map_index=-1 run_id=scheduled__2026-07-26T00:00:00+00:00 task_id=ejecutar_etl ti_id=019fa004-29f3-7b5c-8291-6dbe333613b0 try_number=1
scheduler  | 2026-07-26 20:01:33.828350+00:00 [info     ]                                [airflow.task.hooks.airflow.providers.standard.hooks.subprocess.SubprocessHook] dag_id=Proyecto_FIFA_ETL loc=subprocess.py:99 map_index=-1 run_id=scheduled__2026-07-26T00:00:00+00:00 task_id=ejecutar_etl ti_id=019fa004-29f3-7b5c-8291-6dbe333613b0 try_number=1
scheduler  | 2026-07-26 20:01:33.828461+00:00 [info     ] [3/3] LOAD                     [airflow.task.hooks.airflow.providers.standard.hooks.subprocess.SubprocessHook] dag_id=Proyecto_FIFA_ETL loc=subprocess.py:99 map_index=-1 run_id=scheduled__2026-07-26T00:00:00+00:00 task_id=ejecutar_etl ti_id=019fa004-29f3-7b5c-8291-6dbe333613b0 try_number=1
scheduler  | 2026-07-26 20:01:33.828550+00:00 [info     ] [LOAD] Actualizando tabla kpi_ranking... [airflow.task.hooks.airflow.providers.standard.hooks.subprocess.SubprocessHook] dag_id=Proyecto_FIFA_ETL loc=subprocess.py:99 map_index=-1 run_id=scheduled__2026-07-26T00:00:00+00:00 task_id=ejecutar_etl ti_id=019fa004-29f3-7b5c-8291-6dbe333613b0 try_number=1
scheduler  | 2026-07-26 20:01:33.830383+00:00 [info     ] [LOAD] kpi_ranking actualizada correctamente. [airflow.task.hooks.airflow.providers.standard.hooks.subprocess.SubprocessHook] dag_id=Proyecto_FIFA_ETL loc=subprocess.py:99 map_index=-1 run_id=scheduled__2026-07-26T00:00:00+00:00 task_id=ejecutar_etl ti_id=019fa004-29f3-7b5c-8291-6dbe333613b0 try_number=1
scheduler  | 2026-07-26 20:01:33.830478+00:00 [info     ] [LOAD] Registros: 62           [airflow.task.hooks.airflow.providers.standard.hooks.subprocess.SubprocessHook] dag_id=Proyecto_FIFA_ETL loc=subprocess.py:99 map_index=-1 run_id=scheduled__2026-07-26T00:00:00+00:00 task_id=ejecutar_etl ti_id=019fa004-29f3-7b5c-8291-6dbe333613b0 try_number=1
scheduler  | 2026-07-26 20:01:33.830567+00:00 [info     ] [LOAD] Actualizando tabla kpi_ofensiva... [airflow.task.hooks.airflow.providers.standard.hooks.subprocess.SubprocessHook] dag_id=Proyecto_FIFA_ETL loc=subprocess.py:99 map_index=-1 run_id=scheduled__2026-07-26T00:00:00+00:00 task_id=ejecutar_etl ti_id=019fa004-29f3-7b5c-8291-6dbe333613b0 try_number=1
scheduler  | 2026-07-26 20:01:33.830654+00:00 [info     ] [LOAD] kpi_ofensiva actualizada correctamente. [airflow.task.hooks.airflow.providers.standard.hooks.subprocess.SubprocessHook] dag_id=Proyecto_FIFA_ETL loc=subprocess.py:99 map_index=-1 run_id=scheduled__2026-07-26T00:00:00+00:00 task_id=ejecutar_etl ti_id=019fa004-29f3-7b5c-8291-6dbe333613b0 try_number=1
scheduler  | 2026-07-26 20:01:33.830737+00:00 [info     ] [LOAD] Registros: 62           [airflow.task.hooks.airflow.providers.standard.hooks.subprocess.SubprocessHook] dag_id=Proyecto_FIFA_ETL loc=subprocess.py:99 map_index=-1 run_id=scheduled__2026-07-26T00:00:00+00:00 task_id=ejecutar_etl ti_id=019fa004-29f3-7b5c-8291-6dbe333613b0 try_number=1
scheduler  | 2026-07-26 20:01:33.830819+00:00 [info     ] [LOAD] Actualizando tabla kpi_evolucion... [airflow.task.hooks.airflow.providers.standard.hooks.subprocess.SubprocessHook] dag_id=Proyecto_FIFA_ETL loc=subprocess.py:99 map_index=-1 run_id=scheduled__2026-07-26T00:00:00+00:00 task_id=ejecutar_etl ti_id=019fa004-29f3-7b5c-8291-6dbe333613b0 try_number=1
scheduler  | 2026-07-26 20:01:33.830902+00:00 [info     ] [LOAD] kpi_evolucion actualizada correctamente. [airflow.task.hooks.airflow.providers.standard.hooks.subprocess.SubprocessHook] dag_id=Proyecto_FIFA_ETL loc=subprocess.py:99 map_index=-1 run_id=scheduled__2026-07-26T00:00:00+00:00 task_id=ejecutar_etl ti_id=019fa004-29f3-7b5c-8291-6dbe333613b0 try_number=1
scheduler  | 2026-07-26 20:01:33.830982+00:00 [info     ] [LOAD] Registros: 6            [airflow.task.hooks.airflow.providers.standard.hooks.subprocess.SubprocessHook] dag_id=Proyecto_FIFA_ETL loc=subprocess.py:99 map_index=-1 run_id=scheduled__2026-07-26T00:00:00+00:00 task_id=ejecutar_etl ti_id=019fa004-29f3-7b5c-8291-6dbe333613b0 try_number=1
scheduler  | 2026-07-26 20:01:33.831473+00:00 [info     ] [LOAD] Actualizando tabla kpi_rendimiento... [airflow.task.hooks.airflow.providers.standard.hooks.subprocess.SubprocessHook] dag_id=Proyecto_FIFA_ETL loc=subprocess.py:99 map_index=-1 run_id=scheduled__2026-07-26T00:00:00+00:00 task_id=ejecutar_etl ti_id=019fa004-29f3-7b5c-8291-6dbe333613b0 try_number=1
scheduler  | 2026-07-26 20:01:33.831573+00:00 [info     ] [LOAD] kpi_rendimiento actualizada correctamente. [airflow.task.hooks.airflow.providers.standard.hooks.subprocess.SubprocessHook] dag_id=Proyecto_FIFA_ETL loc=subprocess.py:99 map_index=-1 run_id=scheduled__2026-07-26T00:00:00+00:00 task_id=ejecutar_etl ti_id=019fa004-29f3-7b5c-8291-6dbe333613b0 try_number=1
scheduler  | 2026-07-26 20:01:33.831662+00:00 [info     ] [LOAD] Registros: 62           [airflow.task.hooks.airflow.providers.standard.hooks.subprocess.SubprocessHook] dag_id=Proyecto_FIFA_ETL loc=subprocess.py:99 map_index=-1 run_id=scheduled__2026-07-26T00:00:00+00:00 task_id=ejecutar_etl ti_id=019fa004-29f3-7b5c-8291-6dbe333613b0 try_number=1
scheduler  | 2026-07-26 20:01:33.831750+00:00 [info     ]                                [airflow.task.hooks.airflow.providers.standard.hooks.subprocess.SubprocessHook] dag_id=Proyecto_FIFA_ETL loc=subprocess.py:99 map_index=-1 run_id=scheduled__2026-07-26T00:00:00+00:00 task_id=ejecutar_etl ti_id=019fa004-29f3-7b5c-8291-6dbe333613b0 try_number=1
scheduler  | 2026-07-26 20:01:33.831842+00:00 [info     ]                                [airflow.task.hooks.airflow.providers.standard.hooks.subprocess.SubprocessHook] dag_id=Proyecto_FIFA_ETL loc=subprocess.py:99 map_index=-1 run_id=scheduled__2026-07-26T00:00:00+00:00 task_id=ejecutar_etl ti_id=019fa004-29f3-7b5c-8291-6dbe333613b0 try_number=1
scheduler  | 2026-07-26 20:01:33.831927+00:00 [info     ] ============================================================ [airflow.task.hooks.airflow.providers.standard.hooks.subprocess.SubprocessHook] dag_id=Proyecto_FIFA_ETL loc=subprocess.py:99 map_index=-1 run_id=scheduled__2026-07-26T00:00:00+00:00 task_id=ejecutar_etl ti_id=019fa004-29f3-7b5c-8291-6dbe333613b0 try_number=1
scheduler  | 2026-07-26 20:01:33.832013+00:00 [info     ] ETL FINALIZADO CORRECTAMENTE   [airflow.task.hooks.airflow.providers.standard.hooks.subprocess.SubprocessHook] dag_id=Proyecto_FIFA_ETL loc=subprocess.py:99 map_index=-1 run_id=scheduled__2026-07-26T00:00:00+00:00 task_id=ejecutar_etl ti_id=019fa004-29f3-7b5c-8291-6dbe333613b0 try_number=1
scheduler  | 2026-07-26 20:01:33.832099+00:00 [info     ] ============================================================ [airflow.task.hooks.airflow.providers.standard.hooks.subprocess.SubprocessHook] dag_id=Proyecto_FIFA_ETL loc=subprocess.py:99 map_index=-1 run_id=scheduled__2026-07-26T00:00:00+00:00 task_id=ejecutar_etl ti_id=019fa004-29f3-7b5c-8291-6dbe333613b0 try_number=1
scheduler  | 2026-07-26 20:01:33.832245+00:00 [info     ]                                [airflow.task.hooks.airflow.providers.standard.hooks.subprocess.SubprocessHook] dag_id=Proyecto_FIFA_ETL loc=subprocess.py:99 map_index=-1 run_id=scheduled__2026-07-26T00:00:00+00:00 task_id=ejecutar_etl ti_id=019fa004-29f3-7b5c-8291-6dbe333613b0 try_number=1
scheduler  | 2026-07-26 20:01:33.832348+00:00 [info     ] Resultado final: SUCCESS       [airflow.task.hooks.airflow.providers.standard.hooks.subprocess.SubprocessHook] dag_id=Proyecto_FIFA_ETL loc=subprocess.py:99 map_index=-1 run_id=scheduled__2026-07-26T00:00:00+00:00 task_id=ejecutar_etl ti_id=019fa004-29f3-7b5c-8291-6dbe333613b0 try_number=1
scheduler  | 2026-07-26 20:01:33.963666+00:00 [info     ] Command exited with return code 0 [airflow.task.hooks.airflow.providers.standard.hooks.subprocess.SubprocessHook] dag_id=Proyecto_FIFA_ETL loc=subprocess.py:103 map_index=-1 run_id=scheduled__2026-07-26T00:00:00+00:00 task_id=ejecutar_etl ti_id=019fa004-29f3-7b5c-8291-6dbe333613b0 try_number=1
scheduler  | 2026-07-26 20:01:33.964033+00:00 [info     ] ::group::Post Execute          [task] dag_id=Proyecto_FIFA_ETL loc=task_runner.py:1577 map_index=-1 run_id=scheduled__2026-07-26T00:00:00+00:00 task_id=ejecutar_etl ti_id=019fa004-29f3-7b5c-8291-6dbe333613b0 try_number=1
scheduler  | 2026-07-26 20:01:33.964198+00:00 [info     ] Pushing xcom                   [task] dag_id=Proyecto_FIFA_ETL loc=task_runner.py:2171 map_index=-1 run_id=scheduled__2026-07-26T00:00:00+00:00 task_id=ejecutar_etl ti="RuntimeTaskInstance(id=UUID('019fa004-29f3-7b5c-8291-6dbe333613b0'), task_id='ejecutar_etl', dag_id='Proyecto_FIFA_ETL', run_id='scheduled__2026-07-26T00:00:00+00:00', try_number=1, dag_version_id=UUID('019f9766-e978-72cf-a524-6f279642acc5'), map_index=-1, hostname='server-2-parametros', context_carrier={'traceparent': '00-e2561ec33fd8634e5c53625b2a049482-aaa32439ff878dec-00'}, queue='default', task=<Task(BashOperator): ejecutar_etl>, bundle_instance=LocalDagBundle(name=dags-folder), max_tries=0, start_date=datetime.datetime(2026, 7, 26, 20, 1, 1, 796643, tzinfo=datetime.timezone.utc), end_date=None, state=<TaskInstanceState.RUNNING: 'running'>, is_mapped=False, rendered_map_index=None, sentry_integration='')" ti_id=019fa004-29f3-7b5c-8291-6dbe333613b0 try_number=1
api-server | 2026-07-26T20:01:34.351082Z [info     ] request finished               [http.access] client_addr=127.0.0.1:34014 duration_us=384077 loc=http_access_log.py:130 method=POST path=/execution/xcoms/Proyecto_FIFA_ETL/scheduled__2026-07-26T00:00:00+00:00/ejecutar_etl/return_value query= status_code=201
api-server | 2026-07-26T20:01:34.405977Z [info     ] Task instance state updated    [airflow.api_fastapi.execution_api.routes.task_instances] correlation_id=019fa004-c28f-77b2-816c-c64dc3b5fa58 loc=task_instances.py:484 new_state=success rows_affected=1 ti_id=019fa004-29f3-7b5c-8291-6dbe333613b0
api-server | 2026-07-26T20:01:34.414549Z [info     ] request finished               [http.access] client_addr=127.0.0.1:34014 duration_us=62457 loc=http_access_log.py:130 method=PATCH path=/execution/task-instances/019fa004-29f3-7b5c-8291-6dbe333613b0/state query= status_code=204
scheduler  | 2026-07-26 20:01:34.414428+00:00 [info     ] ::endgroup::                   [task] dag_id=Proyecto_FIFA_ETL loc=task_runner.py:2270 map_index=-1 run_id=scheduled__2026-07-26T00:00:00+00:00 task_id=ejecutar_etl ti_id=019fa004-29f3-7b5c-8291-6dbe333613b0 try_number=1
scheduler  | 2026-07-26T20:01:34.418614Z [info     ] Workload finished              [supervisor] duration=38.798062294999966 exit_code=0 final_state=success loc=supervisor.py:2534 workload_id=019fa004-29f3-7b5c-8291-6dbe333613b0 workload_type=ExecuteTask
scheduler  | 2026-07-26T20:01:34.853868Z [info     ] Marking run <DagRun Proyecto_FIFA_ETL @ 2026-07-26 00:00:00+00:00: scheduled__2026-07-26T00:00:00+00:00, state:running, queued_at: 2026-07-26 20:00:55.254579+00:00. run_type: scheduled> successful [airflow.models.dagrun.DagRun] loc=dagrun.py:1249
scheduler  | 2026-07-26T20:01:34.854072Z [info     ] DagRun Finished: dag_id=Proyecto_FIFA_ETL, logical_date=2026-07-26 00:00:00+00:00, run_id=scheduled__2026-07-26T00:00:00+00:00, run_start_date=2026-07-26 20:00:55.308242+00:00, run_end_date=2026-07-26 20:01:34.853983+00:00, run_duration=39.545741, state=success, run_type=scheduled, data_interval_start=2026-07-26 00:00:00+00:00, data_interval_end=2026-07-26 00:00:00+00:00, [airflow.models.dagrun.DagRun] loc=dagrun.py:1315
scheduler  | 2026-07-26T20:01:34.875446Z [info     ] Received executor event with state success for task instance TaskInstanceKey(dag_id='Proyecto_FIFA_ETL', task_id='ejecutar_etl', run_id='scheduled__2026-07-26T00:00:00+00:00', try_number=1, map_index=-1) [airflow.jobs.scheduler_job_runner.SchedulerJobRunner] loc=scheduler_job_runner.py:1311
scheduler  | 2026-07-26T20:01:34.896854Z [info     ] TaskInstance Finished: dag_id=Proyecto_FIFA_ETL, task_id=ejecutar_etl, run_id=scheduled__2026-07-26T00:00:00+00:00, map_index=-1, ti_id=019fa004-29f3-7b5c-8291-6dbe333613b0, run_start_date=2026-07-26 20:00:55.693524+00:00, run_end_date=2026-07-26 20:01:34.350366+00:00, run_duration=17.656, state=success, executor=LocalExecutor(parallelism=32), executor_state=success, try_number=1, max_tries=0, pool=default_pool, queue=default, priority_weight=1, operator=BashOperator, queued_dttm=2026-07-26 20:00:55.356795+00:00, scheduled_dttm=2026-07-26 20:00:55.333875+00:00,queued_by_job_id=7, pid=1262 [airflow.jobs.scheduler_job_runner.SchedulerJobRunner] loc=scheduler_job_runner.py:1403
api-server | 2026-07-26T20:01:36.406176Z [info     ] request finished               [http.access] client_addr=192.168.56.1:55969 duration_us=20617 loc=http_access_log.py:130 method=GET path=/ui/dags query='dag_runs_limit=14&limit=50&offset=0&tags_match_mode=any&exclude_stale=true&order_by=dag_display_name' status_code=200
dag-processor | 2026-07-26T20:01:38.525730Z [info     ] Not time to refresh bundle dags-folder [airflow.dag_processing.manager.DagFileProcessorManager] loc=manager.py:843
dag-processor | 2026-07-26T20:01:43.544579Z [info     ] Not time to refresh bundle dags-folder [airflow.dag_processing.manager.DagFileProcessorManager] loc=manager.py:843
dag-processor | 2026-07-26T20:01:48.568777Z [info     ] Not time to refresh bundle dags-folder [airflow.dag_processing.manager.DagFileProcessorManager] loc=manager.py:843
dag-processor | 2026-07-26T20:01:49.844908Z [info     ]
dag-processor | ================================================================================
dag-processor | DAG File Processing Stats
dag-processor | Bundle       File Path             PID    Current Duration      # DAGs    # Errors  Last Duration    Last Run At
dag-processor | -----------  --------------------  -----  ------------------  --------  ----------  ---------------  -------------------
dag-processor | dags-folder  fifa_etl_dag.py                                         1           0  6.81s            2026-07-26T20:01:27
dag-processor | dags-folder  fifa_sync_raw_dag.py                                    1           0  6.24s            2026-07-26T20:01:27
dag-processor | ================================================================================ [airflow.dag_processing.manager.DagFileProcessorManager] loc=manager.py:1123
dag-processor | 2026-07-26T20:01:53.633835Z [info     ] Not time to refresh bundle dags-folder [airflow.dag_processing.manager.DagFileProcessorManager] loc=manager.py:843
dag-processor | 2026-07-26T20:01:57.774111Z [info     ] Bulk-writing dags to db        [airflow.serialization.definitions.dag] count=1 loc=dag.py:210
dag-processor | 2026-07-26T20:01:57.778760Z [info     ] Getting latest run for non-partitioned Dag [airflow.dag_processing.collection] dag_id=Proyecto_FIFA_ETL loc=collection.py:200
dag-processor | 2026-07-26T20:01:57.780289Z [info     ] got latest run                 [airflow.dag_processing.collection] dag_id=Proyecto_FIFA_ETL loc=collection.py:203 logical_date='2026-07-26 00:00:00+00:00' partition_key=None
dag-processor | 2026-07-26T20:01:57.787371Z [info     ] get next_dagrun_info_v2        [airflow.serialization.definitions.dag] last_automated_run_info=DagRunInfo(run_after=DateTime(2026, 7, 26, 0, 0, 0, tzinfo=Timezone('UTC')), data_interval=DataInterval(start=DateTime(2026, 7, 26, 0, 0, 0, tzinfo=Timezone('UTC')), end=DateTime(2026, 7, 26, 0, 0, 0, tzinfo=Timezone('UTC'))), partition_date=None, partition_key=None) loc=dag.py:445 next_info=DagRunInfo(run_after=DateTime(2026, 7, 27, 0, 0, 0, tzinfo=Timezone('UTC')), data_interval=DataInterval(start=DateTime(2026, 7, 27, 0, 0, 0, tzinfo=Timezone('UTC')), end=DateTime(2026, 7, 27, 0, 0, 0, tzinfo=Timezone('UTC'))), partition_date=None, partition_key=None)
dag-processor | 2026-07-26T20:01:57.787585Z [info     ] setting next dagrun info       [airflow.models.dag] loc=dag.py:848 next_dagrun='2026-07-27 00:00:00+00:00' next_dagrun_create_after='2026-07-27 00:00:00+00:00' next_dagrun_data_interval_end='2026-07-27 00:00:00+00:00' next_dagrun_data_interval_start='2026-07-27 00:00:00+00:00' next_dagrun_partition_date=None next_dagrun_partition_key=None
dag-processor | 2026-07-26T20:01:58.778083Z [info     ] Not time to refresh bundle dags-folder [airflow.dag_processing.manager.DagFileProcessorManager] loc=manager.py:843
dag-processor | 2026-07-26T20:01:58.843584Z [info     ] Bulk-writing dags to db        [airflow.serialization.definitions.dag] count=1 loc=dag.py:210
dag-processor | 2026-07-26T20:01:58.847657Z [info     ] Getting latest run for non-partitioned Dag [airflow.dag_processing.collection] dag_id=Proyecto_FIFA_Sync_Raw_CSV loc=collection.py:200
dag-processor | 2026-07-26T20:01:58.849244Z [info     ] got latest run                 [airflow.dag_processing.collection] dag_id=Proyecto_FIFA_Sync_Raw_CSV loc=collection.py:203 logical_date='2026-07-26 20:00:00+00:00' partition_key=None
dag-processor | 2026-07-26T20:01:58.856447Z [info     ] get next_dagrun_info_v2        [airflow.serialization.definitions.dag] last_automated_run_info=DagRunInfo(run_after=DateTime(2026, 7, 26, 20, 0, 0, tzinfo=Timezone('UTC')), data_interval=DataInterval(start=DateTime(2026, 7, 26, 20, 0, 0, tzinfo=Timezone('UTC')), end=DateTime(2026, 7, 26, 20, 0, 0, tzinfo=Timezone('UTC'))), partition_date=None, partition_key=None) loc=dag.py:445 next_info=DagRunInfo(run_after=DateTime(2026, 7, 26, 21, 0, 0, tzinfo=Timezone('UTC')), data_interval=DataInterval(start=DateTime(2026, 7, 26, 21, 0, 0, tzinfo=Timezone('UTC')), end=DateTime(2026, 7, 26, 21, 0, 0, tzinfo=Timezone('UTC'))), partition_date=None, partition_key=None)
dag-processor | 2026-07-26T20:01:58.856664Z [info     ] setting next dagrun info       [airflow.models.dag] loc=dag.py:848 next_dagrun='2026-07-26 21:00:00+00:00' next_dagrun_create_after='2026-07-26 21:00:00+00:00' next_dagrun_data_interval_end='2026-07-26 21:00:00+00:00' next_dagrun_data_interval_start='2026-07-26 21:00:00+00:00' next_dagrun_partition_date=None next_dagrun_partition_key=None
dag-processor | 2026-07-26T20:02:03.867970Z [info     ] Not time to refresh bundle dags-folder [airflow.dag_processing.manager.DagFileProcessorManager] loc=manager.py:843
dag-processor | 2026-07-26T20:02:10.035593Z [info     ] Not time to refresh bundle dags-folder [airflow.dag_processing.manager.DagFileProcessorManager] loc=manager.py:843
dag-processor | 2026-07-26T20:02:15.067070Z [info     ] Not time to refresh bundle dags-folder [airflow.dag_processing.manager.DagFileProcessorManager] loc=manager.py:843
triggerer  | 2026-07-26T20:02:18.051040Z [info     ] 0 triggers currently running   [airflow.jobs.triggerer_job_runner] loc=triggerer_job_runner.py:1036
triggerer  | 2026-07-26T20:02:18.051155Z [info     ] 0 watchers currently running   [airflow.jobs.triggerer_job_runner] loc=triggerer_job_runner.py:1036
dag-processor | 2026-07-26T20:02:20.272656Z [info     ]
dag-processor | ================================================================================
dag-processor | DAG File Processing Stats
dag-processor | Bundle       File Path             PID    Current Duration      # DAGs    # Errors  Last Duration    Last Run At
dag-processor | -----------  --------------------  -----  ------------------  --------  ----------  ---------------  -------------------
dag-processor | dags-folder  fifa_etl_dag.py                                         1           0  0.09s            2026-07-26T20:01:57
dag-processor | dags-folder  fifa_sync_raw_dag.py                                    1           0  0.06s            2026-07-26T20:01:58
dag-processor | ================================================================================ [airflow.dag_processing.manager.DagFileProcessorManager] loc=manager.py:1123
dag-processor | 2026-07-26T20:02:20.274274Z [info     ] Not time to refresh bundle dags-folder [airflow.dag_processing.manager.DagFileProcessorManager] loc=manager.py:843
dag-processor | 2026-07-26T20:02:25.297698Z [info     ] Not time to refresh bundle dags-folder [airflow.dag_processing.manager.DagFileProcessorManager] loc=manager.py:843
api-server | 2026-07-26T20:02:27.187521Z [info     ] request finished               [http.access] client_addr=192.168.56.1:60697 duration_us=55899 loc=http_access_log.py:130 method=GET path=/api/v2/plugins/importErrors query= status_code=200
api-server | 2026-07-26T20:02:27.280084Z [info     ] request finished               [http.access] client_addr=192.168.56.1:50627 duration_us=147595 loc=http_access_log.py:130 method=GET path=/ui/dashboard/dag_stats query= status_code=200
api-server | 2026-07-26T20:02:27.404503Z [info     ] request finished               [http.access] client_addr=192.168.56.1:60697 duration_us=214392 loc=http_access_log.py:130 method=GET path=/ui/dags/~/dagRuns/~/deadlines query='limit=5&order_by=deadline_time&missed=false&deadline_time_gt=2026-07-26T20%3A02%3A00.000Z' status_code=200
api-server | 2026-07-26T20:02:27.529068Z [info     ] request finished               [http.access] client_addr=192.168.56.1:50627 duration_us=247520 loc=http_access_log.py:130 method=GET path=/ui/dashboard/historical_metrics_data query='start_date=2026-07-25T20%3A02%3A26.949Z' status_code=200
api-server | 2026-07-26T20:02:27.530154Z [info     ] request finished               [http.access] client_addr=192.168.56.1:54426 duration_us=399984 loc=http_access_log.py:130 method=GET path=/api/v2/dags/~/dagRuns/~/hitlDetails query='order_by=dag_id&order_by=run_after&order_by=created_at&order_by=task_display_name&state=deferred&state=awaiting_input&response_received=false' status_code=200
api-server | 2026-07-26T20:02:27.641179Z [info     ] request finished               [http.access] client_addr=192.168.56.1:60697 duration_us=224017 loc=http_access_log.py:130 method=GET path=/api/v2/assets/events query='limit=6&order_by=-timestamp&timestamp_gte=2026-07-25T20%3A02%3A26.949Z&timestamp_lte=2026-07-26T20%3A02%3A26.949Z' status_code=200
api-server | 2026-07-26T20:02:27.662374Z [info     ] request finished               [http.access] client_addr=192.168.56.1:50627 duration_us=131631 loc=http_access_log.py:130 method=GET path=/api/v2/pools query= status_code=200
api-server | 2026-07-26T20:02:27.887200Z [info     ] request finished               [http.access] client_addr=192.168.56.1:63017 duration_us=625644 loc=http_access_log.py:130 method=GET path=/ui/dags/~/dagRuns/~/deadlines query='limit=5&order_by=-deadline_time&missed=true&deadline_time_gte=2026-07-25T20%3A02%3A26.949Z&deadline_time_lt=2026-07-26T20%3A02%3A26.949Z' status_code=200
api-server | 2026-07-26T20:02:27.899731Z [info     ] request finished               [http.access] client_addr=192.168.56.1:55969 duration_us=863087 loc=http_access_log.py:130 method=GET path=/api/v2/dags/~/dagRuns query='limit=1&state=running&state=queued' status_code=200
api-server | 2026-07-26T20:02:27.902908Z [info     ] request finished               [http.access] client_addr=192.168.56.1:52494 duration_us=769396 loc=http_access_log.py:130 method=GET path=/ui/dags query='limit=10&is_favorite=true' status_code=200
dag-processor | 2026-07-26T20:02:28.610486Z [info     ] Bulk-writing dags to db        [airflow.serialization.definitions.dag] count=1 loc=dag.py:210
dag-processor | 2026-07-26T20:02:28.616966Z [info     ] Getting latest run for non-partitioned Dag [airflow.dag_processing.collection] dag_id=Proyecto_FIFA_ETL loc=collection.py:200
dag-processor | 2026-07-26T20:02:28.618754Z [info     ] got latest run                 [airflow.dag_processing.collection] dag_id=Proyecto_FIFA_ETL loc=collection.py:203 logical_date='2026-07-26 00:00:00+00:00' partition_key=None
dag-processor | 2026-07-26T20:02:28.629493Z [info     ] get next_dagrun_info_v2        [airflow.serialization.definitions.dag] last_automated_run_info=DagRunInfo(run_after=DateTime(2026, 7, 26, 0, 0, 0, tzinfo=Timezone('UTC')), data_interval=DataInterval(start=DateTime(2026, 7, 26, 0, 0, 0, tzinfo=Timezone('UTC')), end=DateTime(2026, 7, 26, 0, 0, 0, tzinfo=Timezone('UTC'))), partition_date=None, partition_key=None) loc=dag.py:445 next_info=DagRunInfo(run_after=DateTime(2026, 7, 27, 0, 0, 0, tzinfo=Timezone('UTC')), data_interval=DataInterval(start=DateTime(2026, 7, 27, 0, 0, 0, tzinfo=Timezone('UTC')), end=DateTime(2026, 7, 27, 0, 0, 0, tzinfo=Timezone('UTC'))), partition_date=None, partition_key=None)
dag-processor | 2026-07-26T20:02:28.629869Z [info     ] setting next dagrun info       [airflow.models.dag] loc=dag.py:848 next_dagrun='2026-07-27 00:00:00+00:00' next_dagrun_create_after='2026-07-27 00:00:00+00:00' next_dagrun_data_interval_end='2026-07-27 00:00:00+00:00' next_dagrun_data_interval_start='2026-07-27 00:00:00+00:00' next_dagrun_partition_date=None next_dagrun_partition_key=None
dag-processor | 2026-07-26T20:02:29.680209Z [info     ] Bulk-writing dags to db        [airflow.serialization.definitions.dag] count=1 loc=dag.py:210
dag-processor | 2026-07-26T20:02:29.683715Z [info     ] Getting latest run for non-partitioned Dag [airflow.dag_processing.collection] dag_id=Proyecto_FIFA_Sync_Raw_CSV loc=collection.py:200
dag-processor | 2026-07-26T20:02:29.685278Z [info     ] got latest run                 [airflow.dag_processing.collection] dag_id=Proyecto_FIFA_Sync_Raw_CSV loc=collection.py:203 logical_date='2026-07-26 20:00:00+00:00' partition_key=None
dag-processor | 2026-07-26T20:02:29.696641Z [info     ] get next_dagrun_info_v2        [airflow.serialization.definitions.dag] last_automated_run_info=DagRunInfo(run_after=DateTime(2026, 7, 26, 20, 0, 0, tzinfo=Timezone('UTC')), data_interval=DataInterval(start=DateTime(2026, 7, 26, 20, 0, 0, tzinfo=Timezone('UTC')), end=DateTime(2026, 7, 26, 20, 0, 0, tzinfo=Timezone('UTC'))), partition_date=None, partition_key=None) loc=dag.py:445 next_info=DagRunInfo(run_after=DateTime(2026, 7, 26, 21, 0, 0, tzinfo=Timezone('UTC')), data_interval=DataInterval(start=DateTime(2026, 7, 26, 21, 0, 0, tzinfo=Timezone('UTC')), end=DateTime(2026, 7, 26, 21, 0, 0, tzinfo=Timezone('UTC'))), partition_date=None, partition_key=None)
dag-processor | 2026-07-26T20:02:29.697064Z [info     ] setting next dagrun info       [airflow.models.dag] loc=dag.py:848 next_dagrun='2026-07-26 21:00:00+00:00' next_dagrun_create_after='2026-07-26 21:00:00+00:00' next_dagrun_data_interval_end='2026-07-26 21:00:00+00:00' next_dagrun_data_interval_start='2026-07-26 21:00:00+00:00' next_dagrun_partition_date=None next_dagrun_partition_key=None
dag-processor | 2026-07-26T20:02:30.686941Z [info     ] Not time to refresh bundle dags-folder [airflow.dag_processing.manager.DagFileProcessorManager] loc=manager.py:843
api-server | 2026-07-26T20:02:32.870412Z [info     ] request finished               [http.access] client_addr=192.168.56.1:55969 duration_us=174308 loc=http_access_log.py:130 method=GET path=/ui/backfills query='dag_id=Proyecto_FIFA_ETL&active=true' status_code=200
api-server | 2026-07-26T20:02:33.022460Z [info     ] request finished               [http.access] client_addr=192.168.56.1:63017 duration_us=324369 loc=http_access_log.py:130 method=GET path=/ui/grid/runs/Proyecto_FIFA_ETL query='offset=0&limit=11&order_by=-run_after' status_code=200
api-server | 2026-07-26T20:02:33.093890Z [info     ] request finished               [http.access] client_addr=192.168.56.1:50627 duration_us=393375 loc=http_access_log.py:130 method=GET path=/ui/grid/runs/Proyecto_FIFA_ETL query='limit=1&order_by=-run_after' status_code=200
api-server | 2026-07-26T20:02:33.195312Z [info     ] request finished               [http.access] client_addr=192.168.56.1:54426 duration_us=491241 loc=http_access_log.py:130 method=GET path=/ui/grid/structure/Proyecto_FIFA_ETL query='include_upstream=false&include_downstream=false&limit=10&order_by=-run_after' status_code=200
api-server | 2026-07-26T20:02:33.205716Z [info     ] request finished               [http.access] client_addr=192.168.56.1:60697 duration_us=503814 loc=http_access_log.py:130 method=GET path=/api/v2/dags/Proyecto_FIFA_ETL query= status_code=200
api-server | 2026-07-26T20:02:33.238709Z [info     ] request finished               [http.access] client_addr=192.168.56.1:52494 duration_us=554437 loc=http_access_log.py:130 method=GET path=/api/v2/dags/Proyecto_FIFA_ETL/details query= status_code=200
api-server | 2026-07-26T20:02:33.251537Z [info     ] request finished               [http.access] client_addr=192.168.56.1:55969 duration_us=379367 loc=http_access_log.py:130 method=GET path=/api/v2/importErrors query='filename=' status_code=200
api-server | 2026-07-26T20:02:33.284630Z [info     ] request finished               [http.access] client_addr=192.168.56.1:63017 duration_us=261672 loc=http_access_log.py:130 method=GET path=/ui/dags/Proyecto_FIFA_ETL/deadlineAlerts query='limit=100' status_code=200
api-server | 2026-07-26T20:02:33.326291Z [info     ] request finished               [http.access] client_addr=192.168.56.1:55969 duration_us=73420 loc=http_access_log.py:130 method=GET path=/ui/grid/runs/Proyecto_FIFA_ETL query='limit=10&order_by=-run_after' status_code=200
api-server | 2026-07-26T20:02:33.326919Z [info     ] request finished               [http.access] client_addr=192.168.56.1:63017 duration_us=40587 loc=http_access_log.py:130 method=GET path=/ui/dags/Proyecto_FIFA_ETL/latest_run query= status_code=200
api-server | 2026-07-26T20:02:33.361128Z [info     ] request finished               [http.access] client_addr=192.168.56.1:52494 duration_us=121108 loc=http_access_log.py:130 method=GET path=/api/v2/assets/events query='limit=10&order_by=-timestamp&source_dag_id=Proyecto_FIFA_ETL&timestamp_gte=2026-07-25T20%3A02%3A32.620Z&timestamp_lte=2026-07-26T20%3A02%3A32.620Z' status_code=200
api-server | 2026-07-26T20:02:33.421174Z [info     ] request finished               [http.access] client_addr=192.168.56.1:55969 duration_us=72498 loc=http_access_log.py:130 method=GET path=/ui/grid/ti_summaries/Proyecto_FIFA_ETL query='run_ids=scheduled__2026-07-26T00%3A00%3A00%2B00%3A00&run_ids=scheduled__2026-07-25T00%3A00%3A00%2B00%3A00' status_code=200
api-server | 2026-07-26T20:02:33.430664Z [info     ] request finished               [http.access] client_addr=192.168.56.1:63017 duration_us=102812 loc=http_access_log.py:130 method=GET path=/api/v2/dagWarnings query='dag_id=Proyecto_FIFA_ETL' status_code=200
api-server | 2026-07-26T20:02:33.433486Z [info     ] request finished               [http.access] client_addr=192.168.56.1:52494 duration_us=70226 loc=http_access_log.py:130 method=GET path=/ui/dags/Proyecto_FIFA_ETL/deadlineAlerts query= status_code=200
api-server | 2026-07-26T20:02:33.434373Z [info     ] request finished               [http.access] client_addr=192.168.56.1:54426 duration_us=205766 loc=http_access_log.py:130 method=GET path=/api/v2/dags/Proyecto_FIFA_ETL/dagRuns query='limit=1&state=running&state=queued' status_code=200
api-server | 2026-07-26T20:02:33.555400Z [info     ] request finished               [http.access] client_addr=192.168.56.1:60697 duration_us=325236 loc=http_access_log.py:130 method=GET path=/api/v2/dags/Proyecto_FIFA_ETL/dagRuns query='limit=10&run_after_gte=2026-07-25T20%3A02%3A32.620Z&run_after_lte=2026-07-26T20%3A02%3A32.620Z&state=failed' status_code=200
api-server | 2026-07-26T20:02:33.557255Z [info     ] request finished               [http.access] client_addr=192.168.56.1:50627 duration_us=502808 loc=http_access_log.py:130 method=GET path=/api/v2/dags/Proyecto_FIFA_ETL/dagRuns/~/taskInstances query='run_after_gte=2026-07-25T20%3A02%3A32.620Z&run_after_lte=2026-07-26T20%3A02%3A32.620Z&state=failed&order_by=-run_after' status_code=200
api-server | 2026-07-26T20:02:33.621556Z [info     ] request finished               [http.access] client_addr=192.168.56.1:63017 duration_us=151570 loc=http_access_log.py:130 method=GET path=/ui/structure/structure_data query='dag_id=Proyecto_FIFA_ETL&external_dependencies=false&version_number=1' status_code=200
api-server | 2026-07-26T20:02:33.629608Z [info     ] request finished               [http.access] client_addr=192.168.56.1:55969 duration_us=226430 loc=http_access_log.py:130 method=GET path=/api/v2/dags/Proyecto_FIFA_ETL/dagRuns/~/hitlDetails query='order_by=dag_id&order_by=run_after&order_by=created_at&order_by=task_display_name&state=deferred&state=awaiting_input&response_received=false' status_code=200
dag-processor | 2026-07-26T20:02:35.711817Z [info     ] Not time to refresh bundle dags-folder [airflow.dag_processing.manager.DagFileProcessorManager] loc=manager.py:843
api-server | 2026-07-26T20:02:35.871099Z [info     ] request finished               [http.access] client_addr=192.168.56.1:55969 duration_us=52815 loc=http_access_log.py:130 method=GET path=/api/v2/dags/Proyecto_FIFA_ETL/dagRuns query='cursor=&limit=50&order_by=-run_after' status_code=200
api-server | 2026-07-26T20:02:36.334946Z [info     ] request finished               [http.access] client_addr=192.168.56.1:55969 duration_us=4023 loc=http_access_log.py:130 method=GET path=/ui/dags/Proyecto_FIFA_ETL/latest_run query= status_code=200
api-server | 2026-07-26T20:02:39.348495Z [info     ] request finished               [http.access] client_addr=192.168.56.1:55969 duration_us=8577 loc=http_access_log.py:130 method=GET path=/ui/dags/Proyecto_FIFA_ETL/latest_run query= status_code=200
dag-processor | 2026-07-26T20:02:40.737434Z [info     ] Not time to refresh bundle dags-folder [airflow.dag_processing.manager.DagFileProcessorManager] loc=manager.py:843
api-server | 2026-07-26T20:02:42.357507Z [info     ] request finished               [http.access] client_addr=192.168.56.1:55969 duration_us=4149 loc=http_access_log.py:130 method=GET path=/ui/dags/Proyecto_FIFA_ETL/latest_run query= status_code=200
api-server | 2026-07-26T20:02:45.366274Z [info     ] request finished               [http.access] client_addr=192.168.56.1:55969 duration_us=4531 loc=http_access_log.py:130 method=GET path=/ui/dags/Proyecto_FIFA_ETL/latest_run query= status_code=200
dag-processor | 2026-07-26T20:02:45.760730Z [info     ] Not time to refresh bundle dags-folder [airflow.dag_processing.manager.DagFileProcessorManager] loc=manager.py:843
api-server | 2026-07-26T20:02:48.377317Z [info     ] request finished               [http.access] client_addr=192.168.56.1:55969 duration_us=5442 loc=http_access_log.py:130 method=GET path=/ui/dags/Proyecto_FIFA_ETL/latest_run query= status_code=200
api-server | 2026-07-26T20:02:50.412184Z [info     ] request finished               [http.access] client_addr=192.168.56.1:50627 duration_us=44785 loc=http_access_log.py:130 method=GET path=/api/v2/assets/events query='limit=10&order_by=-timestamp&source_dag_id=Proyecto_FIFA_ETL&timestamp_gte=2026-07-25T20%3A02%3A50.304Z&timestamp_lte=2026-07-26T20%3A02%3A50.304Z' status_code=200
api-server | 2026-07-26T20:02:50.446778Z [info     ] request finished               [http.access] client_addr=192.168.56.1:63017 duration_us=97095 loc=http_access_log.py:130 method=GET path=/api/v2/dags/Proyecto_FIFA_ETL/dagRuns query='limit=10&run_after_gte=2026-07-25T20%3A02%3A50.304Z&run_after_lte=2026-07-26T20%3A02%3A50.304Z&state=failed' status_code=200
api-server | 2026-07-26T20:02:50.453924Z [info     ] request finished               [http.access] client_addr=192.168.56.1:55969 duration_us=105647 loc=http_access_log.py:130 method=GET path=/api/v2/dags/Proyecto_FIFA_ETL/dagRuns/~/taskInstances query='run_after_gte=2026-07-25T20%3A02%3A50.304Z&run_after_lte=2026-07-26T20%3A02%3A50.304Z&state=failed&order_by=-run_after' status_code=200
dag-processor | 2026-07-26T20:02:50.785633Z [info     ]
dag-processor | ================================================================================
dag-processor | DAG File Processing Stats
dag-processor | Bundle       File Path             PID    Current Duration      # DAGs    # Errors  Last Duration    Last Run At
dag-processor | -----------  --------------------  -----  ------------------  --------  ----------  ---------------  -------------------
dag-processor | dags-folder  fifa_etl_dag.py                                         1           0  0.07s            2026-07-26T20:02:28
dag-processor | dags-folder  fifa_sync_raw_dag.py                                    1           0  0.06s            2026-07-26T20:02:29
dag-processor | ================================================================================ [airflow.dag_processing.manager.DagFileProcessorManager] loc=manager.py:1123
dag-processor | 2026-07-26T20:02:50.787600Z [info     ] Not time to refresh bundle dags-folder [airflow.dag_processing.manager.DagFileProcessorManager] loc=manager.py:843
api-server | 2026-07-26T20:02:51.387018Z [info     ] request finished               [http.access] client_addr=192.168.56.1:55969 duration_us=5751 loc=http_access_log.py:130 method=GET path=/ui/dags/Proyecto_FIFA_ETL/latest_run query= status_code=200
api-server | 2026-07-26T20:02:52.403609Z [info     ] request finished               [http.access] client_addr=192.168.56.1:50627 duration_us=25987 loc=http_access_log.py:130 method=GET path=/api/v2/dags/Proyecto_FIFA_ETL/tasks query= status_code=200
api-server | 2026-07-26T20:02:52.558024Z [info     ] request finished               [http.access] client_addr=192.168.56.1:63017 duration_us=181294 loc=http_access_log.py:130 method=GET path=/static/i18n/locales/en/tasks.json query='v=3.3.0' status_code=304
api-server | 2026-07-26T20:02:52.558582Z [info     ] request finished               [http.access] client_addr=192.168.56.1:55969 duration_us=183676 loc=http_access_log.py:130 method=GET path=/static/i18n/locales/es/tasks.json query='v=3.3.0' status_code=304
api-server | 2026-07-26T20:02:53.676728Z [info     ] request finished               [http.access] client_addr=192.168.56.1:55969 duration_us=100331 loc=http_access_log.py:130 method=GET path=/ui/calendar/Proyecto_FIFA_ETL query='granularity=hourly&logical_date_gte=2026-07-01T05%3A00%3A00.000Z&logical_date_lte=2026-08-01T04%3A59%3A59.999Z' status_code=200
api-server | 2026-07-26T20:02:54.395834Z [info     ] request finished               [http.access] client_addr=192.168.56.1:55969 duration_us=3634 loc=http_access_log.py:130 method=GET path=/ui/dags/Proyecto_FIFA_ETL/latest_run query= status_code=200
api-server | 2026-07-26T20:02:55.296769Z [info     ] request finished               [http.access] client_addr=192.168.56.1:55969 duration_us=19275 loc=http_access_log.py:130 method=GET path=/ui/backfills query='limit=50&offset=0&dag_id=Proyecto_FIFA_ETL' status_code=200
dag-processor | 2026-07-26T20:02:55.813051Z [info     ] Not time to refresh bundle dags-folder [airflow.dag_processing.manager.DagFileProcessorManager] loc=manager.py:843
api-server | 2026-07-26T20:02:56.380754Z [info     ] request finished               [http.access] client_addr=192.168.56.1:55969 duration_us=102186 loc=http_access_log.py:130 method=GET path=/api/v2/eventLogs query='limit=50&offset=0&order_by=-when&dag_id=Proyecto_FIFA_ETL' status_code=200
api-server | 2026-07-26T20:02:56.830885Z [info     ] request finished               [http.access] client_addr=192.168.56.1:55969 duration_us=13740 loc=http_access_log.py:130 method=GET path=/static/assets/jsonMode-eLVpJsAT.js query= status_code=304
api-server | 2026-07-26T20:02:57.576601Z [info     ] request finished               [http.access] client_addr=192.168.56.1:55969 duration_us=7561 loc=http_access_log.py:130 method=GET path=/ui/dags/Proyecto_FIFA_ETL/latest_run query= status_code=200
api-server | 2026-07-26T20:02:57.645343Z [info     ] request finished               [http.access] client_addr=192.168.56.1:55969 duration_us=5744 loc=http_access_log.py:130 method=GET path=/static/assets/json.worker-DV5DR-LH.js query= status_code=304
dag-processor | 2026-07-26T20:02:58.928950Z [info     ] Bulk-writing dags to db        [airflow.serialization.definitions.dag] count=1 loc=dag.py:210
dag-processor | 2026-07-26T20:02:58.934292Z [info     ] Getting latest run for non-partitioned Dag [airflow.dag_processing.collection] dag_id=Proyecto_FIFA_ETL loc=collection.py:200
dag-processor | 2026-07-26T20:02:58.936339Z [info     ] got latest run                 [airflow.dag_processing.collection] dag_id=Proyecto_FIFA_ETL loc=collection.py:203 logical_date='2026-07-26 00:00:00+00:00' partition_key=None
dag-processor | 2026-07-26T20:02:58.946772Z [info     ] get next_dagrun_info_v2        [airflow.serialization.definitions.dag] last_automated_run_info=DagRunInfo(run_after=DateTime(2026, 7, 26, 0, 0, 0, tzinfo=Timezone('UTC')), data_interval=DataInterval(start=DateTime(2026, 7, 26, 0, 0, 0, tzinfo=Timezone('UTC')), end=DateTime(2026, 7, 26, 0, 0, 0, tzinfo=Timezone('UTC'))), partition_date=None, partition_key=None) loc=dag.py:445 next_info=DagRunInfo(run_after=DateTime(2026, 7, 27, 0, 0, 0, tzinfo=Timezone('UTC')), data_interval=DataInterval(start=DateTime(2026, 7, 27, 0, 0, 0, tzinfo=Timezone('UTC')), end=DateTime(2026, 7, 27, 0, 0, 0, tzinfo=Timezone('UTC'))), partition_date=None, partition_key=None)
dag-processor | 2026-07-26T20:02:58.947136Z [info     ] setting next dagrun info       [airflow.models.dag] loc=dag.py:848 next_dagrun='2026-07-27 00:00:00+00:00' next_dagrun_create_after='2026-07-27 00:00:00+00:00' next_dagrun_data_interval_end='2026-07-27 00:00:00+00:00' next_dagrun_data_interval_start='2026-07-27 00:00:00+00:00' next_dagrun_partition_date=None next_dagrun_partition_key=None
dag-processor | 2026-07-26T20:03:00.003490Z [info     ] Bulk-writing dags to db        [airflow.serialization.definitions.dag] count=1 loc=dag.py:210
dag-processor | 2026-07-26T20:03:00.008788Z [info     ] Getting latest run for non-partitioned Dag [airflow.dag_processing.collection] dag_id=Proyecto_FIFA_Sync_Raw_CSV loc=collection.py:200
dag-processor | 2026-07-26T20:03:00.010715Z [info     ] got latest run                 [airflow.dag_processing.collection] dag_id=Proyecto_FIFA_Sync_Raw_CSV loc=collection.py:203 logical_date='2026-07-26 20:00:00+00:00' partition_key=None
dag-processor | 2026-07-26T20:03:00.019877Z [info     ] get next_dagrun_info_v2        [airflow.serialization.definitions.dag] last_automated_run_info=DagRunInfo(run_after=DateTime(2026, 7, 26, 20, 0, 0, tzinfo=Timezone('UTC')), data_interval=DataInterval(start=DateTime(2026, 7, 26, 20, 0, 0, tzinfo=Timezone('UTC')), end=DateTime(2026, 7, 26, 20, 0, 0, tzinfo=Timezone('UTC'))), partition_date=None, partition_key=None) loc=dag.py:445 next_info=DagRunInfo(run_after=DateTime(2026, 7, 26, 21, 0, 0, tzinfo=Timezone('UTC')), data_interval=DataInterval(start=DateTime(2026, 7, 26, 21, 0, 0, tzinfo=Timezone('UTC')), end=DateTime(2026, 7, 26, 21, 0, 0, tzinfo=Timezone('UTC'))), partition_date=None, partition_key=None)
dag-processor | 2026-07-26T20:03:00.020171Z [info     ] setting next dagrun info       [airflow.models.dag] loc=dag.py:848 next_dagrun='2026-07-26 21:00:00+00:00' next_dagrun_create_after='2026-07-26 21:00:00+00:00' next_dagrun_data_interval_end='2026-07-26 21:00:00+00:00' next_dagrun_data_interval_start='2026-07-26 21:00:00+00:00' next_dagrun_partition_date=None next_dagrun_partition_key=None
api-server | 2026-07-26T20:03:00.625734Z [info     ] request finished               [http.access] client_addr=192.168.56.1:55969 duration_us=3925 loc=http_access_log.py:130 method=GET path=/ui/dags/Proyecto_FIFA_ETL/latest_run query= status_code=200
dag-processor | 2026-07-26T20:03:01.008232Z [info     ] Not time to refresh bundle dags-folder [airflow.dag_processing.manager.DagFileProcessorManager] loc=manager.py:843
api-server | 2026-07-26T20:03:03.510834Z [info     ] request finished               [http.access] client_addr=192.168.56.1:55969 duration_us=18145 loc=http_access_log.py:130 method=GET path=/api/v2/dags/Proyecto_FIFA_ETL/dagRuns query='limit=1&state=running&state=queued' status_code=200
api-server | 2026-07-26T20:03:03.634505Z [info     ] request finished               [http.access] client_addr=192.168.56.1:55969 duration_us=3886 loc=http_access_log.py:130 method=GET path=/ui/dags/Proyecto_FIFA_ETL/latest_run query= status_code=200
dag-processor | 2026-07-26T20:03:06.032517Z [info     ] Not time to refresh bundle dags-folder [airflow.dag_processing.manager.DagFileProcessorManager] loc=manager.py:843
api-server | 2026-07-26T20:03:06.573567Z [info     ] request finished               [http.access] client_addr=192.168.56.1:54426 duration_us=41719 loc=http_access_log.py:130 method=GET path=/api/v2/dags/Proyecto_FIFA_Sync_Raw_CSV query= status_code=200
api-server | 2026-07-26T20:03:06.579590Z [info     ] request finished               [http.access] client_addr=192.168.56.1:55969 duration_us=57228 loc=http_access_log.py:130 method=GET path=/api/v2/dags/Proyecto_FIFA_Sync_Raw_CSV/details query= status_code=200
api-server | 2026-07-26T20:03:06.616175Z [info     ] request finished               [http.access] client_addr=192.168.56.1:63017 duration_us=89502 loc=http_access_log.py:130 method=GET path=/ui/backfills query='dag_id=Proyecto_FIFA_Sync_Raw_CSV&active=true' status_code=200
api-server | 2026-07-26T20:03:06.628274Z [info     ] request finished               [http.access] client_addr=192.168.56.1:60697 duration_us=97964 loc=http_access_log.py:130 method=GET path=/ui/grid/runs/Proyecto_FIFA_Sync_Raw_CSV query='limit=1&order_by=-run_after' status_code=200
api-server | 2026-07-26T20:03:06.628689Z [info     ] request finished               [http.access] client_addr=192.168.56.1:52494 duration_us=92702 loc=http_access_log.py:130 method=GET path=/ui/grid/structure/Proyecto_FIFA_Sync_Raw_CSV query='include_upstream=false&include_downstream=false&limit=10&order_by=-run_after' status_code=200
api-server | 2026-07-26T20:03:06.636552Z [info     ] request finished               [http.access] client_addr=192.168.56.1:54426 duration_us=62174 loc=http_access_log.py:130 method=GET path=/ui/dags/Proyecto_FIFA_Sync_Raw_CSV/deadlineAlerts query='limit=100' status_code=200
api-server | 2026-07-26T20:03:06.649121Z [info     ] request finished               [http.access] client_addr=192.168.56.1:50627 duration_us=120346 loc=http_access_log.py:130 method=GET path=/ui/grid/runs/Proyecto_FIFA_Sync_Raw_CSV query='offset=0&limit=11&order_by=-run_after' status_code=200
api-server | 2026-07-26T20:03:06.688554Z [info     ] request finished               [http.access] client_addr=192.168.56.1:60697 duration_us=56760 loc=http_access_log.py:130 method=GET path=/api/v2/assets/events query='limit=10&order_by=-timestamp&source_dag_id=Proyecto_FIFA_Sync_Raw_CSV&timestamp_gte=2026-07-25T20%3A03%3A06.479Z&timestamp_lte=2026-07-26T20%3A03%3A06.479Z' status_code=200
api-server | 2026-07-26T20:03:06.710883Z [info     ] request finished               [http.access] client_addr=192.168.56.1:60697 duration_us=17494 loc=http_access_log.py:130 method=GET path=/ui/dags/Proyecto_FIFA_Sync_Raw_CSV/latest_run query= status_code=200
api-server | 2026-07-26T20:03:06.716576Z [info     ] request finished               [http.access] client_addr=192.168.56.1:54426 duration_us=76592 loc=http_access_log.py:130 method=GET path=/ui/grid/runs/Proyecto_FIFA_Sync_Raw_CSV query='limit=10&order_by=-run_after' status_code=200
api-server | 2026-07-26T20:03:06.717145Z [info     ] request finished               [http.access] client_addr=192.168.56.1:50627 duration_us=66905 loc=http_access_log.py:130 method=GET path=/api/v2/dagWarnings query='dag_id=Proyecto_FIFA_Sync_Raw_CSV' status_code=200
api-server | 2026-07-26T20:03:06.728092Z [info     ] request finished               [http.access] client_addr=192.168.56.1:55969 duration_us=146866 loc=http_access_log.py:130 method=GET path=/api/v2/dags/Proyecto_FIFA_Sync_Raw_CSV/dagRuns query='limit=1&state=running&state=queued' status_code=200
api-server | 2026-07-26T20:03:06.773015Z [info     ] request finished               [http.access] client_addr=192.168.56.1:54426 duration_us=53258 loc=http_access_log.py:130 method=GET path=/ui/structure/structure_data query='dag_id=Proyecto_FIFA_Sync_Raw_CSV&external_dependencies=false&version_number=1' status_code=200
api-server | 2026-07-26T20:03:06.777021Z [info     ] request finished               [http.access] client_addr=192.168.56.1:60697 duration_us=63885 loc=http_access_log.py:130 method=GET path=/ui/dags/Proyecto_FIFA_Sync_Raw_CSV/deadlineAlerts query= status_code=200
api-server | 2026-07-26T20:03:06.786830Z [info     ] request finished               [http.access] client_addr=192.168.56.1:52494 duration_us=156646 loc=http_access_log.py:130 method=GET path=/api/v2/dags/Proyecto_FIFA_Sync_Raw_CSV/dagRuns query='limit=10&run_after_gte=2026-07-25T20%3A03%3A06.479Z&run_after_lte=2026-07-26T20%3A03%3A06.479Z&state=failed' status_code=200
api-server | 2026-07-26T20:03:06.801418Z [info     ] request finished               [http.access] client_addr=192.168.56.1:55969 duration_us=70986 loc=http_access_log.py:130 method=GET path=/ui/grid/ti_summaries/Proyecto_FIFA_Sync_Raw_CSV query='run_ids=scheduled__2026-07-26T20%3A00%3A00%2B00%3A00&run_ids=manual__2026-07-25T18%3A52%3A30.368385%2B00%3A00&run_ids=scheduled__2026-07-25T18%3A00%3A00%2B00%3A00&run_ids=scheduled__2026-07-25T05%3A00%3A00%2B00%3A00&run_ids=scheduled__2026-07-25T04%3A00%3A00%2B00%3A00' status_code=200
api-server | 2026-07-26T20:03:06.802344Z [info     ] request finished               [http.access] client_addr=192.168.56.1:63017 duration_us=185250 loc=http_access_log.py:130 method=GET path=/api/v2/dags/Proyecto_FIFA_Sync_Raw_CSV/dagRuns/~/taskInstances query='run_after_gte=2026-07-25T20%3A03%3A06.479Z&run_after_lte=2026-07-26T20%3A03%3A06.479Z&state=failed&order_by=-run_after' status_code=200
api-server | 2026-07-26T20:03:06.811668Z [info     ] request finished               [http.access] client_addr=192.168.56.1:50627 duration_us=93291 loc=http_access_log.py:130 method=GET path=/api/v2/dags/Proyecto_FIFA_Sync_Raw_CSV/dagRuns/~/hitlDetails query='order_by=dag_id&order_by=run_after&order_by=created_at&order_by=task_display_name&state=deferred&state=awaiting_input&response_received=false' status_code=200
api-server | 2026-07-26T20:03:09.719105Z [info     ] request finished               [http.access] client_addr=192.168.56.1:50627 duration_us=3668 loc=http_access_log.py:130 method=GET path=/ui/dags/Proyecto_FIFA_Sync_Raw_CSV/latest_run query= status_code=200
api-server | 2026-07-26T20:03:10.250094Z [info     ] request finished               [http.access] client_addr=192.168.56.1:63017 duration_us=9548 loc=http_access_log.py:130 method=GET path=/ui/grid/ti_summaries/Proyecto_FIFA_Sync_Raw_CSV query='run_ids=scheduled__2026-07-25T18%3A00%3A00%2B00%3A00' status_code=200
api-server | 2026-07-26T20:03:10.351615Z [info     ] request finished               [http.access] client_addr=192.168.56.1:50627 duration_us=113170 loc=http_access_log.py:130 method=GET path=/ui/grid/ti_summaries/Proyecto_FIFA_Sync_Raw_CSV query='run_ids=scheduled__2026-07-26T20%3A00%3A00%2B00%3A00&run_ids=manual__2026-07-25T18%3A52%3A30.368385%2B00%3A00&run_ids=scheduled__2026-07-25T18%3A00%3A00%2B00%3A00&run_ids=scheduled__2026-07-25T05%3A00%3A00%2B00%3A00&run_ids=scheduled__2026-07-25T04%3A00%3A00%2B00%3A00' status_code=200
api-server | 2026-07-26T20:03:10.357308Z [info     ] request finished               [http.access] client_addr=192.168.56.1:63017 duration_us=103070 loc=http_access_log.py:130 method=GET path=/api/v2/dags/Proyecto_FIFA_Sync_Raw_CSV/dagRuns/scheduled__2026-07-25T18:00:00+00:00 query= status_code=200
api-server | 2026-07-26T20:03:10.359362Z [info     ] request finished               [http.access] client_addr=192.168.56.1:55969 duration_us=59070 loc=http_access_log.py:130 method=GET path=/api/v2/dags/Proyecto_FIFA_Sync_Raw_CSV/tasks/subir_csv_actualizado_server1 query= status_code=200
api-server | 2026-07-26T20:03:10.425424Z [info     ] request finished               [http.access] client_addr=192.168.56.1:52494 duration_us=122216 loc=http_access_log.py:130 method=GET path=/api/v2/dags/Proyecto_FIFA_Sync_Raw_CSV/dagRuns/scheduled__2026-07-25T18:00:00+00:00/taskInstances/subir_csv_actualizado_server1/-1 query= status_code=200
api-server | 2026-07-26T20:03:10.444550Z [info     ] request finished               [http.access] client_addr=192.168.56.1:60697 duration_us=128644 loc=http_access_log.py:130 method=GET path=/api/v2/dags/Proyecto_FIFA_Sync_Raw_CSV/dagRuns/scheduled__2026-07-25T18:00:00+00:00/hitlDetails query='task_id=subir_csv_actualizado_server1' status_code=200
api-server | 2026-07-26T20:03:10.445296Z [info     ] request finished               [http.access] client_addr=192.168.56.1:55969 duration_us=53257 loc=http_access_log.py:130 method=GET path=/ui/structure/structure_data query='dag_id=Proyecto_FIFA_Sync_Raw_CSV' status_code=200
api-server | 2026-07-26T20:03:10.674283Z [info     ] request finished               [http.access] client_addr=192.168.56.1:55969 duration_us=207535 loc=http_access_log.py:130 method=GET path=/api/v2/dags/Proyecto_FIFA_Sync_Raw_CSV/dagRuns/scheduled__2026-07-25T18:00:00+00:00/taskInstances/subir_csv_actualizado_server1/logs/1 query='map_index=-1' status_code=200
dag-processor | 2026-07-26T20:03:11.059100Z [info     ] Not time to refresh bundle dags-folder [airflow.dag_processing.manager.DagFileProcessorManager] loc=manager.py:843
api-server | 2026-07-26T20:03:13.585525Z [info     ] request finished               [http.access] client_addr=192.168.56.1:55969 duration_us=65547 loc=http_access_log.py:130 method=GET path=/ui/dags/~/dagRuns/~/deadlines query='limit=5&order_by=deadline_time&missed=false&deadline_time_gt=2026-07-26T20%3A03%3A00.000Z' status_code=200
api-server | 2026-07-26T20:03:13.585850Z [info     ] request finished               [http.access] client_addr=192.168.56.1:52494 duration_us=55881 loc=http_access_log.py:130 method=GET path=/ui/dashboard/historical_metrics_data query='start_date=2026-07-25T20%3A03%3A13.464Z' status_code=200
api-server | 2026-07-26T20:03:13.590853Z [info     ] request finished               [http.access] client_addr=192.168.56.1:60697 duration_us=65788 loc=http_access_log.py:130 method=GET path=/ui/dags/~/dagRuns/~/deadlines query='limit=5&order_by=-deadline_time&missed=true&deadline_time_gte=2026-07-25T20%3A03%3A13.464Z&deadline_time_lt=2026-07-26T20%3A03%3A13.464Z' status_code=200
api-server | 2026-07-26T20:03:13.597579Z [info     ] request finished               [http.access] client_addr=192.168.56.1:63017 duration_us=41651 loc=http_access_log.py:130 method=GET path=/api/v2/assets/events query='limit=6&order_by=-timestamp&timestamp_gte=2026-07-25T20%3A03%3A13.464Z&timestamp_lte=2026-07-26T20%3A03%3A13.464Z' status_code=200
dag-processor | 2026-07-26T20:03:16.081612Z [info     ] Not time to refresh bundle dags-folder [airflow.dag_processing.manager.DagFileProcessorManager] loc=manager.py:843
triggerer  | 2026-07-26T20:03:18.248793Z [info     ] 0 triggers currently running   [airflow.jobs.triggerer_job_runner] loc=triggerer_job_runner.py:1036
triggerer  | 2026-07-26T20:03:18.248930Z [info     ] 0 watchers currently running   [airflow.jobs.triggerer_job_runner] loc=triggerer_job_runner.py:1036
dag-processor | 2026-07-26T20:03:21.107522Z [info     ]
dag-processor | ================================================================================
dag-processor | DAG File Processing Stats
dag-processor | Bundle       File Path             PID    Current Duration      # DAGs    # Errors  Last Duration    Last Run At
dag-processor | -----------  --------------------  -----  ------------------  --------  ----------  ---------------  -------------------
dag-processor | dags-folder  fifa_etl_dag.py                                         1           0  0.06s            2026-07-26T20:02:58
dag-processor | dags-folder  fifa_sync_raw_dag.py                                    1           0  0.06s            2026-07-26T20:03:00
dag-processor | ================================================================================ [airflow.dag_processing.manager.DagFileProcessorManager] loc=manager.py:1123
dag-processor | 2026-07-26T20:03:21.109015Z [info     ] Not time to refresh bundle dags-folder [airflow.dag_processing.manager.DagFileProcessorManager] loc=manager.py:843
dag-processor | 2026-07-26T20:03:26.127909Z [info     ] Not time to refresh bundle dags-folder [airflow.dag_processing.manager.DagFileProcessorManager] loc=manager.py:843
dag-processor | 2026-07-26T20:03:29.237348Z [info     ] Bulk-writing dags to db        [airflow.serialization.definitions.dag] count=1 loc=dag.py:210
dag-processor | 2026-07-26T20:03:29.242456Z [info     ] Getting latest run for non-partitioned Dag [airflow.dag_processing.collection] dag_id=Proyecto_FIFA_ETL loc=collection.py:200
dag-processor | 2026-07-26T20:03:29.244010Z [info     ] got latest run                 [airflow.dag_processing.collection] dag_id=Proyecto_FIFA_ETL loc=collection.py:203 logical_date='2026-07-26 00:00:00+00:00' partition_key=None
dag-processor | 2026-07-26T20:03:29.251355Z [info     ] get next_dagrun_info_v2        [airflow.serialization.definitions.dag] last_automated_run_info=DagRunInfo(run_after=DateTime(2026, 7, 26, 0, 0, 0, tzinfo=Timezone('UTC')), data_interval=DataInterval(start=DateTime(2026, 7, 26, 0, 0, 0, tzinfo=Timezone('UTC')), end=DateTime(2026, 7, 26, 0, 0, 0, tzinfo=Timezone('UTC'))), partition_date=None, partition_key=None) loc=dag.py:445 next_info=DagRunInfo(run_after=DateTime(2026, 7, 27, 0, 0, 0, tzinfo=Timezone('UTC')), data_interval=DataInterval(start=DateTime(2026, 7, 27, 0, 0, 0, tzinfo=Timezone('UTC')), end=DateTime(2026, 7, 27, 0, 0, 0, tzinfo=Timezone('UTC'))), partition_date=None, partition_key=None)
dag-processor | 2026-07-26T20:03:29.251659Z [info     ] setting next dagrun info       [airflow.models.dag] loc=dag.py:848 next_dagrun='2026-07-27 00:00:00+00:00' next_dagrun_create_after='2026-07-27 00:00:00+00:00' next_dagrun_data_interval_end='2026-07-27 00:00:00+00:00' next_dagrun_data_interval_start='2026-07-27 00:00:00+00:00' next_dagrun_partition_date=None next_dagrun_partition_key=None
dag-processor | 2026-07-26T20:03:30.306236Z [info     ] Bulk-writing dags to db        [airflow.serialization.definitions.dag] count=1 loc=dag.py:210
dag-processor | 2026-07-26T20:03:30.310479Z [info     ] Getting latest run for non-partitioned Dag [airflow.dag_processing.collection] dag_id=Proyecto_FIFA_Sync_Raw_CSV loc=collection.py:200
dag-processor | 2026-07-26T20:03:30.312045Z [info     ] got latest run                 [airflow.dag_processing.collection] dag_id=Proyecto_FIFA_Sync_Raw_CSV loc=collection.py:203 logical_date='2026-07-26 20:00:00+00:00' partition_key=None
dag-processor | 2026-07-26T20:03:30.320512Z [info     ] get next_dagrun_info_v2        [airflow.serialization.definitions.dag] last_automated_run_info=DagRunInfo(run_after=DateTime(2026, 7, 26, 20, 0, 0, tzinfo=Timezone('UTC')), data_interval=DataInterval(start=DateTime(2026, 7, 26, 20, 0, 0, tzinfo=Timezone('UTC')), end=DateTime(2026, 7, 26, 20, 0, 0, tzinfo=Timezone('UTC'))), partition_date=None, partition_key=None) loc=dag.py:445 next_info=DagRunInfo(run_after=DateTime(2026, 7, 26, 21, 0, 0, tzinfo=Timezone('UTC')), data_interval=DataInterval(start=DateTime(2026, 7, 26, 21, 0, 0, tzinfo=Timezone('UTC')), end=DateTime(2026, 7, 26, 21, 0, 0, tzinfo=Timezone('UTC'))), partition_date=None, partition_key=None)
dag-processor | 2026-07-26T20:03:30.320902Z [info     ] setting next dagrun info       [airflow.models.dag] loc=dag.py:848 next_dagrun='2026-07-26 21:00:00+00:00' next_dagrun_create_after='2026-07-26 21:00:00+00:00' next_dagrun_data_interval_end='2026-07-26 21:00:00+00:00' next_dagrun_data_interval_start='2026-07-26 21:00:00+00:00' next_dagrun_partition_date=None next_dagrun_partition_key=None
dag-processor | 2026-07-26T20:03:31.311926Z [info     ] Not time to refresh bundle dags-folder [airflow.dag_processing.manager.DagFileProcessorManager] loc=manager.py:843
dag-processor | 2026-07-26T20:03:36.340257Z [info     ] Not time to refresh bundle dags-folder [airflow.dag_processing.manager.DagFileProcessorManager] loc=manager.py:843
dag-processor | 2026-07-26T20:03:41.703386Z [info     ] Not time to refresh bundle dags-folder [airflow.dag_processing.manager.DagFileProcessorManager] loc=manager.py:843
dag-processor | 2026-07-26T20:03:46.724722Z [info     ] Not time to refresh bundle dags-folder [airflow.dag_processing.manager.DagFileProcessorManager] loc=manager.py:843
dag-processor | 2026-07-26T20:03:51.745867Z [info     ]
dag-processor | ================================================================================
dag-processor | DAG File Processing Stats
dag-processor | Bundle       File Path             PID    Current Duration      # DAGs    # Errors  Last Duration    Last Run At
dag-processor | -----------  --------------------  -----  ------------------  --------  ----------  ---------------  -------------------
dag-processor | dags-folder  fifa_sync_raw_dag.py                                    1           0  0.06s            2026-07-26T20:03:30
dag-processor | dags-folder  fifa_etl_dag.py                                         1           0  0.06s            2026-07-26T20:03:29
dag-processor | ================================================================================ [airflow.dag_processing.manager.DagFileProcessorManager] loc=manager.py:1123
dag-processor | 2026-07-26T20:03:51.747096Z [info     ] Not time to refresh bundle dags-folder [airflow.dag_processing.manager.DagFileProcessorManager] loc=manager.py:843
dag-processor | 2026-07-26T20:03:56.773425Z [info     ] Not time to refresh bundle dags-folder [airflow.dag_processing.manager.DagFileProcessorManager] loc=manager.py:843
dag-processor | 2026-07-26T20:03:59.884260Z [info     ] Bulk-writing dags to db        [airflow.serialization.definitions.dag] count=1 loc=dag.py:210
dag-processor | 2026-07-26T20:03:59.887908Z [info     ] Getting latest run for non-partitioned Dag [airflow.dag_processing.collection] dag_id=Proyecto_FIFA_ETL loc=collection.py:200
dag-processor | 2026-07-26T20:03:59.889515Z [info     ] got latest run                 [airflow.dag_processing.collection] dag_id=Proyecto_FIFA_ETL loc=collection.py:203 logical_date='2026-07-26 00:00:00+00:00' partition_key=None
dag-processor | 2026-07-26T20:03:59.896907Z [info     ] get next_dagrun_info_v2        [airflow.serialization.definitions.dag] last_automated_run_info=DagRunInfo(run_after=DateTime(2026, 7, 26, 0, 0, 0, tzinfo=Timezone('UTC')), data_interval=DataInterval(start=DateTime(2026, 7, 26, 0, 0, 0, tzinfo=Timezone('UTC')), end=DateTime(2026, 7, 26, 0, 0, 0, tzinfo=Timezone('UTC'))), partition_date=None, partition_key=None) loc=dag.py:445 next_info=DagRunInfo(run_after=DateTime(2026, 7, 27, 0, 0, 0, tzinfo=Timezone('UTC')), data_interval=DataInterval(start=DateTime(2026, 7, 27, 0, 0, 0, tzinfo=Timezone('UTC')), end=DateTime(2026, 7, 27, 0, 0, 0, tzinfo=Timezone('UTC'))), partition_date=None, partition_key=None)
dag-processor | 2026-07-26T20:03:59.897288Z [info     ] setting next dagrun info       [airflow.models.dag] loc=dag.py:848 next_dagrun='2026-07-27 00:00:00+00:00' next_dagrun_create_after='2026-07-27 00:00:00+00:00' next_dagrun_data_interval_end='2026-07-27 00:00:00+00:00' next_dagrun_data_interval_start='2026-07-27 00:00:00+00:00' next_dagrun_partition_date=None next_dagrun_partition_key=None
dag-processor | 2026-07-26T20:04:00.949095Z [info     ] Bulk-writing dags to db        [airflow.serialization.definitions.dag] count=1 loc=dag.py:210
dag-processor | 2026-07-26T20:04:00.953659Z [info     ] Getting latest run for non-partitioned Dag [airflow.dag_processing.collection] dag_id=Proyecto_FIFA_Sync_Raw_CSV loc=collection.py:200
dag-processor | 2026-07-26T20:04:00.955304Z [info     ] got latest run                 [airflow.dag_processing.collection] dag_id=Proyecto_FIFA_Sync_Raw_CSV loc=collection.py:203 logical_date='2026-07-26 20:00:00+00:00' partition_key=None
dag-processor | 2026-07-26T20:04:00.962602Z [info     ] get next_dagrun_info_v2        [airflow.serialization.definitions.dag] last_automated_run_info=DagRunInfo(run_after=DateTime(2026, 7, 26, 20, 0, 0, tzinfo=Timezone('UTC')), data_interval=DataInterval(start=DateTime(2026, 7, 26, 20, 0, 0, tzinfo=Timezone('UTC')), end=DateTime(2026, 7, 26, 20, 0, 0, tzinfo=Timezone('UTC'))), partition_date=None, partition_key=None) loc=dag.py:445 next_info=DagRunInfo(run_after=DateTime(2026, 7, 26, 21, 0, 0, tzinfo=Timezone('UTC')), data_interval=DataInterval(start=DateTime(2026, 7, 26, 21, 0, 0, tzinfo=Timezone('UTC')), end=DateTime(2026, 7, 26, 21, 0, 0, tzinfo=Timezone('UTC'))), partition_date=None, partition_key=None)
dag-processor | 2026-07-26T20:04:00.962880Z [info     ] setting next dagrun info       [airflow.models.dag] loc=dag.py:848 next_dagrun='2026-07-26 21:00:00+00:00' next_dagrun_create_after='2026-07-26 21:00:00+00:00' next_dagrun_data_interval_end='2026-07-26 21:00:00+00:00' next_dagrun_data_interval_start='2026-07-26 21:00:00+00:00' next_dagrun_partition_date=None next_dagrun_partition_key=None
dag-processor | 2026-07-26T20:04:01.955135Z [info     ] Not time to refresh bundle dags-folder [airflow.dag_processing.manager.DagFileProcessorManager] loc=manager.py:843
dag-processor | 2026-07-26T20:04:07.039761Z [info     ] Not time to refresh bundle dags-folder [airflow.dag_processing.manager.DagFileProcessorManager] loc=manager.py:843
dag-processor | 2026-07-26T20:04:12.063010Z [info     ] Not time to refresh bundle dags-folder [airflow.dag_processing.manager.DagFileProcessorManager] loc=manager.py:843
api-server | 2026-07-26T20:04:13.537882Z [info     ] request finished               [http.access] client_addr=192.168.56.1:63017 duration_us=17227 loc=http_access_log.py:130 method=GET path=/api/v2/dags/~/dagRuns query='limit=1&state=running&state=queued' status_code=200
dag-processor | 2026-07-26T20:04:17.089466Z [info     ] Not time to refresh bundle dags-folder [airflow.dag_processing.manager.DagFileProcessorManager] loc=manager.py:843
triggerer  | 2026-07-26T20:04:18.446813Z [info     ] 0 triggers currently running   [airflow.jobs.triggerer_job_runner] loc=triggerer_job_runner.py:1036
triggerer  | 2026-07-26T20:04:18.446920Z [info     ] 0 watchers currently running   [airflow.jobs.triggerer_job_runner] loc=triggerer_job_runner.py:1036
dag-processor | 2026-07-26T20:04:22.113282Z [info     ]
dag-processor | ================================================================================
dag-processor | DAG File Processing Stats
dag-processor | Bundle       File Path             PID    Current Duration      # DAGs    # Errors  Last Duration    Last Run At
dag-processor | -----------  --------------------  -----  ------------------  --------  ----------  ---------------  -------------------
dag-processor | dags-folder  fifa_sync_raw_dag.py                                    1           0  0.06s            2026-07-26T20:04:00
dag-processor | dags-folder  fifa_etl_dag.py                                         1           0  0.05s            2026-07-26T20:03:59
dag-processor | ================================================================================ [airflow.dag_processing.manager.DagFileProcessorManager] loc=manager.py:1123
dag-processor | 2026-07-26T20:04:22.114783Z [info     ] Not time to refresh bundle dags-folder [airflow.dag_processing.manager.DagFileProcessorManager] loc=manager.py:843
dag-processor | 2026-07-26T20:04:27.137802Z [info     ] Not time to refresh bundle dags-folder [airflow.dag_processing.manager.DagFileProcessorManager] loc=manager.py:843
dag-processor | 2026-07-26T20:04:30.301329Z [info     ] Bulk-writing dags to db        [airflow.serialization.definitions.dag] count=1 loc=dag.py:210
dag-processor | 2026-07-26T20:04:30.306802Z [info     ] Getting latest run for non-partitioned Dag [airflow.dag_processing.collection] dag_id=Proyecto_FIFA_ETL loc=collection.py:200
dag-processor | 2026-07-26T20:04:30.308886Z [info     ] got latest run                 [airflow.dag_processing.collection] dag_id=Proyecto_FIFA_ETL loc=collection.py:203 logical_date='2026-07-26 00:00:00+00:00' partition_key=None
dag-processor | 2026-07-26T20:04:30.316646Z [info     ] get next_dagrun_info_v2        [airflow.serialization.definitions.dag] last_automated_run_info=DagRunInfo(run_after=DateTime(2026, 7, 26, 0, 0, 0, tzinfo=Timezone('UTC')), data_interval=DataInterval(start=DateTime(2026, 7, 26, 0, 0, 0, tzinfo=Timezone('UTC')), end=DateTime(2026, 7, 26, 0, 0, 0, tzinfo=Timezone('UTC'))), partition_date=None, partition_key=None) loc=dag.py:445 next_info=DagRunInfo(run_after=DateTime(2026, 7, 27, 0, 0, 0, tzinfo=Timezone('UTC')), data_interval=DataInterval(start=DateTime(2026, 7, 27, 0, 0, 0, tzinfo=Timezone('UTC')), end=DateTime(2026, 7, 27, 0, 0, 0, tzinfo=Timezone('UTC'))), partition_date=None, partition_key=None)
dag-processor | 2026-07-26T20:04:30.316947Z [info     ] setting next dagrun info       [airflow.models.dag] loc=dag.py:848 next_dagrun='2026-07-27 00:00:00+00:00' next_dagrun_create_after='2026-07-27 00:00:00+00:00' next_dagrun_data_interval_end='2026-07-27 00:00:00+00:00' next_dagrun_data_interval_start='2026-07-27 00:00:00+00:00' next_dagrun_partition_date=None next_dagrun_partition_key=None
dag-processor | 2026-07-26T20:04:31.367180Z [info     ] Bulk-writing dags to db        [airflow.serialization.definitions.dag] count=1 loc=dag.py:210
dag-processor | 2026-07-26T20:04:31.372287Z [info     ] Getting latest run for non-partitioned Dag [airflow.dag_processing.collection] dag_id=Proyecto_FIFA_Sync_Raw_CSV loc=collection.py:200
dag-processor | 2026-07-26T20:04:31.374322Z [info     ] got latest run                 [airflow.dag_processing.collection] dag_id=Proyecto_FIFA_Sync_Raw_CSV loc=collection.py:203 logical_date='2026-07-26 20:00:00+00:00' partition_key=None
dag-processor | 2026-07-26T20:04:31.382369Z [info     ] get next_dagrun_info_v2        [airflow.serialization.definitions.dag] last_automated_run_info=DagRunInfo(run_after=DateTime(2026, 7, 26, 20, 0, 0, tzinfo=Timezone('UTC')), data_interval=DataInterval(start=DateTime(2026, 7, 26, 20, 0, 0, tzinfo=Timezone('UTC')), end=DateTime(2026, 7, 26, 20, 0, 0, tzinfo=Timezone('UTC'))), partition_date=None, partition_key=None) loc=dag.py:445 next_info=DagRunInfo(run_after=DateTime(2026, 7, 26, 21, 0, 0, tzinfo=Timezone('UTC')), data_interval=DataInterval(start=DateTime(2026, 7, 26, 21, 0, 0, tzinfo=Timezone('UTC')), end=DateTime(2026, 7, 26, 21, 0, 0, tzinfo=Timezone('UTC'))), partition_date=None, partition_key=None)
dag-processor | 2026-07-26T20:04:31.382751Z [info     ] setting next dagrun info       [airflow.models.dag] loc=dag.py:848 next_dagrun='2026-07-26 21:00:00+00:00' next_dagrun_create_after='2026-07-26 21:00:00+00:00' next_dagrun_data_interval_end='2026-07-26 21:00:00+00:00' next_dagrun_data_interval_start='2026-07-26 21:00:00+00:00' next_dagrun_partition_date=None next_dagrun_partition_key=None
dag-processor | 2026-07-26T20:04:32.371961Z [info     ] Not time to refresh bundle dags-folder [airflow.dag_processing.manager.DagFileProcessorManager] loc=manager.py:843
dag-processor | 2026-07-26T20:04:37.392513Z [info     ] Not time to refresh bundle dags-folder [airflow.dag_processing.manager.DagFileProcessorManager] loc=manager.py:843
dag-processor | 2026-07-26T20:04:42.412265Z [info     ] Not time to refresh bundle dags-folder [airflow.dag_processing.manager.DagFileProcessorManager] loc=manager.py:843
dag-processor | 2026-07-26T20:04:47.433387Z [info     ] Not time to refresh bundle dags-folder [airflow.dag_processing.manager.DagFileProcessorManager] loc=manager.py:843
dag-processor | 2026-07-26T20:04:52.455219Z [info     ]
dag-processor | ================================================================================
dag-processor | DAG File Processing Stats
dag-processor | Bundle       File Path             PID    Current Duration      # DAGs    # Errors  Last Duration    Last Run At
dag-processor | -----------  --------------------  -----  ------------------  --------  ----------  ---------------  -------------------
dag-processor | dags-folder  fifa_etl_dag.py                                         1           0  0.06s            2026-07-26T20:04:30
dag-processor | dags-folder  fifa_sync_raw_dag.py                                    1           0  0.06s            2026-07-26T20:04:31
dag-processor | ================================================================================ [airflow.dag_processing.manager.DagFileProcessorManager] loc=manager.py:1123
dag-processor | 2026-07-26T20:04:52.457634Z [info     ] Not time to refresh bundle dags-folder [airflow.dag_processing.manager.DagFileProcessorManager] loc=manager.py:843
dag-processor | 2026-07-26T20:04:57.479473Z [info     ] Not time to refresh bundle dags-folder [airflow.dag_processing.manager.DagFileProcessorManager] loc=manager.py:843
dag-processor | 2026-07-26T20:05:00.590964Z [info     ] Bulk-writing dags to db        [airflow.serialization.definitions.dag] count=1 loc=dag.py:210
dag-processor | 2026-07-26T20:05:00.595412Z [info     ] Getting latest run for non-partitioned Dag [airflow.dag_processing.collection] dag_id=Proyecto_FIFA_ETL loc=collection.py:200
dag-processor | 2026-07-26T20:05:00.597030Z [info     ] got latest run                 [airflow.dag_processing.collection] dag_id=Proyecto_FIFA_ETL loc=collection.py:203 logical_date='2026-07-26 00:00:00+00:00' partition_key=None
dag-processor | 2026-07-26T20:05:00.605739Z [info     ] get next_dagrun_info_v2        [airflow.serialization.definitions.dag] last_automated_run_info=DagRunInfo(run_after=DateTime(2026, 7, 26, 0, 0, 0, tzinfo=Timezone('UTC')), data_interval=DataInterval(start=DateTime(2026, 7, 26, 0, 0, 0, tzinfo=Timezone('UTC')), end=DateTime(2026, 7, 26, 0, 0, 0, tzinfo=Timezone('UTC'))), partition_date=None, partition_key=None) loc=dag.py:445 next_info=DagRunInfo(run_after=DateTime(2026, 7, 27, 0, 0, 0, tzinfo=Timezone('UTC')), data_interval=DataInterval(start=DateTime(2026, 7, 27, 0, 0, 0, tzinfo=Timezone('UTC')), end=DateTime(2026, 7, 27, 0, 0, 0, tzinfo=Timezone('UTC'))), partition_date=None, partition_key=None)
dag-processor | 2026-07-26T20:05:00.606030Z [info     ] setting next dagrun info       [airflow.models.dag] loc=dag.py:848 next_dagrun='2026-07-27 00:00:00+00:00' next_dagrun_create_after='2026-07-27 00:00:00+00:00' next_dagrun_data_interval_end='2026-07-27 00:00:00+00:00' next_dagrun_data_interval_start='2026-07-27 00:00:00+00:00' next_dagrun_partition_date=None next_dagrun_partition_key=None
dag-processor | 2026-07-26T20:05:01.664772Z [info     ] Bulk-writing dags to db        [airflow.serialization.definitions.dag] count=1 loc=dag.py:210
dag-processor | 2026-07-26T20:05:01.669585Z [info     ] Getting latest run for non-partitioned Dag [airflow.dag_processing.collection] dag_id=Proyecto_FIFA_Sync_Raw_CSV loc=collection.py:200
dag-processor | 2026-07-26T20:05:01.671254Z [info     ] got latest run                 [airflow.dag_processing.collection] dag_id=Proyecto_FIFA_Sync_Raw_CSV loc=collection.py:203 logical_date='2026-07-26 20:00:00+00:00' partition_key=None
dag-processor | 2026-07-26T20:05:01.680031Z [info     ] get next_dagrun_info_v2        [airflow.serialization.definitions.dag] last_automated_run_info=DagRunInfo(run_after=DateTime(2026, 7, 26, 20, 0, 0, tzinfo=Timezone('UTC')), data_interval=DataInterval(start=DateTime(2026, 7, 26, 20, 0, 0, tzinfo=Timezone('UTC')), end=DateTime(2026, 7, 26, 20, 0, 0, tzinfo=Timezone('UTC'))), partition_date=None, partition_key=None) loc=dag.py:445 next_info=DagRunInfo(run_after=DateTime(2026, 7, 26, 21, 0, 0, tzinfo=Timezone('UTC')), data_interval=DataInterval(start=DateTime(2026, 7, 26, 21, 0, 0, tzinfo=Timezone('UTC')), end=DateTime(2026, 7, 26, 21, 0, 0, tzinfo=Timezone('UTC'))), partition_date=None, partition_key=None)
dag-processor | 2026-07-26T20:05:01.680526Z [info     ] setting next dagrun info       [airflow.models.dag] loc=dag.py:848 next_dagrun='2026-07-26 21:00:00+00:00' next_dagrun_create_after='2026-07-26 21:00:00+00:00' next_dagrun_data_interval_end='2026-07-26 21:00:00+00:00' next_dagrun_data_interval_start='2026-07-26 21:00:00+00:00' next_dagrun_partition_date=None next_dagrun_partition_key=None
dag-processor | 2026-07-26T20:05:02.671157Z [info     ] Not time to refresh bundle dags-folder [airflow.dag_processing.manager.DagFileProcessorManager] loc=manager.py:843
dag-processor | 2026-07-26T20:05:07.690584Z [info     ] Not time to refresh bundle dags-folder [airflow.dag_processing.manager.DagFileProcessorManager] loc=manager.py:843
dag-processor | 2026-07-26T20:05:12.710642Z [info     ] Not time to refresh bundle dags-folder [airflow.dag_processing.manager.DagFileProcessorManager] loc=manager.py:843
scheduler  | 2026-07-26T20:05:16.889701Z [info     ] Adopting or resetting orphaned tasks for active dag runs [airflow.jobs.scheduler_job_runner.SchedulerJobRunner] loc=scheduler_job_runner.py:3244
dag-processor | 2026-07-26T20:05:17.733781Z [info     ] Refreshing bundle dags-folder  [airflow.dag_processing.manager.DagFileProcessorManager] loc=manager.py:846
dag-processor | 2026-07-26T20:05:17.745067Z [info     ] Searching for files in dags-folder at /home/sebastian2/airflow/dags [airflow.dag_processing.manager.DagFileProcessorManager] loc=manager.py:914
dag-processor | 2026-07-26T20:05:17.779072Z [info     ] Found 2 files for bundle dags-folder [airflow.dag_processing.manager.DagFileProcessorManager] loc=manager.py:916
triggerer  | 2026-07-26T20:05:18.651020Z [info     ] 0 triggers currently running   [airflow.jobs.triggerer_job_runner] loc=triggerer_job_runner.py:1036
triggerer  | 2026-07-26T20:05:18.651199Z [info     ] 0 watchers currently running   [airflow.jobs.triggerer_job_runner] loc=triggerer_job_runner.py:1036
dag-processor | 2026-07-26T20:05:22.945211Z [info     ]
dag-processor | ================================================================================
dag-processor | DAG File Processing Stats
dag-processor | Bundle       File Path             PID    Current Duration      # DAGs    # Errors  Last Duration    Last Run At
dag-processor | -----------  --------------------  -----  ------------------  --------  ----------  ---------------  -------------------
dag-processor | dags-folder  fifa_etl_dag.py                                         1           0  0.06s            2026-07-26T20:05:00
dag-processor | dags-folder  fifa_sync_raw_dag.py                                    1           0  0.06s            2026-07-26T20:05:01
dag-processor | ================================================================================ [airflow.dag_processing.manager.DagFileProcessorManager] loc=manager.py:1123
dag-processor | 2026-07-26T20:05:22.946587Z [info     ] Not time to refresh bundle dags-folder [airflow.dag_processing.manager.DagFileProcessorManager] loc=manager.py:843
dag-processor | 2026-07-26T20:05:27.971516Z [info     ] Not time to refresh bundle dags-folder [airflow.dag_processing.manager.DagFileProcessorManager] loc=manager.py:843
dag-processor | 2026-07-26T20:05:31.052181Z [info     ] Bulk-writing dags to db        [airflow.serialization.definitions.dag] count=1 loc=dag.py:210
dag-processor | 2026-07-26T20:05:31.055659Z [info     ] Getting latest run for non-partitioned Dag [airflow.dag_processing.collection] dag_id=Proyecto_FIFA_ETL loc=collection.py:200
dag-processor | 2026-07-26T20:05:31.057160Z [info     ] got latest run                 [airflow.dag_processing.collection] dag_id=Proyecto_FIFA_ETL loc=collection.py:203 logical_date='2026-07-26 00:00:00+00:00' partition_key=None
dag-processor | 2026-07-26T20:05:31.064255Z [info     ] get next_dagrun_info_v2        [airflow.serialization.definitions.dag] last_automated_run_info=DagRunInfo(run_after=DateTime(2026, 7, 26, 0, 0, 0, tzinfo=Timezone('UTC')), data_interval=DataInterval(start=DateTime(2026, 7, 26, 0, 0, 0, tzinfo=Timezone('UTC')), end=DateTime(2026, 7, 26, 0, 0, 0, tzinfo=Timezone('UTC'))), partition_date=None, partition_key=None) loc=dag.py:445 next_info=DagRunInfo(run_after=DateTime(2026, 7, 27, 0, 0, 0, tzinfo=Timezone('UTC')), data_interval=DataInterval(start=DateTime(2026, 7, 27, 0, 0, 0, tzinfo=Timezone('UTC')), end=DateTime(2026, 7, 27, 0, 0, 0, tzinfo=Timezone('UTC'))), partition_date=None, partition_key=None)
dag-processor | 2026-07-26T20:05:31.064514Z [info     ] setting next dagrun info       [airflow.models.dag] loc=dag.py:848 next_dagrun='2026-07-27 00:00:00+00:00' next_dagrun_create_after='2026-07-27 00:00:00+00:00' next_dagrun_data_interval_end='2026-07-27 00:00:00+00:00' next_dagrun_data_interval_start='2026-07-27 00:00:00+00:00' next_dagrun_partition_date=None next_dagrun_partition_key=None
dag-processor | 2026-07-26T20:05:32.119838Z [info     ] Bulk-writing dags to db        [airflow.serialization.definitions.dag] count=1 loc=dag.py:210
dag-processor | 2026-07-26T20:05:32.123405Z [info     ] Getting latest run for non-partitioned Dag [airflow.dag_processing.collection] dag_id=Proyecto_FIFA_Sync_Raw_CSV loc=collection.py:200
dag-processor | 2026-07-26T20:05:32.124996Z [info     ] got latest run                 [airflow.dag_processing.collection] dag_id=Proyecto_FIFA_Sync_Raw_CSV loc=collection.py:203 logical_date='2026-07-26 20:00:00+00:00' partition_key=None
dag-processor | 2026-07-26T20:05:32.132421Z [info     ] get next_dagrun_info_v2        [airflow.serialization.definitions.dag] last_automated_run_info=DagRunInfo(run_after=DateTime(2026, 7, 26, 20, 0, 0, tzinfo=Timezone('UTC')), data_interval=DataInterval(start=DateTime(2026, 7, 26, 20, 0, 0, tzinfo=Timezone('UTC')), end=DateTime(2026, 7, 26, 20, 0, 0, tzinfo=Timezone('UTC'))), partition_date=None, partition_key=None) loc=dag.py:445 next_info=DagRunInfo(run_after=DateTime(2026, 7, 26, 21, 0, 0, tzinfo=Timezone('UTC')), data_interval=DataInterval(start=DateTime(2026, 7, 26, 21, 0, 0, tzinfo=Timezone('UTC')), end=DateTime(2026, 7, 26, 21, 0, 0, tzinfo=Timezone('UTC'))), partition_date=None, partition_key=None)
dag-processor | 2026-07-26T20:05:32.132774Z [info     ] setting next dagrun info       [airflow.models.dag] loc=dag.py:848 next_dagrun='2026-07-26 21:00:00+00:00' next_dagrun_create_after='2026-07-26 21:00:00+00:00' next_dagrun_data_interval_end='2026-07-26 21:00:00+00:00' next_dagrun_data_interval_start='2026-07-26 21:00:00+00:00' next_dagrun_partition_date=None next_dagrun_partition_key=None
dag-processor | 2026-07-26T20:05:33.126077Z [info     ] Not time to refresh bundle dags-folder [airflow.dag_processing.manager.DagFileProcessorManager] loc=manager.py:843
dag-processor | 2026-07-26T20:05:38.148754Z [info     ] Not time to refresh bundle dags-folder [airflow.dag_processing.manager.DagFileProcessorManager] loc=manager.py:843
dag-processor | 2026-07-26T20:05:43.170630Z [info     ] Not time to refresh bundle dags-folder [airflow.dag_processing.manager.DagFileProcessorManager] loc=manager.py:843
dag-processor | 2026-07-26T20:05:48.190942Z [info     ] Not time to refresh bundle dags-folder [airflow.dag_processing.manager.DagFileProcessorManager] loc=manager.py:843
dag-processor | 2026-07-26T20:05:53.210718Z [info     ]
dag-processor | ================================================================================
dag-processor | DAG File Processing Stats
dag-processor | Bundle       File Path             PID    Current Duration      # DAGs    # Errors  Last Duration    Last Run At
dag-processor | -----------  --------------------  -----  ------------------  --------  ----------  ---------------  -------------------
dag-processor | dags-folder  fifa_etl_dag.py                                         1           0  0.06s            2026-07-26T20:05:31
dag-processor | dags-folder  fifa_sync_raw_dag.py                                    1           0  0.06s            2026-07-26T20:05:32
dag-processor | ================================================================================ [airflow.dag_processing.manager.DagFileProcessorManager] loc=manager.py:1123
dag-processor | 2026-07-26T20:05:53.212070Z [info     ] Not time to refresh bundle dags-folder [airflow.dag_processing.manager.DagFileProcessorManager] loc=manager.py:843
dag-processor | 2026-07-26T20:05:58.234088Z [info     ] Not time to refresh bundle dags-folder [airflow.dag_processing.manager.DagFileProcessorManager] loc=manager.py:843
dag-processor | 2026-07-26T20:06:01.377077Z [info     ] Bulk-writing dags to db        [airflow.serialization.definitions.dag] count=1 loc=dag.py:210
dag-processor | 2026-07-26T20:06:01.380690Z [info     ] Getting latest run for non-partitioned Dag [airflow.dag_processing.collection] dag_id=Proyecto_FIFA_ETL loc=collection.py:200
dag-processor | 2026-07-26T20:06:01.382781Z [info     ] got latest run                 [airflow.dag_processing.collection] dag_id=Proyecto_FIFA_ETL loc=collection.py:203 logical_date='2026-07-26 00:00:00+00:00' partition_key=None
dag-processor | 2026-07-26T20:06:01.391204Z [info     ] get next_dagrun_info_v2        [airflow.serialization.definitions.dag] last_automated_run_info=DagRunInfo(run_after=DateTime(2026, 7, 26, 0, 0, 0, tzinfo=Timezone('UTC')), data_interval=DataInterval(start=DateTime(2026, 7, 26, 0, 0, 0, tzinfo=Timezone('UTC')), end=DateTime(2026, 7, 26, 0, 0, 0, tzinfo=Timezone('UTC'))), partition_date=None, partition_key=None) loc=dag.py:445 next_info=DagRunInfo(run_after=DateTime(2026, 7, 27, 0, 0, 0, tzinfo=Timezone('UTC')), data_interval=DataInterval(start=DateTime(2026, 7, 27, 0, 0, 0, tzinfo=Timezone('UTC')), end=DateTime(2026, 7, 27, 0, 0, 0, tzinfo=Timezone('UTC'))), partition_date=None, partition_key=None)
dag-processor | 2026-07-26T20:06:01.391526Z [info     ] setting next dagrun info       [airflow.models.dag] loc=dag.py:848 next_dagrun='2026-07-27 00:00:00+00:00' next_dagrun_create_after='2026-07-27 00:00:00+00:00' next_dagrun_data_interval_end='2026-07-27 00:00:00+00:00' next_dagrun_data_interval_start='2026-07-27 00:00:00+00:00' next_dagrun_partition_date=None next_dagrun_partition_key=None
dag-processor | 2026-07-26T20:06:02.439115Z [info     ] Bulk-writing dags to db        [airflow.serialization.definitions.dag] count=1 loc=dag.py:210
dag-processor | 2026-07-26T20:06:02.442509Z [info     ] Getting latest run for non-partitioned Dag [airflow.dag_processing.collection] dag_id=Proyecto_FIFA_Sync_Raw_CSV loc=collection.py:200
dag-processor | 2026-07-26T20:06:02.444002Z [info     ] got latest run                 [airflow.dag_processing.collection] dag_id=Proyecto_FIFA_Sync_Raw_CSV loc=collection.py:203 logical_date='2026-07-26 20:00:00+00:00' partition_key=None
dag-processor | 2026-07-26T20:06:02.451747Z [info     ] get next_dagrun_info_v2        [airflow.serialization.definitions.dag] last_automated_run_info=DagRunInfo(run_after=DateTime(2026, 7, 26, 20, 0, 0, tzinfo=Timezone('UTC')), data_interval=DataInterval(start=DateTime(2026, 7, 26, 20, 0, 0, tzinfo=Timezone('UTC')), end=DateTime(2026, 7, 26, 20, 0, 0, tzinfo=Timezone('UTC'))), partition_date=None, partition_key=None) loc=dag.py:445 next_info=DagRunInfo(run_after=DateTime(2026, 7, 26, 21, 0, 0, tzinfo=Timezone('UTC')), data_interval=DataInterval(start=DateTime(2026, 7, 26, 21, 0, 0, tzinfo=Timezone('UTC')), end=DateTime(2026, 7, 26, 21, 0, 0, tzinfo=Timezone('UTC'))), partition_date=None, partition_key=None)
dag-processor | 2026-07-26T20:06:02.451989Z [info     ] setting next dagrun info       [airflow.models.dag] loc=dag.py:848 next_dagrun='2026-07-26 21:00:00+00:00' next_dagrun_create_after='2026-07-26 21:00:00+00:00' next_dagrun_data_interval_end='2026-07-26 21:00:00+00:00' next_dagrun_data_interval_start='2026-07-26 21:00:00+00:00' next_dagrun_partition_date=None next_dagrun_partition_key=None
dag-processor | 2026-07-26T20:06:03.444977Z [info     ] Not time to refresh bundle dags-folder [airflow.dag_processing.manager.DagFileProcessorManager] loc=manager.py:843
dag-processor | 2026-07-26T20:06:08.476686Z [info     ] Not time to refresh bundle dags-folder [airflow.dag_processing.manager.DagFileProcessorManager] loc=manager.py:843
dag-processor | 2026-07-26T20:06:13.504890Z [info     ] Not time to refresh bundle dags-folder [airflow.dag_processing.manager.DagFileProcessorManager] loc=manager.py:843
dag-processor | 2026-07-26T20:06:18.527686Z [info     ] Not time to refresh bundle dags-folder [airflow.dag_processing.manager.DagFileProcessorManager] loc=manager.py:843
triggerer  | 2026-07-26T20:06:18.846828Z [info     ] 0 triggers currently running   [airflow.jobs.triggerer_job_runner] loc=triggerer_job_runner.py:1036
triggerer  | 2026-07-26T20:06:18.847047Z [info     ] 0 watchers currently running   [airflow.jobs.triggerer_job_runner] loc=triggerer_job_runner.py:1036
dag-processor | 2026-07-26T20:06:23.550442Z [info     ]
dag-processor | ================================================================================
dag-processor | DAG File Processing Stats
dag-processor | Bundle       File Path             PID    Current Duration      # DAGs    # Errors  Last Duration    Last Run At
dag-processor | -----------  --------------------  -----  ------------------  --------  ----------  ---------------  -------------------
dag-processor | dags-folder  fifa_etl_dag.py                                         1           0  0.06s            2026-07-26T20:06:01
dag-processor | dags-folder  fifa_sync_raw_dag.py                                    1           0  0.05s            2026-07-26T20:06:02
dag-processor | ================================================================================ [airflow.dag_processing.manager.DagFileProcessorManager] loc=manager.py:1123
dag-processor | 2026-07-26T20:06:23.551817Z [info     ] Not time to refresh bundle dags-folder [airflow.dag_processing.manager.DagFileProcessorManager] loc=manager.py:843
dag-processor | 2026-07-26T20:06:28.572725Z [info     ] Not time to refresh bundle dags-folder [airflow.dag_processing.manager.DagFileProcessorManager] loc=manager.py:843
dag-processor | 2026-07-26T20:06:31.674531Z [info     ] Bulk-writing dags to db        [airflow.serialization.definitions.dag] count=1 loc=dag.py:210
dag-processor | 2026-07-26T20:06:31.678330Z [info     ] Getting latest run for non-partitioned Dag [airflow.dag_processing.collection] dag_id=Proyecto_FIFA_ETL loc=collection.py:200
dag-processor | 2026-07-26T20:06:31.680848Z [info     ] got latest run                 [airflow.dag_processing.collection] dag_id=Proyecto_FIFA_ETL loc=collection.py:203 logical_date='2026-07-26 00:00:00+00:00' partition_key=None
dag-processor | 2026-07-26T20:06:31.689001Z [info     ] get next_dagrun_info_v2        [airflow.serialization.definitions.dag] last_automated_run_info=DagRunInfo(run_after=DateTime(2026, 7, 26, 0, 0, 0, tzinfo=Timezone('UTC')), data_interval=DataInterval(start=DateTime(2026, 7, 26, 0, 0, 0, tzinfo=Timezone('UTC')), end=DateTime(2026, 7, 26, 0, 0, 0, tzinfo=Timezone('UTC'))), partition_date=None, partition_key=None) loc=dag.py:445 next_info=DagRunInfo(run_after=DateTime(2026, 7, 27, 0, 0, 0, tzinfo=Timezone('UTC')), data_interval=DataInterval(start=DateTime(2026, 7, 27, 0, 0, 0, tzinfo=Timezone('UTC')), end=DateTime(2026, 7, 27, 0, 0, 0, tzinfo=Timezone('UTC'))), partition_date=None, partition_key=None)
dag-processor | 2026-07-26T20:06:31.689259Z [info     ] setting next dagrun info       [airflow.models.dag] loc=dag.py:848 next_dagrun='2026-07-27 00:00:00+00:00' next_dagrun_create_after='2026-07-27 00:00:00+00:00' next_dagrun_data_interval_end='2026-07-27 00:00:00+00:00' next_dagrun_data_interval_start='2026-07-27 00:00:00+00:00' next_dagrun_partition_date=None next_dagrun_partition_key=None
dag-processor | 2026-07-26T20:06:32.742715Z [info     ] Bulk-writing dags to db        [airflow.serialization.definitions.dag] count=1 loc=dag.py:210
dag-processor | 2026-07-26T20:06:32.747383Z [info     ] Getting latest run for non-partitioned Dag [airflow.dag_processing.collection] dag_id=Proyecto_FIFA_Sync_Raw_CSV loc=collection.py:200
dag-processor | 2026-07-26T20:06:32.748888Z [info     ] got latest run                 [airflow.dag_processing.collection] dag_id=Proyecto_FIFA_Sync_Raw_CSV loc=collection.py:203 logical_date='2026-07-26 20:00:00+00:00' partition_key=None
dag-processor | 2026-07-26T20:06:32.756818Z [info     ] get next_dagrun_info_v2        [airflow.serialization.definitions.dag] last_automated_run_info=DagRunInfo(run_after=DateTime(2026, 7, 26, 20, 0, 0, tzinfo=Timezone('UTC')), data_interval=DataInterval(start=DateTime(2026, 7, 26, 20, 0, 0, tzinfo=Timezone('UTC')), end=DateTime(2026, 7, 26, 20, 0, 0, tzinfo=Timezone('UTC'))), partition_date=None, partition_key=None) loc=dag.py:445 next_info=DagRunInfo(run_after=DateTime(2026, 7, 26, 21, 0, 0, tzinfo=Timezone('UTC')), data_interval=DataInterval(start=DateTime(2026, 7, 26, 21, 0, 0, tzinfo=Timezone('UTC')), end=DateTime(2026, 7, 26, 21, 0, 0, tzinfo=Timezone('UTC'))), partition_date=None, partition_key=None)
dag-processor | 2026-07-26T20:06:32.757041Z [info     ] setting next dagrun info       [airflow.models.dag] loc=dag.py:848 next_dagrun='2026-07-26 21:00:00+00:00' next_dagrun_create_after='2026-07-26 21:00:00+00:00' next_dagrun_data_interval_end='2026-07-26 21:00:00+00:00' next_dagrun_data_interval_start='2026-07-26 21:00:00+00:00' next_dagrun_partition_date=None next_dagrun_partition_key=None
dag-processor | 2026-07-26T20:06:33.748134Z [info     ] Not time to refresh bundle dags-folder [airflow.dag_processing.manager.DagFileProcessorManager] loc=manager.py:843
dag-processor | 2026-07-26T20:06:38.772020Z [info     ] Not time to refresh bundle dags-folder [airflow.dag_processing.manager.DagFileProcessorManager] loc=manager.py:843
dag-processor | 2026-07-26T20:06:43.850674Z [info     ] Not time to refresh bundle dags-folder [airflow.dag_processing.manager.DagFileProcessorManager] loc=manager.py:843
dag-processor | 2026-07-26T20:06:48.872763Z [info     ] Not time to refresh bundle dags-folder [airflow.dag_processing.manager.DagFileProcessorManager] loc=manager.py:843
dag-processor | 2026-07-26T20:06:53.897777Z [info     ]
dag-processor | ================================================================================
dag-processor | DAG File Processing Stats
dag-processor | Bundle       File Path             PID    Current Duration      # DAGs    # Errors  Last Duration    Last Run At
dag-processor | -----------  --------------------  -----  ------------------  --------  ----------  ---------------  -------------------
dag-processor | dags-folder  fifa_sync_raw_dag.py                                    1           0  0.06s            2026-07-26T20:06:32
dag-processor | dags-folder  fifa_etl_dag.py                                         1           0  0.06s            2026-07-26T20:06:31
dag-processor | ================================================================================ [airflow.dag_processing.manager.DagFileProcessorManager] loc=manager.py:1123
dag-processor | 2026-07-26T20:06:53.899170Z [info     ] Not time to refresh bundle dags-folder [airflow.dag_processing.manager.DagFileProcessorManager] loc=manager.py:843
dag-processor | 2026-07-26T20:06:58.922562Z [info     ] Not time to refresh bundle dags-folder [airflow.dag_processing.manager.DagFileProcessorManager] loc=manager.py:843
dag-processor | 2026-07-26T20:07:02.057396Z [info     ] Bulk-writing dags to db        [airflow.serialization.definitions.dag] count=1 loc=dag.py:210
dag-processor | 2026-07-26T20:07:02.060969Z [info     ] Getting latest run for non-partitioned Dag [airflow.dag_processing.collection] dag_id=Proyecto_FIFA_ETL loc=collection.py:200
dag-processor | 2026-07-26T20:07:02.063062Z [info     ] got latest run                 [airflow.dag_processing.collection] dag_id=Proyecto_FIFA_ETL loc=collection.py:203 logical_date='2026-07-26 00:00:00+00:00' partition_key=None
dag-processor | 2026-07-26T20:07:02.071712Z [info     ] get next_dagrun_info_v2        [airflow.serialization.definitions.dag] last_automated_run_info=DagRunInfo(run_after=DateTime(2026, 7, 26, 0, 0, 0, tzinfo=Timezone('UTC')), data_interval=DataInterval(start=DateTime(2026, 7, 26, 0, 0, 0, tzinfo=Timezone('UTC')), end=DateTime(2026, 7, 26, 0, 0, 0, tzinfo=Timezone('UTC'))), partition_date=None, partition_key=None) loc=dag.py:445 next_info=DagRunInfo(run_after=DateTime(2026, 7, 27, 0, 0, 0, tzinfo=Timezone('UTC')), data_interval=DataInterval(start=DateTime(2026, 7, 27, 0, 0, 0, tzinfo=Timezone('UTC')), end=DateTime(2026, 7, 27, 0, 0, 0, tzinfo=Timezone('UTC'))), partition_date=None, partition_key=None)
dag-processor | 2026-07-26T20:07:02.071953Z [info     ] setting next dagrun info       [airflow.models.dag] loc=dag.py:848 next_dagrun='2026-07-27 00:00:00+00:00' next_dagrun_create_after='2026-07-27 00:00:00+00:00' next_dagrun_data_interval_end='2026-07-27 00:00:00+00:00' next_dagrun_data_interval_start='2026-07-27 00:00:00+00:00' next_dagrun_partition_date=None next_dagrun_partition_key=None
dag-processor | 2026-07-26T20:07:03.129630Z [info     ] Bulk-writing dags to db        [airflow.serialization.definitions.dag] count=1 loc=dag.py:210
dag-processor | 2026-07-26T20:07:03.134547Z [info     ] Getting latest run for non-partitioned Dag [airflow.dag_processing.collection] dag_id=Proyecto_FIFA_Sync_Raw_CSV loc=collection.py:200
dag-processor | 2026-07-26T20:07:03.136815Z [info     ] got latest run                 [airflow.dag_processing.collection] dag_id=Proyecto_FIFA_Sync_Raw_CSV loc=collection.py:203 logical_date='2026-07-26 20:00:00+00:00' partition_key=None
dag-processor | 2026-07-26T20:07:03.144920Z [info     ] get next_dagrun_info_v2        [airflow.serialization.definitions.dag] last_automated_run_info=DagRunInfo(run_after=DateTime(2026, 7, 26, 20, 0, 0, tzinfo=Timezone('UTC')), data_interval=DataInterval(start=DateTime(2026, 7, 26, 20, 0, 0, tzinfo=Timezone('UTC')), end=DateTime(2026, 7, 26, 20, 0, 0, tzinfo=Timezone('UTC'))), partition_date=None, partition_key=None) loc=dag.py:445 next_info=DagRunInfo(run_after=DateTime(2026, 7, 26, 21, 0, 0, tzinfo=Timezone('UTC')), data_interval=DataInterval(start=DateTime(2026, 7, 26, 21, 0, 0, tzinfo=Timezone('UTC')), end=DateTime(2026, 7, 26, 21, 0, 0, tzinfo=Timezone('UTC'))), partition_date=None, partition_key=None)
dag-processor | 2026-07-26T20:07:03.145360Z [info     ] setting next dagrun info       [airflow.models.dag] loc=dag.py:848 next_dagrun='2026-07-26 21:00:00+00:00' next_dagrun_create_after='2026-07-26 21:00:00+00:00' next_dagrun_data_interval_end='2026-07-26 21:00:00+00:00' next_dagrun_data_interval_start='2026-07-26 21:00:00+00:00' next_dagrun_partition_date=None next_dagrun_partition_key=None
dag-processor | 2026-07-26T20:07:04.134749Z [info     ] Not time to refresh bundle dags-folder [airflow.dag_processing.manager.DagFileProcessorManager] loc=manager.py:843
dag-processor | 2026-07-26T20:07:09.393386Z [info     ] Not time to refresh bundle dags-folder [airflow.dag_processing.manager.DagFileProcessorManager] loc=manager.py:843
dag-processor | 2026-07-26T20:07:14.454496Z [info     ] Not time to refresh bundle dags-folder [airflow.dag_processing.manager.DagFileProcessorManager] loc=manager.py:843
triggerer  | 2026-07-26T20:07:19.380081Z [info     ] 0 triggers currently running   [airflow.jobs.triggerer_job_runner] loc=triggerer_job_runner.py:1036
triggerer  | 2026-07-26T20:07:19.380205Z [info     ] 0 watchers currently running   [airflow.jobs.triggerer_job_runner] loc=triggerer_job_runner.py:1036
dag-processor | 2026-07-26T20:07:19.483730Z [info     ] Not time to refresh bundle dags-folder [airflow.dag_processing.manager.DagFileProcessorManager] loc=manager.py:843
dag-processor | 2026-07-26T20:07:24.512139Z [info     ]
dag-processor | ================================================================================
dag-processor | DAG File Processing Stats
dag-processor | Bundle       File Path             PID    Current Duration      # DAGs    # Errors  Last Duration    Last Run At
dag-processor | -----------  --------------------  -----  ------------------  --------  ----------  ---------------  -------------------
dag-processor | dags-folder  fifa_etl_dag.py                                         1           0  0.07s            2026-07-26T20:07:02
dag-processor | dags-folder  fifa_sync_raw_dag.py                                    1           0  0.06s            2026-07-26T20:07:03
dag-processor | ================================================================================ [airflow.dag_processing.manager.DagFileProcessorManager] loc=manager.py:1123
dag-processor | 2026-07-26T20:07:24.513572Z [info     ] Not time to refresh bundle dags-folder [airflow.dag_processing.manager.DagFileProcessorManager] loc=manager.py:843
dag-processor | 2026-07-26T20:07:29.536563Z [info     ] Not time to refresh bundle dags-folder [airflow.dag_processing.manager.DagFileProcessorManager] loc=manager.py:843
dag-processor | 2026-07-26T20:07:32.615392Z [info     ] Bulk-writing dags to db        [airflow.serialization.definitions.dag] count=1 loc=dag.py:210
dag-processor | 2026-07-26T20:07:32.620767Z [info     ] Getting latest run for non-partitioned Dag [airflow.dag_processing.collection] dag_id=Proyecto_FIFA_ETL loc=collection.py:200
dag-processor | 2026-07-26T20:07:32.623454Z [info     ] got latest run                 [airflow.dag_processing.collection] dag_id=Proyecto_FIFA_ETL loc=collection.py:203 logical_date='2026-07-26 00:00:00+00:00' partition_key=None
dag-processor | 2026-07-26T20:07:32.633593Z [info     ] get next_dagrun_info_v2        [airflow.serialization.definitions.dag] last_automated_run_info=DagRunInfo(run_after=DateTime(2026, 7, 26, 0, 0, 0, tzinfo=Timezone('UTC')), data_interval=DataInterval(start=DateTime(2026, 7, 26, 0, 0, 0, tzinfo=Timezone('UTC')), end=DateTime(2026, 7, 26, 0, 0, 0, tzinfo=Timezone('UTC'))), partition_date=None, partition_key=None) loc=dag.py:445 next_info=DagRunInfo(run_after=DateTime(2026, 7, 27, 0, 0, 0, tzinfo=Timezone('UTC')), data_interval=DataInterval(start=DateTime(2026, 7, 27, 0, 0, 0, tzinfo=Timezone('UTC')), end=DateTime(2026, 7, 27, 0, 0, 0, tzinfo=Timezone('UTC'))), partition_date=None, partition_key=None)
dag-processor | 2026-07-26T20:07:32.633930Z [info     ] setting next dagrun info       [airflow.models.dag] loc=dag.py:848 next_dagrun='2026-07-27 00:00:00+00:00' next_dagrun_create_after='2026-07-27 00:00:00+00:00' next_dagrun_data_interval_end='2026-07-27 00:00:00+00:00' next_dagrun_data_interval_start='2026-07-27 00:00:00+00:00' next_dagrun_partition_date=None next_dagrun_partition_key=None
dag-processor | 2026-07-26T20:07:33.737092Z [info     ] Bulk-writing dags to db        [airflow.serialization.definitions.dag] count=1 loc=dag.py:210
dag-processor | 2026-07-26T20:07:33.741321Z [info     ] Getting latest run for non-partitioned Dag [airflow.dag_processing.collection] dag_id=Proyecto_FIFA_Sync_Raw_CSV loc=collection.py:200
dag-processor | 2026-07-26T20:07:33.742927Z [info     ] got latest run                 [airflow.dag_processing.collection] dag_id=Proyecto_FIFA_Sync_Raw_CSV loc=collection.py:203 logical_date='2026-07-26 20:00:00+00:00' partition_key=None
dag-processor | 2026-07-26T20:07:33.753656Z [info     ] get next_dagrun_info_v2        [airflow.serialization.definitions.dag] last_automated_run_info=DagRunInfo(run_after=DateTime(2026, 7, 26, 20, 0, 0, tzinfo=Timezone('UTC')), data_interval=DataInterval(start=DateTime(2026, 7, 26, 20, 0, 0, tzinfo=Timezone('UTC')), end=DateTime(2026, 7, 26, 20, 0, 0, tzinfo=Timezone('UTC'))), partition_date=None, partition_key=None) loc=dag.py:445 next_info=DagRunInfo(run_after=DateTime(2026, 7, 26, 21, 0, 0, tzinfo=Timezone('UTC')), data_interval=DataInterval(start=DateTime(2026, 7, 26, 21, 0, 0, tzinfo=Timezone('UTC')), end=DateTime(2026, 7, 26, 21, 0, 0, tzinfo=Timezone('UTC'))), partition_date=None, partition_key=None)
dag-processor | 2026-07-26T20:07:33.753913Z [info     ] setting next dagrun info       [airflow.models.dag] loc=dag.py:848 next_dagrun='2026-07-26 21:00:00+00:00' next_dagrun_create_after='2026-07-26 21:00:00+00:00' next_dagrun_data_interval_end='2026-07-26 21:00:00+00:00' next_dagrun_data_interval_start='2026-07-26 21:00:00+00:00' next_dagrun_partition_date=None next_dagrun_partition_key=None
dag-processor | 2026-07-26T20:07:34.742467Z [info     ] Not time to refresh bundle dags-folder [airflow.dag_processing.manager.DagFileProcessorManager] loc=manager.py:843
dag-processor | 2026-07-26T20:07:39.768159Z [info     ] Not time to refresh bundle dags-folder [airflow.dag_processing.manager.DagFileProcessorManager] loc=manager.py:843
dag-processor | 2026-07-26T20:07:44.792382Z [info     ] Not time to refresh bundle dags-folder [airflow.dag_processing.manager.DagFileProcessorManager] loc=manager.py:843
dag-processor | 2026-07-26T20:07:49.816150Z [info     ] Not time to refresh bundle dags-folder [airflow.dag_processing.manager.DagFileProcessorManager] loc=manager.py:843
dag-processor | 2026-07-26T20:07:54.835855Z [info     ]
dag-processor | ================================================================================
dag-processor | DAG File Processing Stats
dag-processor | Bundle       File Path             PID    Current Duration      # DAGs    # Errors  Last Duration    Last Run At
dag-processor | -----------  --------------------  -----  ------------------  --------  ----------  ---------------  -------------------
dag-processor | dags-folder  fifa_sync_raw_dag.py                                    1           0  0.07s            2026-07-26T20:07:33
dag-processor | dags-folder  fifa_etl_dag.py                                         1           0  0.06s            2026-07-26T20:07:32
dag-processor | ================================================================================ [airflow.dag_processing.manager.DagFileProcessorManager] loc=manager.py:1123
dag-processor | 2026-07-26T20:07:54.837068Z [info     ] Not time to refresh bundle dags-folder [airflow.dag_processing.manager.DagFileProcessorManager] loc=manager.py:843
dag-processor | 2026-07-26T20:07:59.860921Z [info     ] Not time to refresh bundle dags-folder [airflow.dag_processing.manager.DagFileProcessorManager] loc=manager.py:843
dag-processor | 2026-07-26T20:08:02.943625Z [info     ] Bulk-writing dags to db        [airflow.serialization.definitions.dag] count=1 loc=dag.py:210
dag-processor | 2026-07-26T20:08:02.949059Z [info     ] Getting latest run for non-partitioned Dag [airflow.dag_processing.collection] dag_id=Proyecto_FIFA_ETL loc=collection.py:200
dag-processor | 2026-07-26T20:08:02.950881Z [info     ] got latest run                 [airflow.dag_processing.collection] dag_id=Proyecto_FIFA_ETL loc=collection.py:203 logical_date='2026-07-26 00:00:00+00:00' partition_key=None
dag-processor | 2026-07-26T20:08:02.958347Z [info     ] get next_dagrun_info_v2        [airflow.serialization.definitions.dag] last_automated_run_info=DagRunInfo(run_after=DateTime(2026, 7, 26, 0, 0, 0, tzinfo=Timezone('UTC')), data_interval=DataInterval(start=DateTime(2026, 7, 26, 0, 0, 0, tzinfo=Timezone('UTC')), end=DateTime(2026, 7, 26, 0, 0, 0, tzinfo=Timezone('UTC'))), partition_date=None, partition_key=None) loc=dag.py:445 next_info=DagRunInfo(run_after=DateTime(2026, 7, 27, 0, 0, 0, tzinfo=Timezone('UTC')), data_interval=DataInterval(start=DateTime(2026, 7, 27, 0, 0, 0, tzinfo=Timezone('UTC')), end=DateTime(2026, 7, 27, 0, 0, 0, tzinfo=Timezone('UTC'))), partition_date=None, partition_key=None)
dag-processor | 2026-07-26T20:08:02.958818Z [info     ] setting next dagrun info       [airflow.models.dag] loc=dag.py:848 next_dagrun='2026-07-27 00:00:00+00:00' next_dagrun_create_after='2026-07-27 00:00:00+00:00' next_dagrun_data_interval_end='2026-07-27 00:00:00+00:00' next_dagrun_data_interval_start='2026-07-27 00:00:00+00:00' next_dagrun_partition_date=None next_dagrun_partition_key=None
dag-processor | 2026-07-26T20:08:04.020153Z [info     ] Bulk-writing dags to db        [airflow.serialization.definitions.dag] count=1 loc=dag.py:210
dag-processor | 2026-07-26T20:08:04.024525Z [info     ] Getting latest run for non-partitioned Dag [airflow.dag_processing.collection] dag_id=Proyecto_FIFA_Sync_Raw_CSV loc=collection.py:200
dag-processor | 2026-07-26T20:08:04.026551Z [info     ] got latest run                 [airflow.dag_processing.collection] dag_id=Proyecto_FIFA_Sync_Raw_CSV loc=collection.py:203 logical_date='2026-07-26 20:00:00+00:00' partition_key=None
dag-processor | 2026-07-26T20:08:04.034436Z [info     ] get next_dagrun_info_v2        [airflow.serialization.definitions.dag] last_automated_run_info=DagRunInfo(run_after=DateTime(2026, 7, 26, 20, 0, 0, tzinfo=Timezone('UTC')), data_interval=DataInterval(start=DateTime(2026, 7, 26, 20, 0, 0, tzinfo=Timezone('UTC')), end=DateTime(2026, 7, 26, 20, 0, 0, tzinfo=Timezone('UTC'))), partition_date=None, partition_key=None) loc=dag.py:445 next_info=DagRunInfo(run_after=DateTime(2026, 7, 26, 21, 0, 0, tzinfo=Timezone('UTC')), data_interval=DataInterval(start=DateTime(2026, 7, 26, 21, 0, 0, tzinfo=Timezone('UTC')), end=DateTime(2026, 7, 26, 21, 0, 0, tzinfo=Timezone('UTC'))), partition_date=None, partition_key=None)
dag-processor | 2026-07-26T20:08:04.034745Z [info     ] setting next dagrun info       [airflow.models.dag] loc=dag.py:848 next_dagrun='2026-07-26 21:00:00+00:00' next_dagrun_create_after='2026-07-26 21:00:00+00:00' next_dagrun_data_interval_end='2026-07-26 21:00:00+00:00' next_dagrun_data_interval_start='2026-07-26 21:00:00+00:00' next_dagrun_partition_date=None next_dagrun_partition_key=None
dag-processor | 2026-07-26T20:08:05.024926Z [info     ] Not time to refresh bundle dags-folder [airflow.dag_processing.manager.DagFileProcessorManager] loc=manager.py:843
dag-processor | 2026-07-26T20:08:10.048364Z [info     ] Not time to refresh bundle dags-folder [airflow.dag_processing.manager.DagFileProcessorManager] loc=manager.py:843
dag-processor | 2026-07-26T20:08:15.075434Z [info     ] Not time to refresh bundle dags-folder [airflow.dag_processing.manager.DagFileProcessorManager] loc=manager.py:843
triggerer  | 2026-07-26T20:08:19.590721Z [info     ] 0 triggers currently running   [airflow.jobs.triggerer_job_runner] loc=triggerer_job_runner.py:1036
triggerer  | 2026-07-26T20:08:19.590855Z [info     ] 0 watchers currently running   [airflow.jobs.triggerer_job_runner] loc=triggerer_job_runner.py:1036
dag-processor | 2026-07-26T20:08:20.101820Z [info     ] Not time to refresh bundle dags-folder [airflow.dag_processing.manager.DagFileProcessorManager] loc=manager.py:843
dag-processor | 2026-07-26T20:08:25.161946Z [info     ]
dag-processor | ================================================================================
dag-processor | DAG File Processing Stats
dag-processor | Bundle       File Path             PID    Current Duration      # DAGs    # Errors  Last Duration    Last Run At
dag-processor | -----------  --------------------  -----  ------------------  --------  ----------  ---------------  -------------------
dag-processor | dags-folder  fifa_sync_raw_dag.py                                    1           0  0.06s            2026-07-26T20:08:04
dag-processor | dags-folder  fifa_etl_dag.py                                         1           0  0.06s            2026-07-26T20:08:02
dag-processor | ================================================================================ [airflow.dag_processing.manager.DagFileProcessorManager] loc=manager.py:1123
dag-processor | 2026-07-26T20:08:25.163438Z [info     ] Not time to refresh bundle dags-folder [airflow.dag_processing.manager.DagFileProcessorManager] loc=manager.py:843
dag-processor | 2026-07-26T20:08:30.186008Z [info     ] Not time to refresh bundle dags-folder [airflow.dag_processing.manager.DagFileProcessorManager] loc=manager.py:843
dag-processor | 2026-07-26T20:08:33.265555Z [info     ] Bulk-writing dags to db        [airflow.serialization.definitions.dag] count=1 loc=dag.py:210
dag-processor | 2026-07-26T20:08:33.269117Z [info     ] Getting latest run for non-partitioned Dag [airflow.dag_processing.collection] dag_id=Proyecto_FIFA_ETL loc=collection.py:200
dag-processor | 2026-07-26T20:08:33.270729Z [info     ] got latest run                 [airflow.dag_processing.collection] dag_id=Proyecto_FIFA_ETL loc=collection.py:203 logical_date='2026-07-26 00:00:00+00:00' partition_key=None
dag-processor | 2026-07-26T20:08:33.279038Z [info     ] get next_dagrun_info_v2        [airflow.serialization.definitions.dag] last_automated_run_info=DagRunInfo(run_after=DateTime(2026, 7, 26, 0, 0, 0, tzinfo=Timezone('UTC')), data_interval=DataInterval(start=DateTime(2026, 7, 26, 0, 0, 0, tzinfo=Timezone('UTC')), end=DateTime(2026, 7, 26, 0, 0, 0, tzinfo=Timezone('UTC'))), partition_date=None, partition_key=None) loc=dag.py:445 next_info=DagRunInfo(run_after=DateTime(2026, 7, 27, 0, 0, 0, tzinfo=Timezone('UTC')), data_interval=DataInterval(start=DateTime(2026, 7, 27, 0, 0, 0, tzinfo=Timezone('UTC')), end=DateTime(2026, 7, 27, 0, 0, 0, tzinfo=Timezone('UTC'))), partition_date=None, partition_key=None)
dag-processor | 2026-07-26T20:08:33.279793Z [info     ] setting next dagrun info       [airflow.models.dag] loc=dag.py:848 next_dagrun='2026-07-27 00:00:00+00:00' next_dagrun_create_after='2026-07-27 00:00:00+00:00' next_dagrun_data_interval_end='2026-07-27 00:00:00+00:00' next_dagrun_data_interval_start='2026-07-27 00:00:00+00:00' next_dagrun_partition_date=None next_dagrun_partition_key=None
dag-processor | 2026-07-26T20:08:34.390841Z [info     ] Bulk-writing dags to db        [airflow.serialization.definitions.dag] count=1 loc=dag.py:210
dag-processor | 2026-07-26T20:08:34.395235Z [info     ] Getting latest run for non-partitioned Dag [airflow.dag_processing.collection] dag_id=Proyecto_FIFA_Sync_Raw_CSV loc=collection.py:200
dag-processor | 2026-07-26T20:08:34.397001Z [info     ] got latest run                 [airflow.dag_processing.collection] dag_id=Proyecto_FIFA_Sync_Raw_CSV loc=collection.py:203 logical_date='2026-07-26 20:00:00+00:00' partition_key=None
dag-processor | 2026-07-26T20:08:34.410452Z [info     ] get next_dagrun_info_v2        [airflow.serialization.definitions.dag] last_automated_run_info=DagRunInfo(run_after=DateTime(2026, 7, 26, 20, 0, 0, tzinfo=Timezone('UTC')), data_interval=DataInterval(start=DateTime(2026, 7, 26, 20, 0, 0, tzinfo=Timezone('UTC')), end=DateTime(2026, 7, 26, 20, 0, 0, tzinfo=Timezone('UTC'))), partition_date=None, partition_key=None) loc=dag.py:445 next_info=DagRunInfo(run_after=DateTime(2026, 7, 26, 21, 0, 0, tzinfo=Timezone('UTC')), data_interval=DataInterval(start=DateTime(2026, 7, 26, 21, 0, 0, tzinfo=Timezone('UTC')), end=DateTime(2026, 7, 26, 21, 0, 0, tzinfo=Timezone('UTC'))), partition_date=None, partition_key=None)
dag-processor | 2026-07-26T20:08:34.410735Z [info     ] setting next dagrun info       [airflow.models.dag] loc=dag.py:848 next_dagrun='2026-07-26 21:00:00+00:00' next_dagrun_create_after='2026-07-26 21:00:00+00:00' next_dagrun_data_interval_end='2026-07-26 21:00:00+00:00' next_dagrun_data_interval_start='2026-07-26 21:00:00+00:00' next_dagrun_partition_date=None next_dagrun_partition_key=None
dag-processor | 2026-07-26T20:08:35.397060Z [info     ] Not time to refresh bundle dags-folder [airflow.dag_processing.manager.DagFileProcessorManager] loc=manager.py:843
dag-processor | 2026-07-26T20:08:40.419577Z [info     ] Not time to refresh bundle dags-folder [airflow.dag_processing.manager.DagFileProcessorManager] loc=manager.py:843
dag-processor | 2026-07-26T20:08:45.443544Z [info     ] Not time to refresh bundle dags-folder [airflow.dag_processing.manager.DagFileProcessorManager] loc=manager.py:843
dag-processor | 2026-07-26T20:08:50.465774Z [info     ] Not time to refresh bundle dags-folder [airflow.dag_processing.manager.DagFileProcessorManager] loc=manager.py:843
dag-processor | 2026-07-26T20:08:55.491305Z [info     ]
dag-processor | ================================================================================
dag-processor | DAG File Processing Stats
dag-processor | Bundle       File Path             PID    Current Duration      # DAGs    # Errors  Last Duration    Last Run At
dag-processor | -----------  --------------------  -----  ------------------  --------  ----------  ---------------  -------------------
dag-processor | dags-folder  fifa_etl_dag.py                                         1           0  0.06s            2026-07-26T20:08:33
dag-processor | dags-folder  fifa_sync_raw_dag.py                                    1           0  0.06s            2026-07-26T20:08:34
dag-processor | ================================================================================ [airflow.dag_processing.manager.DagFileProcessorManager] loc=manager.py:1123
dag-processor | 2026-07-26T20:08:55.492631Z [info     ] Not time to refresh bundle dags-folder [airflow.dag_processing.manager.DagFileProcessorManager] loc=manager.py:843
dag-processor | 2026-07-26T20:09:00.515956Z [info     ] Not time to refresh bundle dags-folder [airflow.dag_processing.manager.DagFileProcessorManager] loc=manager.py:843
dag-processor | 2026-07-26T20:09:03.648973Z [info     ] Bulk-writing dags to db        [airflow.serialization.definitions.dag] count=1 loc=dag.py:210
dag-processor | 2026-07-26T20:09:03.653092Z [info     ] Getting latest run for non-partitioned Dag [airflow.dag_processing.collection] dag_id=Proyecto_FIFA_ETL loc=collection.py:200
dag-processor | 2026-07-26T20:09:03.654675Z [info     ] got latest run                 [airflow.dag_processing.collection] dag_id=Proyecto_FIFA_ETL loc=collection.py:203 logical_date='2026-07-26 00:00:00+00:00' partition_key=None
dag-processor | 2026-07-26T20:09:03.663340Z [info     ] get next_dagrun_info_v2        [airflow.serialization.definitions.dag] last_automated_run_info=DagRunInfo(run_after=DateTime(2026, 7, 26, 0, 0, 0, tzinfo=Timezone('UTC')), data_interval=DataInterval(start=DateTime(2026, 7, 26, 0, 0, 0, tzinfo=Timezone('UTC')), end=DateTime(2026, 7, 26, 0, 0, 0, tzinfo=Timezone('UTC'))), partition_date=None, partition_key=None) loc=dag.py:445 next_info=DagRunInfo(run_after=DateTime(2026, 7, 27, 0, 0, 0, tzinfo=Timezone('UTC')), data_interval=DataInterval(start=DateTime(2026, 7, 27, 0, 0, 0, tzinfo=Timezone('UTC')), end=DateTime(2026, 7, 27, 0, 0, 0, tzinfo=Timezone('UTC'))), partition_date=None, partition_key=None)
dag-processor | 2026-07-26T20:09:03.663625Z [info     ] setting next dagrun info       [airflow.models.dag] loc=dag.py:848 next_dagrun='2026-07-27 00:00:00+00:00' next_dagrun_create_after='2026-07-27 00:00:00+00:00' next_dagrun_data_interval_end='2026-07-27 00:00:00+00:00' next_dagrun_data_interval_start='2026-07-27 00:00:00+00:00' next_dagrun_partition_date=None next_dagrun_partition_key=None
dag-processor | 2026-07-26T20:09:04.722146Z [info     ] Bulk-writing dags to db        [airflow.serialization.definitions.dag] count=1 loc=dag.py:210
dag-processor | 2026-07-26T20:09:04.727691Z [info     ] Getting latest run for non-partitioned Dag [airflow.dag_processing.collection] dag_id=Proyecto_FIFA_Sync_Raw_CSV loc=collection.py:200
dag-processor | 2026-07-26T20:09:04.729699Z [info     ] got latest run                 [airflow.dag_processing.collection] dag_id=Proyecto_FIFA_Sync_Raw_CSV loc=collection.py:203 logical_date='2026-07-26 20:00:00+00:00' partition_key=None
dag-processor | 2026-07-26T20:09:04.736953Z [info     ] get next_dagrun_info_v2        [airflow.serialization.definitions.dag] last_automated_run_info=DagRunInfo(run_after=DateTime(2026, 7, 26, 20, 0, 0, tzinfo=Timezone('UTC')), data_interval=DataInterval(start=DateTime(2026, 7, 26, 20, 0, 0, tzinfo=Timezone('UTC')), end=DateTime(2026, 7, 26, 20, 0, 0, tzinfo=Timezone('UTC'))), partition_date=None, partition_key=None) loc=dag.py:445 next_info=DagRunInfo(run_after=DateTime(2026, 7, 26, 21, 0, 0, tzinfo=Timezone('UTC')), data_interval=DataInterval(start=DateTime(2026, 7, 26, 21, 0, 0, tzinfo=Timezone('UTC')), end=DateTime(2026, 7, 26, 21, 0, 0, tzinfo=Timezone('UTC'))), partition_date=None, partition_key=None)
dag-processor | 2026-07-26T20:09:04.737161Z [info     ] setting next dagrun info       [airflow.models.dag] loc=dag.py:848 next_dagrun='2026-07-26 21:00:00+00:00' next_dagrun_create_after='2026-07-26 21:00:00+00:00' next_dagrun_data_interval_end='2026-07-26 21:00:00+00:00' next_dagrun_data_interval_start='2026-07-26 21:00:00+00:00' next_dagrun_partition_date=None next_dagrun_partition_key=None
dag-processor | 2026-07-26T20:09:05.730406Z [info     ] Not time to refresh bundle dags-folder [airflow.dag_processing.manager.DagFileProcessorManager] loc=manager.py:843
dag-processor | 2026-07-26T20:09:10.753749Z [info     ] Not time to refresh bundle dags-folder [airflow.dag_processing.manager.DagFileProcessorManager] loc=manager.py:843
dag-processor | 2026-07-26T20:09:15.775772Z [info     ] Not time to refresh bundle dags-folder [airflow.dag_processing.manager.DagFileProcessorManager] loc=manager.py:843
triggerer  | 2026-07-26T20:09:19.810172Z [info     ] 0 triggers currently running   [airflow.jobs.triggerer_job_runner] loc=triggerer_job_runner.py:1036
triggerer  | 2026-07-26T20:09:19.810308Z [info     ] 0 watchers currently running   [airflow.jobs.triggerer_job_runner] loc=triggerer_job_runner.py:1036
dag-processor | 2026-07-26T20:09:20.798824Z [info     ] Not time to refresh bundle dags-folder [airflow.dag_processing.manager.DagFileProcessorManager] loc=manager.py:843
dag-processor | 2026-07-26T20:09:25.827354Z [info     ]
dag-processor | ================================================================================
dag-processor | DAG File Processing Stats
dag-processor | Bundle       File Path             PID    Current Duration      # DAGs    # Errors  Last Duration    Last Run At
dag-processor | -----------  --------------------  -----  ------------------  --------  ----------  ---------------  -------------------
dag-processor | dags-folder  fifa_sync_raw_dag.py                                    1           0  0.06s            2026-07-26T20:09:04
dag-processor | dags-folder  fifa_etl_dag.py                                         1           0  0.05s            2026-07-26T20:09:03
dag-processor | ================================================================================ [airflow.dag_processing.manager.DagFileProcessorManager] loc=manager.py:1123
dag-processor | 2026-07-26T20:09:25.829008Z [info     ] Not time to refresh bundle dags-folder [airflow.dag_processing.manager.DagFileProcessorManager] loc=manager.py:843
dag-processor | 2026-07-26T20:09:30.850113Z [info     ] Not time to refresh bundle dags-folder [airflow.dag_processing.manager.DagFileProcessorManager] loc=manager.py:843
dag-processor | 2026-07-26T20:09:33.991261Z [info     ] Bulk-writing dags to db        [airflow.serialization.definitions.dag] count=1 loc=dag.py:210
dag-processor | 2026-07-26T20:09:33.997494Z [info     ] Getting latest run for non-partitioned Dag [airflow.dag_processing.collection] dag_id=Proyecto_FIFA_ETL loc=collection.py:200
dag-processor | 2026-07-26T20:09:33.999861Z [info     ] got latest run                 [airflow.dag_processing.collection] dag_id=Proyecto_FIFA_ETL loc=collection.py:203 logical_date='2026-07-26 00:00:00+00:00' partition_key=None
dag-processor | 2026-07-26T20:09:34.010223Z [info     ] get next_dagrun_info_v2        [airflow.serialization.definitions.dag] last_automated_run_info=DagRunInfo(run_after=DateTime(2026, 7, 26, 0, 0, 0, tzinfo=Timezone('UTC')), data_interval=DataInterval(start=DateTime(2026, 7, 26, 0, 0, 0, tzinfo=Timezone('UTC')), end=DateTime(2026, 7, 26, 0, 0, 0, tzinfo=Timezone('UTC'))), partition_date=None, partition_key=None) loc=dag.py:445 next_info=DagRunInfo(run_after=DateTime(2026, 7, 27, 0, 0, 0, tzinfo=Timezone('UTC')), data_interval=DataInterval(start=DateTime(2026, 7, 27, 0, 0, 0, tzinfo=Timezone('UTC')), end=DateTime(2026, 7, 27, 0, 0, 0, tzinfo=Timezone('UTC'))), partition_date=None, partition_key=None)
dag-processor | 2026-07-26T20:09:34.010526Z [info     ] setting next dagrun info       [airflow.models.dag] loc=dag.py:848 next_dagrun='2026-07-27 00:00:00+00:00' next_dagrun_create_after='2026-07-27 00:00:00+00:00' next_dagrun_data_interval_end='2026-07-27 00:00:00+00:00' next_dagrun_data_interval_start='2026-07-27 00:00:00+00:00' next_dagrun_partition_date=None next_dagrun_partition_key=None
dag-processor | 2026-07-26T20:09:35.057665Z [info     ] Bulk-writing dags to db        [airflow.serialization.definitions.dag] count=1 loc=dag.py:210
dag-processor | 2026-07-26T20:09:35.061995Z [info     ] Getting latest run for non-partitioned Dag [airflow.dag_processing.collection] dag_id=Proyecto_FIFA_Sync_Raw_CSV loc=collection.py:200
dag-processor | 2026-07-26T20:09:35.063789Z [info     ] got latest run                 [airflow.dag_processing.collection] dag_id=Proyecto_FIFA_Sync_Raw_CSV loc=collection.py:203 logical_date='2026-07-26 20:00:00+00:00' partition_key=None
dag-processor | 2026-07-26T20:09:35.072425Z [info     ] get next_dagrun_info_v2        [airflow.serialization.definitions.dag] last_automated_run_info=DagRunInfo(run_after=DateTime(2026, 7, 26, 20, 0, 0, tzinfo=Timezone('UTC')), data_interval=DataInterval(start=DateTime(2026, 7, 26, 20, 0, 0, tzinfo=Timezone('UTC')), end=DateTime(2026, 7, 26, 20, 0, 0, tzinfo=Timezone('UTC'))), partition_date=None, partition_key=None) loc=dag.py:445 next_info=DagRunInfo(run_after=DateTime(2026, 7, 26, 21, 0, 0, tzinfo=Timezone('UTC')), data_interval=DataInterval(start=DateTime(2026, 7, 26, 21, 0, 0, tzinfo=Timezone('UTC')), end=DateTime(2026, 7, 26, 21, 0, 0, tzinfo=Timezone('UTC'))), partition_date=None, partition_key=None)
dag-processor | 2026-07-26T20:09:35.072956Z [info     ] setting next dagrun info       [airflow.models.dag] loc=dag.py:848 next_dagrun='2026-07-26 21:00:00+00:00' next_dagrun_create_after='2026-07-26 21:00:00+00:00' next_dagrun_data_interval_end='2026-07-26 21:00:00+00:00' next_dagrun_data_interval_start='2026-07-26 21:00:00+00:00' next_dagrun_partition_date=None next_dagrun_partition_key=None
dag-processor | 2026-07-26T20:09:36.061907Z [info     ] Not time to refresh bundle dags-folder [airflow.dag_processing.manager.DagFileProcessorManager] loc=manager.py:843
dag-processor | 2026-07-26T20:09:41.083893Z [info     ] Not time to refresh bundle dags-folder [airflow.dag_processing.manager.DagFileProcessorManager] loc=manager.py:843
dag-processor | 2026-07-26T20:09:46.112751Z [info     ] Not time to refresh bundle dags-folder [airflow.dag_processing.manager.DagFileProcessorManager] loc=manager.py:843
dag-processor | 2026-07-26T20:09:51.134960Z [info     ] Not time to refresh bundle dags-folder [airflow.dag_processing.manager.DagFileProcessorManager] loc=manager.py:843
dag-processor | 2026-07-26T20:09:56.163036Z [info     ]
dag-processor | ================================================================================
dag-processor | DAG File Processing Stats
dag-processor | Bundle       File Path             PID    Current Duration      # DAGs    # Errors  Last Duration    Last Run At
dag-processor | -----------  --------------------  -----  ------------------  --------  ----------  ---------------  -------------------
dag-processor | dags-folder  fifa_etl_dag.py                                         1           0  0.07s            2026-07-26T20:09:33
dag-processor | dags-folder  fifa_sync_raw_dag.py                                    1           0  0.05s            2026-07-26T20:09:35
dag-processor | ================================================================================ [airflow.dag_processing.manager.DagFileProcessorManager] loc=manager.py:1123
dag-processor | 2026-07-26T20:09:56.164450Z [info     ] Not time to refresh bundle dags-folder [airflow.dag_processing.manager.DagFileProcessorManager] loc=manager.py:843
dag-processor | 2026-07-26T20:10:01.187596Z [info     ] Not time to refresh bundle dags-folder [airflow.dag_processing.manager.DagFileProcessorManager] loc=manager.py:843
dag-processor | 2026-07-26T20:10:04.276307Z [info     ] Bulk-writing dags to db        [airflow.serialization.definitions.dag] count=1 loc=dag.py:210
dag-processor | 2026-07-26T20:10:04.279980Z [info     ] Getting latest run for non-partitioned Dag [airflow.dag_processing.collection] dag_id=Proyecto_FIFA_ETL loc=collection.py:200
dag-processor | 2026-07-26T20:10:04.281803Z [info     ] got latest run                 [airflow.dag_processing.collection] dag_id=Proyecto_FIFA_ETL loc=collection.py:203 logical_date='2026-07-26 00:00:00+00:00' partition_key=None
dag-processor | 2026-07-26T20:10:04.289709Z [info     ] get next_dagrun_info_v2        [airflow.serialization.definitions.dag] last_automated_run_info=DagRunInfo(run_after=DateTime(2026, 7, 26, 0, 0, 0, tzinfo=Timezone('UTC')), data_interval=DataInterval(start=DateTime(2026, 7, 26, 0, 0, 0, tzinfo=Timezone('UTC')), end=DateTime(2026, 7, 26, 0, 0, 0, tzinfo=Timezone('UTC'))), partition_date=None, partition_key=None) loc=dag.py:445 next_info=DagRunInfo(run_after=DateTime(2026, 7, 27, 0, 0, 0, tzinfo=Timezone('UTC')), data_interval=DataInterval(start=DateTime(2026, 7, 27, 0, 0, 0, tzinfo=Timezone('UTC')), end=DateTime(2026, 7, 27, 0, 0, 0, tzinfo=Timezone('UTC'))), partition_date=None, partition_key=None)
dag-processor | 2026-07-26T20:10:04.290212Z [info     ] setting next dagrun info       [airflow.models.dag] loc=dag.py:848 next_dagrun='2026-07-27 00:00:00+00:00' next_dagrun_create_after='2026-07-27 00:00:00+00:00' next_dagrun_data_interval_end='2026-07-27 00:00:00+00:00' next_dagrun_data_interval_start='2026-07-27 00:00:00+00:00' next_dagrun_partition_date=None next_dagrun_partition_key=None
dag-processor | 2026-07-26T20:10:05.431691Z [info     ] Bulk-writing dags to db        [airflow.serialization.definitions.dag] count=1 loc=dag.py:210
dag-processor | 2026-07-26T20:10:05.435508Z [info     ] Getting latest run for non-partitioned Dag [airflow.dag_processing.collection] dag_id=Proyecto_FIFA_Sync_Raw_CSV loc=collection.py:200
dag-processor | 2026-07-26T20:10:05.437101Z [info     ] got latest run                 [airflow.dag_processing.collection] dag_id=Proyecto_FIFA_Sync_Raw_CSV loc=collection.py:203 logical_date='2026-07-26 20:00:00+00:00' partition_key=None
dag-processor | 2026-07-26T20:10:05.447004Z [info     ] get next_dagrun_info_v2        [airflow.serialization.definitions.dag] last_automated_run_info=DagRunInfo(run_after=DateTime(2026, 7, 26, 20, 0, 0, tzinfo=Timezone('UTC')), data_interval=DataInterval(start=DateTime(2026, 7, 26, 20, 0, 0, tzinfo=Timezone('UTC')), end=DateTime(2026, 7, 26, 20, 0, 0, tzinfo=Timezone('UTC'))), partition_date=None, partition_key=None) loc=dag.py:445 next_info=DagRunInfo(run_after=DateTime(2026, 7, 26, 21, 0, 0, tzinfo=Timezone('UTC')), data_interval=DataInterval(start=DateTime(2026, 7, 26, 21, 0, 0, tzinfo=Timezone('UTC')), end=DateTime(2026, 7, 26, 21, 0, 0, tzinfo=Timezone('UTC'))), partition_date=None, partition_key=None)
dag-processor | 2026-07-26T20:10:05.447241Z [info     ] setting next dagrun info       [airflow.models.dag] loc=dag.py:848 next_dagrun='2026-07-26 21:00:00+00:00' next_dagrun_create_after='2026-07-26 21:00:00+00:00' next_dagrun_data_interval_end='2026-07-26 21:00:00+00:00' next_dagrun_data_interval_start='2026-07-26 21:00:00+00:00' next_dagrun_partition_date=None next_dagrun_partition_key=None
dag-processor | 2026-07-26T20:10:06.437285Z [info     ] Not time to refresh bundle dags-folder [airflow.dag_processing.manager.DagFileProcessorManager] loc=manager.py:843
dag-processor | 2026-07-26T20:10:11.461236Z [info     ] Not time to refresh bundle dags-folder [airflow.dag_processing.manager.DagFileProcessorManager] loc=manager.py:843
dag-processor | 2026-07-26T20:10:16.484092Z [info     ] Not time to refresh bundle dags-folder [airflow.dag_processing.manager.DagFileProcessorManager] loc=manager.py:843
scheduler  | 2026-07-26T20:10:16.912521Z [info     ] Adopting or resetting orphaned tasks for active dag runs [airflow.jobs.scheduler_job_runner.SchedulerJobRunner] loc=scheduler_job_runner.py:3244
triggerer  | 2026-07-26T20:10:20.002022Z [info     ] 0 triggers currently running   [airflow.jobs.triggerer_job_runner] loc=triggerer_job_runner.py:1036
triggerer  | 2026-07-26T20:10:20.002128Z [info     ] 0 watchers currently running   [airflow.jobs.triggerer_job_runner] loc=triggerer_job_runner.py:1036
dag-processor | 2026-07-26T20:10:21.512238Z [info     ] Refreshing bundle dags-folder  [airflow.dag_processing.manager.DagFileProcessorManager] loc=manager.py:846
dag-processor | 2026-07-26T20:10:21.530271Z [info     ] Searching for files in dags-folder at /home/sebastian2/airflow/dags [airflow.dag_processing.manager.DagFileProcessorManager] loc=manager.py:914
dag-processor | 2026-07-26T20:10:21.531787Z [info     ] Found 2 files for bundle dags-folder [airflow.dag_processing.manager.DagFileProcessorManager] loc=manager.py:916
dag-processor | 2026-07-26T20:10:26.539144Z [info     ]
dag-processor | ================================================================================
dag-processor | DAG File Processing Stats
dag-processor | Bundle       File Path             PID    Current Duration      # DAGs    # Errors  Last Duration    Last Run At
dag-processor | -----------  --------------------  -----  ------------------  --------  ----------  ---------------  -------------------
dag-processor | dags-folder  fifa_etl_dag.py                                         1           0  0.07s            2026-07-26T20:10:04
dag-processor | dags-folder  fifa_sync_raw_dag.py                                    1           0  0.07s            2026-07-26T20:10:05
dag-processor | ================================================================================ [airflow.dag_processing.manager.DagFileProcessorManager] loc=manager.py:1123
dag-processor | 2026-07-26T20:10:26.540662Z [info     ] Not time to refresh bundle dags-folder [airflow.dag_processing.manager.DagFileProcessorManager] loc=manager.py:843
dag-processor | 2026-07-26T20:10:31.565323Z [info     ] Not time to refresh bundle dags-folder [airflow.dag_processing.manager.DagFileProcessorManager] loc=manager.py:843
dag-processor | 2026-07-26T20:10:34.635128Z [info     ] Bulk-writing dags to db        [airflow.serialization.definitions.dag] count=1 loc=dag.py:210
dag-processor | 2026-07-26T20:10:34.639747Z [info     ] Getting latest run for non-partitioned Dag [airflow.dag_processing.collection] dag_id=Proyecto_FIFA_ETL loc=collection.py:200
dag-processor | 2026-07-26T20:10:34.641664Z [info     ] got latest run                 [airflow.dag_processing.collection] dag_id=Proyecto_FIFA_ETL loc=collection.py:203 logical_date='2026-07-26 00:00:00+00:00' partition_key=None
dag-processor | 2026-07-26T20:10:34.649549Z [info     ] get next_dagrun_info_v2        [airflow.serialization.definitions.dag] last_automated_run_info=DagRunInfo(run_after=DateTime(2026, 7, 26, 0, 0, 0, tzinfo=Timezone('UTC')), data_interval=DataInterval(start=DateTime(2026, 7, 26, 0, 0, 0, tzinfo=Timezone('UTC')), end=DateTime(2026, 7, 26, 0, 0, 0, tzinfo=Timezone('UTC'))), partition_date=None, partition_key=None) loc=dag.py:445 next_info=DagRunInfo(run_after=DateTime(2026, 7, 27, 0, 0, 0, tzinfo=Timezone('UTC')), data_interval=DataInterval(start=DateTime(2026, 7, 27, 0, 0, 0, tzinfo=Timezone('UTC')), end=DateTime(2026, 7, 27, 0, 0, 0, tzinfo=Timezone('UTC'))), partition_date=None, partition_key=None)
dag-processor | 2026-07-26T20:10:34.649847Z [info     ] setting next dagrun info       [airflow.models.dag] loc=dag.py:848 next_dagrun='2026-07-27 00:00:00+00:00' next_dagrun_create_after='2026-07-27 00:00:00+00:00' next_dagrun_data_interval_end='2026-07-27 00:00:00+00:00' next_dagrun_data_interval_start='2026-07-27 00:00:00+00:00' next_dagrun_partition_date=None next_dagrun_partition_key=None
dag-processor | 2026-07-26T20:10:35.705411Z [info     ] Bulk-writing dags to db        [airflow.serialization.definitions.dag] count=1 loc=dag.py:210
dag-processor | 2026-07-26T20:10:35.709034Z [info     ] Getting latest run for non-partitioned Dag [airflow.dag_processing.collection] dag_id=Proyecto_FIFA_Sync_Raw_CSV loc=collection.py:200
dag-processor | 2026-07-26T20:10:35.710605Z [info     ] got latest run                 [airflow.dag_processing.collection] dag_id=Proyecto_FIFA_Sync_Raw_CSV loc=collection.py:203 logical_date='2026-07-26 20:00:00+00:00' partition_key=None
dag-processor | 2026-07-26T20:10:35.718209Z [info     ] get next_dagrun_info_v2        [airflow.serialization.definitions.dag] last_automated_run_info=DagRunInfo(run_after=DateTime(2026, 7, 26, 20, 0, 0, tzinfo=Timezone('UTC')), data_interval=DataInterval(start=DateTime(2026, 7, 26, 20, 0, 0, tzinfo=Timezone('UTC')), end=DateTime(2026, 7, 26, 20, 0, 0, tzinfo=Timezone('UTC'))), partition_date=None, partition_key=None) loc=dag.py:445 next_info=DagRunInfo(run_after=DateTime(2026, 7, 26, 21, 0, 0, tzinfo=Timezone('UTC')), data_interval=DataInterval(start=DateTime(2026, 7, 26, 21, 0, 0, tzinfo=Timezone('UTC')), end=DateTime(2026, 7, 26, 21, 0, 0, tzinfo=Timezone('UTC'))), partition_date=None, partition_key=None)
dag-processor | 2026-07-26T20:10:35.718503Z [info     ] setting next dagrun info       [airflow.models.dag] loc=dag.py:848 next_dagrun='2026-07-26 21:00:00+00:00' next_dagrun_create_after='2026-07-26 21:00:00+00:00' next_dagrun_data_interval_end='2026-07-26 21:00:00+00:00' next_dagrun_data_interval_start='2026-07-26 21:00:00+00:00' next_dagrun_partition_date=None next_dagrun_partition_key=None
dag-processor | 2026-07-26T20:10:36.709731Z [info     ] Not time to refresh bundle dags-folder [airflow.dag_processing.manager.DagFileProcessorManager] loc=manager.py:843
dag-processor | 2026-07-26T20:10:41.731335Z [info     ] Not time to refresh bundle dags-folder [airflow.dag_processing.manager.DagFileProcessorManager] loc=manager.py:843
dag-processor | 2026-07-26T20:10:46.757406Z [info     ] Not time to refresh bundle dags-folder [airflow.dag_processing.manager.DagFileProcessorManager] loc=manager.py:843
dag-processor | 2026-07-26T20:10:51.782839Z [info     ] Not time to refresh bundle dags-folder [airflow.dag_processing.manager.DagFileProcessorManager] loc=manager.py:843
dag-processor | 2026-07-26T20:10:56.810577Z [info     ]
dag-processor | ================================================================================
dag-processor | DAG File Processing Stats
dag-processor | Bundle       File Path             PID    Current Duration      # DAGs    # Errors  Last Duration    Last Run At
dag-processor | -----------  --------------------  -----  ------------------  --------  ----------  ---------------  -------------------
dag-processor | dags-folder  fifa_sync_raw_dag.py                                    1           0  0.06s            2026-07-26T20:10:35
dag-processor | dags-folder  fifa_etl_dag.py                                         1           0  0.05s            2026-07-26T20:10:34
dag-processor | ================================================================================ [airflow.dag_processing.manager.DagFileProcessorManager] loc=manager.py:1123
dag-processor | 2026-07-26T20:10:56.813770Z [info     ] Not time to refresh bundle dags-folder [airflow.dag_processing.manager.DagFileProcessorManager] loc=manager.py:843
dag-processor | 2026-07-26T20:11:01.838167Z [info     ] Not time to refresh bundle dags-folder [airflow.dag_processing.manager.DagFileProcessorManager] loc=manager.py:843
dag-processor | 2026-07-26T20:11:04.915607Z [info     ] Bulk-writing dags to db        [airflow.serialization.definitions.dag] count=1 loc=dag.py:210
dag-processor | 2026-07-26T20:11:04.919851Z [info     ] Getting latest run for non-partitioned Dag [airflow.dag_processing.collection] dag_id=Proyecto_FIFA_ETL loc=collection.py:200
dag-processor | 2026-07-26T20:11:04.921694Z [info     ] got latest run                 [airflow.dag_processing.collection] dag_id=Proyecto_FIFA_ETL loc=collection.py:203 logical_date='2026-07-26 00:00:00+00:00' partition_key=None
dag-processor | 2026-07-26T20:11:04.929401Z [info     ] get next_dagrun_info_v2        [airflow.serialization.definitions.dag] last_automated_run_info=DagRunInfo(run_after=DateTime(2026, 7, 26, 0, 0, 0, tzinfo=Timezone('UTC')), data_interval=DataInterval(start=DateTime(2026, 7, 26, 0, 0, 0, tzinfo=Timezone('UTC')), end=DateTime(2026, 7, 26, 0, 0, 0, tzinfo=Timezone('UTC'))), partition_date=None, partition_key=None) loc=dag.py:445 next_info=DagRunInfo(run_after=DateTime(2026, 7, 27, 0, 0, 0, tzinfo=Timezone('UTC')), data_interval=DataInterval(start=DateTime(2026, 7, 27, 0, 0, 0, tzinfo=Timezone('UTC')), end=DateTime(2026, 7, 27, 0, 0, 0, tzinfo=Timezone('UTC'))), partition_date=None, partition_key=None)
dag-processor | 2026-07-26T20:11:04.929669Z [info     ] setting next dagrun info       [airflow.models.dag] loc=dag.py:848 next_dagrun='2026-07-27 00:00:00+00:00' next_dagrun_create_after='2026-07-27 00:00:00+00:00' next_dagrun_data_interval_end='2026-07-27 00:00:00+00:00' next_dagrun_data_interval_start='2026-07-27 00:00:00+00:00' next_dagrun_partition_date=None next_dagrun_partition_key=None
dag-processor | 2026-07-26T20:11:06.009622Z [info     ] Bulk-writing dags to db        [airflow.serialization.definitions.dag] count=1 loc=dag.py:210
dag-processor | 2026-07-26T20:11:06.014001Z [info     ] Getting latest run for non-partitioned Dag [airflow.dag_processing.collection] dag_id=Proyecto_FIFA_Sync_Raw_CSV loc=collection.py:200
dag-processor | 2026-07-26T20:11:06.015724Z [info     ] got latest run                 [airflow.dag_processing.collection] dag_id=Proyecto_FIFA_Sync_Raw_CSV loc=collection.py:203 logical_date='2026-07-26 20:00:00+00:00' partition_key=None
dag-processor | 2026-07-26T20:11:06.024224Z [info     ] get next_dagrun_info_v2        [airflow.serialization.definitions.dag] last_automated_run_info=DagRunInfo(run_after=DateTime(2026, 7, 26, 20, 0, 0, tzinfo=Timezone('UTC')), data_interval=DataInterval(start=DateTime(2026, 7, 26, 20, 0, 0, tzinfo=Timezone('UTC')), end=DateTime(2026, 7, 26, 20, 0, 0, tzinfo=Timezone('UTC'))), partition_date=None, partition_key=None) loc=dag.py:445 next_info=DagRunInfo(run_after=DateTime(2026, 7, 26, 21, 0, 0, tzinfo=Timezone('UTC')), data_interval=DataInterval(start=DateTime(2026, 7, 26, 21, 0, 0, tzinfo=Timezone('UTC')), end=DateTime(2026, 7, 26, 21, 0, 0, tzinfo=Timezone('UTC'))), partition_date=None, partition_key=None)
dag-processor | 2026-07-26T20:11:06.024620Z [info     ] setting next dagrun info       [airflow.models.dag] loc=dag.py:848 next_dagrun='2026-07-26 21:00:00+00:00' next_dagrun_create_after='2026-07-26 21:00:00+00:00' next_dagrun_data_interval_end='2026-07-26 21:00:00+00:00' next_dagrun_data_interval_start='2026-07-26 21:00:00+00:00' next_dagrun_partition_date=None next_dagrun_partition_key=None
dag-processor | 2026-07-26T20:11:07.015862Z [info     ] Not time to refresh bundle dags-folder [airflow.dag_processing.manager.DagFileProcessorManager] loc=manager.py:843
dag-processor | 2026-07-26T20:11:12.045661Z [info     ] Not time to refresh bundle dags-folder [airflow.dag_processing.manager.DagFileProcessorManager] loc=manager.py:843
dag-processor | 2026-07-26T20:11:17.072001Z [info     ] Not time to refresh bundle dags-folder [airflow.dag_processing.manager.DagFileProcessorManager] loc=manager.py:843
triggerer  | 2026-07-26T20:11:20.209592Z [info     ] 0 triggers currently running   [airflow.jobs.triggerer_job_runner] loc=triggerer_job_runner.py:1036
triggerer  | 2026-07-26T20:11:20.209711Z [info     ] 0 watchers currently running   [airflow.jobs.triggerer_job_runner] loc=triggerer_job_runner.py:1036
dag-processor | 2026-07-26T20:11:22.095161Z [info     ] Not time to refresh bundle dags-folder [airflow.dag_processing.manager.DagFileProcessorManager] loc=manager.py:843
dag-processor | 2026-07-26T20:11:27.120552Z [info     ]
dag-processor | ================================================================================
dag-processor | DAG File Processing Stats
dag-processor | Bundle       File Path             PID    Current Duration      # DAGs    # Errors  Last Duration    Last Run At
dag-processor | -----------  --------------------  -----  ------------------  --------  ----------  ---------------  -------------------
dag-processor | dags-folder  fifa_etl_dag.py                                         1           0  0.06s            2026-07-26T20:11:04
dag-processor | dags-folder  fifa_sync_raw_dag.py                                    1           0  0.06s            2026-07-26T20:11:06
dag-processor | ================================================================================ [airflow.dag_processing.manager.DagFileProcessorManager] loc=manager.py:1123
dag-processor | 2026-07-26T20:11:27.121988Z [info     ] Not time to refresh bundle dags-folder [airflow.dag_processing.manager.DagFileProcessorManager] loc=manager.py:843
dag-processor | 2026-07-26T20:11:32.152058Z [info     ] Not time to refresh bundle dags-folder [airflow.dag_processing.manager.DagFileProcessorManager] loc=manager.py:843
dag-processor | 2026-07-26T20:11:35.229179Z [info     ] Bulk-writing dags to db        [airflow.serialization.definitions.dag] count=1 loc=dag.py:210
dag-processor | 2026-07-26T20:11:35.232900Z [info     ] Getting latest run for non-partitioned Dag [airflow.dag_processing.collection] dag_id=Proyecto_FIFA_ETL loc=collection.py:200
dag-processor | 2026-07-26T20:11:35.235295Z [info     ] got latest run                 [airflow.dag_processing.collection] dag_id=Proyecto_FIFA_ETL loc=collection.py:203 logical_date='2026-07-26 00:00:00+00:00' partition_key=None
dag-processor | 2026-07-26T20:11:35.244095Z [info     ] get next_dagrun_info_v2        [airflow.serialization.definitions.dag] last_automated_run_info=DagRunInfo(run_after=DateTime(2026, 7, 26, 0, 0, 0, tzinfo=Timezone('UTC')), data_interval=DataInterval(start=DateTime(2026, 7, 26, 0, 0, 0, tzinfo=Timezone('UTC')), end=DateTime(2026, 7, 26, 0, 0, 0, tzinfo=Timezone('UTC'))), partition_date=None, partition_key=None) loc=dag.py:445 next_info=DagRunInfo(run_after=DateTime(2026, 7, 27, 0, 0, 0, tzinfo=Timezone('UTC')), data_interval=DataInterval(start=DateTime(2026, 7, 27, 0, 0, 0, tzinfo=Timezone('UTC')), end=DateTime(2026, 7, 27, 0, 0, 0, tzinfo=Timezone('UTC'))), partition_date=None, partition_key=None)
dag-processor | 2026-07-26T20:11:35.244340Z [info     ] setting next dagrun info       [airflow.models.dag] loc=dag.py:848 next_dagrun='2026-07-27 00:00:00+00:00' next_dagrun_create_after='2026-07-27 00:00:00+00:00' next_dagrun_data_interval_end='2026-07-27 00:00:00+00:00' next_dagrun_data_interval_start='2026-07-27 00:00:00+00:00' next_dagrun_partition_date=None next_dagrun_partition_key=None
dag-processor | 2026-07-26T20:11:36.304850Z [info     ] Bulk-writing dags to db        [airflow.serialization.definitions.dag] count=1 loc=dag.py:210
dag-processor | 2026-07-26T20:11:36.308771Z [info     ] Getting latest run for non-partitioned Dag [airflow.dag_processing.collection] dag_id=Proyecto_FIFA_Sync_Raw_CSV loc=collection.py:200
dag-processor | 2026-07-26T20:11:36.310328Z [info     ] got latest run                 [airflow.dag_processing.collection] dag_id=Proyecto_FIFA_Sync_Raw_CSV loc=collection.py:203 logical_date='2026-07-26 20:00:00+00:00' partition_key=None
dag-processor | 2026-07-26T20:11:36.317898Z [info     ] get next_dagrun_info_v2        [airflow.serialization.definitions.dag] last_automated_run_info=DagRunInfo(run_after=DateTime(2026, 7, 26, 20, 0, 0, tzinfo=Timezone('UTC')), data_interval=DataInterval(start=DateTime(2026, 7, 26, 20, 0, 0, tzinfo=Timezone('UTC')), end=DateTime(2026, 7, 26, 20, 0, 0, tzinfo=Timezone('UTC'))), partition_date=None, partition_key=None) loc=dag.py:445 next_info=DagRunInfo(run_after=DateTime(2026, 7, 26, 21, 0, 0, tzinfo=Timezone('UTC')), data_interval=DataInterval(start=DateTime(2026, 7, 26, 21, 0, 0, tzinfo=Timezone('UTC')), end=DateTime(2026, 7, 26, 21, 0, 0, tzinfo=Timezone('UTC'))), partition_date=None, partition_key=None)
dag-processor | 2026-07-26T20:11:36.318163Z [info     ] setting next dagrun info       [airflow.models.dag] loc=dag.py:848 next_dagrun='2026-07-26 21:00:00+00:00' next_dagrun_create_after='2026-07-26 21:00:00+00:00' next_dagrun_data_interval_end='2026-07-26 21:00:00+00:00' next_dagrun_data_interval_start='2026-07-26 21:00:00+00:00' next_dagrun_partition_date=None next_dagrun_partition_key=None
dag-processor | 2026-07-26T20:11:37.311499Z [info     ] Not time to refresh bundle dags-folder [airflow.dag_processing.manager.DagFileProcessorManager] loc=manager.py:843
dag-processor | 2026-07-26T20:11:42.369576Z [info     ] Not time to refresh bundle dags-folder [airflow.dag_processing.manager.DagFileProcessorManager] loc=manager.py:843
dag-processor | 2026-07-26T20:11:47.391344Z [info     ] Not time to refresh bundle dags-folder [airflow.dag_processing.manager.DagFileProcessorManager] loc=manager.py:843
dag-processor | 2026-07-26T20:11:52.414056Z [info     ] Not time to refresh bundle dags-folder [airflow.dag_processing.manager.DagFileProcessorManager] loc=manager.py:843
dag-processor | 2026-07-26T20:11:57.442720Z [info     ]
dag-processor | ================================================================================
dag-processor | DAG File Processing Stats
dag-processor | Bundle       File Path             PID    Current Duration      # DAGs    # Errors  Last Duration    Last Run At
dag-processor | -----------  --------------------  -----  ------------------  --------  ----------  ---------------  -------------------
dag-processor | dags-folder  fifa_sync_raw_dag.py                                    1           0  0.06s            2026-07-26T20:11:36
dag-processor | dags-folder  fifa_etl_dag.py                                         1           0  0.06s            2026-07-26T20:11:35
dag-processor | ================================================================================ [airflow.dag_processing.manager.DagFileProcessorManager] loc=manager.py:1123
dag-processor | 2026-07-26T20:11:57.444472Z [info     ] Not time to refresh bundle dags-folder [airflow.dag_processing.manager.DagFileProcessorManager] loc=manager.py:843
dag-processor | 2026-07-26T20:12:02.474870Z [info     ] Not time to refresh bundle dags-folder [airflow.dag_processing.manager.DagFileProcessorManager] loc=manager.py:843
dag-processor | 2026-07-26T20:12:05.548303Z [info     ] Bulk-writing dags to db        [airflow.serialization.definitions.dag] count=1 loc=dag.py:210
dag-processor | 2026-07-26T20:12:05.553038Z [info     ] Getting latest run for non-partitioned Dag [airflow.dag_processing.collection] dag_id=Proyecto_FIFA_ETL loc=collection.py:200
dag-processor | 2026-07-26T20:12:05.554617Z [info     ] got latest run                 [airflow.dag_processing.collection] dag_id=Proyecto_FIFA_ETL loc=collection.py:203 logical_date='2026-07-26 00:00:00+00:00' partition_key=None
dag-processor | 2026-07-26T20:12:05.562383Z [info     ] get next_dagrun_info_v2        [airflow.serialization.definitions.dag] last_automated_run_info=DagRunInfo(run_after=DateTime(2026, 7, 26, 0, 0, 0, tzinfo=Timezone('UTC')), data_interval=DataInterval(start=DateTime(2026, 7, 26, 0, 0, 0, tzinfo=Timezone('UTC')), end=DateTime(2026, 7, 26, 0, 0, 0, tzinfo=Timezone('UTC'))), partition_date=None, partition_key=None) loc=dag.py:445 next_info=DagRunInfo(run_after=DateTime(2026, 7, 27, 0, 0, 0, tzinfo=Timezone('UTC')), data_interval=DataInterval(start=DateTime(2026, 7, 27, 0, 0, 0, tzinfo=Timezone('UTC')), end=DateTime(2026, 7, 27, 0, 0, 0, tzinfo=Timezone('UTC'))), partition_date=None, partition_key=None)
dag-processor | 2026-07-26T20:12:05.562604Z [info     ] setting next dagrun info       [airflow.models.dag] loc=dag.py:848 next_dagrun='2026-07-27 00:00:00+00:00' next_dagrun_create_after='2026-07-27 00:00:00+00:00' next_dagrun_data_interval_end='2026-07-27 00:00:00+00:00' next_dagrun_data_interval_start='2026-07-27 00:00:00+00:00' next_dagrun_partition_date=None next_dagrun_partition_key=None
dag-processor | 2026-07-26T20:12:06.633910Z [info     ] Bulk-writing dags to db        [airflow.serialization.definitions.dag] count=1 loc=dag.py:210
dag-processor | 2026-07-26T20:12:06.637655Z [info     ] Getting latest run for non-partitioned Dag [airflow.dag_processing.collection] dag_id=Proyecto_FIFA_Sync_Raw_CSV loc=collection.py:200
dag-processor | 2026-07-26T20:12:06.639180Z [info     ] got latest run                 [airflow.dag_processing.collection] dag_id=Proyecto_FIFA_Sync_Raw_CSV loc=collection.py:203 logical_date='2026-07-26 20:00:00+00:00' partition_key=None
dag-processor | 2026-07-26T20:12:06.646748Z [info     ] get next_dagrun_info_v2        [airflow.serialization.definitions.dag] last_automated_run_info=DagRunInfo(run_after=DateTime(2026, 7, 26, 20, 0, 0, tzinfo=Timezone('UTC')), data_interval=DataInterval(start=DateTime(2026, 7, 26, 20, 0, 0, tzinfo=Timezone('UTC')), end=DateTime(2026, 7, 26, 20, 0, 0, tzinfo=Timezone('UTC'))), partition_date=None, partition_key=None) loc=dag.py:445 next_info=DagRunInfo(run_after=DateTime(2026, 7, 26, 21, 0, 0, tzinfo=Timezone('UTC')), data_interval=DataInterval(start=DateTime(2026, 7, 26, 21, 0, 0, tzinfo=Timezone('UTC')), end=DateTime(2026, 7, 26, 21, 0, 0, tzinfo=Timezone('UTC'))), partition_date=None, partition_key=None)
dag-processor | 2026-07-26T20:12:06.647051Z [info     ] setting next dagrun info       [airflow.models.dag] loc=dag.py:848 next_dagrun='2026-07-26 21:00:00+00:00' next_dagrun_create_after='2026-07-26 21:00:00+00:00' next_dagrun_data_interval_end='2026-07-26 21:00:00+00:00' next_dagrun_data_interval_start='2026-07-26 21:00:00+00:00' next_dagrun_partition_date=None next_dagrun_partition_key=None
dag-processor | 2026-07-26T20:12:07.637547Z [info     ] Not time to refresh bundle dags-folder [airflow.dag_processing.manager.DagFileProcessorManager] loc=manager.py:843
api-server | 2026-07-26T20:12:07.878626Z [info     ] request finished               [http.access] client_addr=192.168.56.1:57353 duration_us=18418 loc=http_access_log.py:130 method=GET path=/api/v2/dags/~/dagRuns query='limit=1&state=running&state=queued' status_code=200
dag-processor | 2026-07-26T20:12:12.662743Z [info     ] Not time to refresh bundle dags-folder [airflow.dag_processing.manager.DagFileProcessorManager] loc=manager.py:843
dag-processor | 2026-07-26T20:12:17.691115Z [info     ] Not time to refresh bundle dags-folder [airflow.dag_processing.manager.DagFileProcessorManager] loc=manager.py:843
triggerer  | 2026-07-26T20:12:20.416329Z [info     ] 0 triggers currently running   [airflow.jobs.triggerer_job_runner] loc=triggerer_job_runner.py:1036
triggerer  | 2026-07-26T20:12:20.416573Z [info     ] 0 watchers currently running   [airflow.jobs.triggerer_job_runner] loc=triggerer_job_runner.py:1036
dag-processor | 2026-07-26T20:12:22.720389Z [info     ] Not time to refresh bundle dags-folder [airflow.dag_processing.manager.DagFileProcessorManager] loc=manager.py:843
dag-processor | 2026-07-26T20:12:27.744629Z [info     ]
dag-processor | ================================================================================
dag-processor | DAG File Processing Stats
dag-processor | Bundle       File Path             PID    Current Duration      # DAGs    # Errors  Last Duration    Last Run At
dag-processor | -----------  --------------------  -----  ------------------  --------  ----------  ---------------  -------------------
dag-processor | dags-folder  fifa_sync_raw_dag.py                                    1           0  0.06s            2026-07-26T20:12:06
dag-processor | dags-folder  fifa_etl_dag.py                                         1           0  0.06s            2026-07-26T20:12:05
dag-processor | ================================================================================ [airflow.dag_processing.manager.DagFileProcessorManager] loc=manager.py:1123
dag-processor | 2026-07-26T20:12:27.746154Z [info     ] Not time to refresh bundle dags-folder [airflow.dag_processing.manager.DagFileProcessorManager] loc=manager.py:843
dag-processor | 2026-07-26T20:12:32.771190Z [info     ] Not time to refresh bundle dags-folder [airflow.dag_processing.manager.DagFileProcessorManager] loc=manager.py:843
dag-processor | 2026-07-26T20:12:35.933272Z [info     ] Bulk-writing dags to db        [airflow.serialization.definitions.dag] count=1 loc=dag.py:210
dag-processor | 2026-07-26T20:12:35.938718Z [info     ] Getting latest run for non-partitioned Dag [airflow.dag_processing.collection] dag_id=Proyecto_FIFA_ETL loc=collection.py:200
dag-processor | 2026-07-26T20:12:35.940445Z [info     ] got latest run                 [airflow.dag_processing.collection] dag_id=Proyecto_FIFA_ETL loc=collection.py:203 logical_date='2026-07-26 00:00:00+00:00' partition_key=None
dag-processor | 2026-07-26T20:12:35.949906Z [info     ] get next_dagrun_info_v2        [airflow.serialization.definitions.dag] last_automated_run_info=DagRunInfo(run_after=DateTime(2026, 7, 26, 0, 0, 0, tzinfo=Timezone('UTC')), data_interval=DataInterval(start=DateTime(2026, 7, 26, 0, 0, 0, tzinfo=Timezone('UTC')), end=DateTime(2026, 7, 26, 0, 0, 0, tzinfo=Timezone('UTC'))), partition_date=None, partition_key=None) loc=dag.py:445 next_info=DagRunInfo(run_after=DateTime(2026, 7, 27, 0, 0, 0, tzinfo=Timezone('UTC')), data_interval=DataInterval(start=DateTime(2026, 7, 27, 0, 0, 0, tzinfo=Timezone('UTC')), end=DateTime(2026, 7, 27, 0, 0, 0, tzinfo=Timezone('UTC'))), partition_date=None, partition_key=None)
dag-processor | 2026-07-26T20:12:35.950406Z [info     ] setting next dagrun info       [airflow.models.dag] loc=dag.py:848 next_dagrun='2026-07-27 00:00:00+00:00' next_dagrun_create_after='2026-07-27 00:00:00+00:00' next_dagrun_data_interval_end='2026-07-27 00:00:00+00:00' next_dagrun_data_interval_start='2026-07-27 00:00:00+00:00' next_dagrun_partition_date=None next_dagrun_partition_key=None
dag-processor | 2026-07-26T20:12:37.259735Z [info     ] Bulk-writing dags to db        [airflow.serialization.definitions.dag] count=1 loc=dag.py:210
dag-processor | 2026-07-26T20:12:37.263948Z [info     ] Getting latest run for non-partitioned Dag [airflow.dag_processing.collection] dag_id=Proyecto_FIFA_Sync_Raw_CSV loc=collection.py:200
dag-processor | 2026-07-26T20:12:37.266159Z [info     ] got latest run                 [airflow.dag_processing.collection] dag_id=Proyecto_FIFA_Sync_Raw_CSV loc=collection.py:203 logical_date='2026-07-26 20:00:00+00:00' partition_key=None
dag-processor | 2026-07-26T20:12:37.273585Z [info     ] get next_dagrun_info_v2        [airflow.serialization.definitions.dag] last_automated_run_info=DagRunInfo(run_after=DateTime(2026, 7, 26, 20, 0, 0, tzinfo=Timezone('UTC')), data_interval=DataInterval(start=DateTime(2026, 7, 26, 20, 0, 0, tzinfo=Timezone('UTC')), end=DateTime(2026, 7, 26, 20, 0, 0, tzinfo=Timezone('UTC'))), partition_date=None, partition_key=None) loc=dag.py:445 next_info=DagRunInfo(run_after=DateTime(2026, 7, 26, 21, 0, 0, tzinfo=Timezone('UTC')), data_interval=DataInterval(start=DateTime(2026, 7, 26, 21, 0, 0, tzinfo=Timezone('UTC')), end=DateTime(2026, 7, 26, 21, 0, 0, tzinfo=Timezone('UTC'))), partition_date=None, partition_key=None)
dag-processor | 2026-07-26T20:12:37.273807Z [info     ] setting next dagrun info       [airflow.models.dag] loc=dag.py:848 next_dagrun='2026-07-26 21:00:00+00:00' next_dagrun_create_after='2026-07-26 21:00:00+00:00' next_dagrun_data_interval_end='2026-07-26 21:00:00+00:00' next_dagrun_data_interval_start='2026-07-26 21:00:00+00:00' next_dagrun_partition_date=None next_dagrun_partition_key=None
dag-processor | 2026-07-26T20:12:38.263549Z [info     ] Not time to refresh bundle dags-folder [airflow.dag_processing.manager.DagFileProcessorManager] loc=manager.py:843
dag-processor | 2026-07-26T20:12:43.293313Z [info     ] Not time to refresh bundle dags-folder [airflow.dag_processing.manager.DagFileProcessorManager] loc=manager.py:843
dag-processor | 2026-07-26T20:12:48.320757Z [info     ] Not time to refresh bundle dags-folder [airflow.dag_processing.manager.DagFileProcessorManager] loc=manager.py:843
dag-processor | 2026-07-26T20:12:53.346320Z [info     ] Not time to refresh bundle dags-folder [airflow.dag_processing.manager.DagFileProcessorManager] loc=manager.py:843
dag-processor | 2026-07-26T20:12:57.988722Z [info     ]
dag-processor | ================================================================================
dag-processor | DAG File Processing Stats
dag-processor | Bundle       File Path             PID    Current Duration      # DAGs    # Errors  Last Duration    Last Run At
dag-processor | -----------  --------------------  -----  ------------------  --------  ----------  ---------------  -------------------
dag-processor | dags-folder  fifa_etl_dag.py                                         1           0  0.06s            2026-07-26T20:12:35
dag-processor | dags-folder  fifa_sync_raw_dag.py                                    1           0  0.05s            2026-07-26T20:12:37
dag-processor | ================================================================================ [airflow.dag_processing.manager.DagFileProcessorManager] loc=manager.py:1123
dag-processor | 2026-07-26T20:12:58.372923Z [info     ] Not time to refresh bundle dags-folder [airflow.dag_processing.manager.DagFileProcessorManager] loc=manager.py:843
dag-processor | 2026-07-26T20:13:03.391614Z [info     ] Not time to refresh bundle dags-folder [airflow.dag_processing.manager.DagFileProcessorManager] loc=manager.py:843
dag-processor | 2026-07-26T20:13:06.155510Z [info     ] Bulk-writing dags to db        [airflow.serialization.definitions.dag] count=1 loc=dag.py:210
dag-processor | 2026-07-26T20:13:06.159312Z [info     ] Getting latest run for non-partitioned Dag [airflow.dag_processing.collection] dag_id=Proyecto_FIFA_ETL loc=collection.py:200
dag-processor | 2026-07-26T20:13:06.161226Z [info     ] got latest run                 [airflow.dag_processing.collection] dag_id=Proyecto_FIFA_ETL loc=collection.py:203 logical_date='2026-07-26 00:00:00+00:00' partition_key=None
dag-processor | 2026-07-26T20:13:06.173174Z [info     ] get next_dagrun_info_v2        [airflow.serialization.definitions.dag] last_automated_run_info=DagRunInfo(run_after=DateTime(2026, 7, 26, 0, 0, 0, tzinfo=Timezone('UTC')), data_interval=DataInterval(start=DateTime(2026, 7, 26, 0, 0, 0, tzinfo=Timezone('UTC')), end=DateTime(2026, 7, 26, 0, 0, 0, tzinfo=Timezone('UTC'))), partition_date=None, partition_key=None) loc=dag.py:445 next_info=DagRunInfo(run_after=DateTime(2026, 7, 27, 0, 0, 0, tzinfo=Timezone('UTC')), data_interval=DataInterval(start=DateTime(2026, 7, 27, 0, 0, 0, tzinfo=Timezone('UTC')), end=DateTime(2026, 7, 27, 0, 0, 0, tzinfo=Timezone('UTC'))), partition_date=None, partition_key=None)
dag-processor | 2026-07-26T20:13:06.173524Z [info     ] setting next dagrun info       [airflow.models.dag] loc=dag.py:848 next_dagrun='2026-07-27 00:00:00+00:00' next_dagrun_create_after='2026-07-27 00:00:00+00:00' next_dagrun_data_interval_end='2026-07-27 00:00:00+00:00' next_dagrun_data_interval_start='2026-07-27 00:00:00+00:00' next_dagrun_partition_date=None next_dagrun_partition_key=None
dag-processor | 2026-07-26T20:13:07.331651Z [info     ] Bulk-writing dags to db        [airflow.serialization.definitions.dag] count=1 loc=dag.py:210
dag-processor | 2026-07-26T20:13:07.336349Z [info     ] Getting latest run for non-partitioned Dag [airflow.dag_processing.collection] dag_id=Proyecto_FIFA_Sync_Raw_CSV loc=collection.py:200
dag-processor | 2026-07-26T20:13:07.337960Z [info     ] got latest run                 [airflow.dag_processing.collection] dag_id=Proyecto_FIFA_Sync_Raw_CSV loc=collection.py:203 logical_date='2026-07-26 20:00:00+00:00' partition_key=None
dag-processor | 2026-07-26T20:13:07.345461Z [info     ] get next_dagrun_info_v2        [airflow.serialization.definitions.dag] last_automated_run_info=DagRunInfo(run_after=DateTime(2026, 7, 26, 20, 0, 0, tzinfo=Timezone('UTC')), data_interval=DataInterval(start=DateTime(2026, 7, 26, 20, 0, 0, tzinfo=Timezone('UTC')), end=DateTime(2026, 7, 26, 20, 0, 0, tzinfo=Timezone('UTC'))), partition_date=None, partition_key=None) loc=dag.py:445 next_info=DagRunInfo(run_after=DateTime(2026, 7, 26, 21, 0, 0, tzinfo=Timezone('UTC')), data_interval=DataInterval(start=DateTime(2026, 7, 26, 21, 0, 0, tzinfo=Timezone('UTC')), end=DateTime(2026, 7, 26, 21, 0, 0, tzinfo=Timezone('UTC'))), partition_date=None, partition_key=None)
dag-processor | 2026-07-26T20:13:07.345788Z [info     ] setting next dagrun info       [airflow.models.dag] loc=dag.py:848 next_dagrun='2026-07-26 21:00:00+00:00' next_dagrun_create_after='2026-07-26 21:00:00+00:00' next_dagrun_data_interval_end='2026-07-26 21:00:00+00:00' next_dagrun_data_interval_start='2026-07-26 21:00:00+00:00' next_dagrun_partition_date=None next_dagrun_partition_key=None
dag-processor | 2026-07-26T20:13:09.340719Z [info     ] Not time to refresh bundle dags-folder [airflow.dag_processing.manager.DagFileProcessorManager] loc=manager.py:843
dag-processor | 2026-07-26T20:13:14.368905Z [info     ] Not time to refresh bundle dags-folder [airflow.dag_processing.manager.DagFileProcessorManager] loc=manager.py:843
dag-processor | 2026-07-26T20:13:19.394130Z [info     ] Not time to refresh bundle dags-folder [airflow.dag_processing.manager.DagFileProcessorManager] loc=manager.py:843
triggerer  | 2026-07-26T20:13:20.621340Z [info     ] 0 triggers currently running   [airflow.jobs.triggerer_job_runner] loc=triggerer_job_runner.py:1036
triggerer  | 2026-07-26T20:13:20.621445Z [info     ] 0 watchers currently running   [airflow.jobs.triggerer_job_runner] loc=triggerer_job_runner.py:1036
dag-processor | 2026-07-26T20:13:24.418079Z [info     ] Not time to refresh bundle dags-folder [airflow.dag_processing.manager.DagFileProcessorManager] loc=manager.py:843
dag-processor | 2026-07-26T20:13:28.497101Z [info     ]
dag-processor | ================================================================================
dag-processor | DAG File Processing Stats
dag-processor | Bundle       File Path             PID    Current Duration      # DAGs    # Errors  Last Duration    Last Run At
dag-processor | -----------  --------------------  -----  ------------------  --------  ----------  ---------------  -------------------
dag-processor | dags-folder  fifa_etl_dag.py                                         1           0  0.07s            2026-07-26T20:13:06
dag-processor | dags-folder  fifa_sync_raw_dag.py                                    1           0  0.06s            2026-07-26T20:13:07
dag-processor | ================================================================================ [airflow.dag_processing.manager.DagFileProcessorManager] loc=manager.py:1123
dag-processor | 2026-07-26T20:13:29.502246Z [info     ] Not time to refresh bundle dags-folder [airflow.dag_processing.manager.DagFileProcessorManager] loc=manager.py:843
dag-processor | 2026-07-26T20:13:34.523681Z [info     ] Not time to refresh bundle dags-folder [airflow.dag_processing.manager.DagFileProcessorManager] loc=manager.py:843
dag-processor | 2026-07-26T20:13:36.594078Z [info     ] Bulk-writing dags to db        [airflow.serialization.definitions.dag] count=1 loc=dag.py:210
dag-processor | 2026-07-26T20:13:36.598656Z [info     ] Getting latest run for non-partitioned Dag [airflow.dag_processing.collection] dag_id=Proyecto_FIFA_ETL loc=collection.py:200
dag-processor | 2026-07-26T20:13:36.600900Z [info     ] got latest run                 [airflow.dag_processing.collection] dag_id=Proyecto_FIFA_ETL loc=collection.py:203 logical_date='2026-07-26 00:00:00+00:00' partition_key=None
dag-processor | 2026-07-26T20:13:36.608466Z [info     ] get next_dagrun_info_v2        [airflow.serialization.definitions.dag] last_automated_run_info=DagRunInfo(run_after=DateTime(2026, 7, 26, 0, 0, 0, tzinfo=Timezone('UTC')), data_interval=DataInterval(start=DateTime(2026, 7, 26, 0, 0, 0, tzinfo=Timezone('UTC')), end=DateTime(2026, 7, 26, 0, 0, 0, tzinfo=Timezone('UTC'))), partition_date=None, partition_key=None) loc=dag.py:445 next_info=DagRunInfo(run_after=DateTime(2026, 7, 27, 0, 0, 0, tzinfo=Timezone('UTC')), data_interval=DataInterval(start=DateTime(2026, 7, 27, 0, 0, 0, tzinfo=Timezone('UTC')), end=DateTime(2026, 7, 27, 0, 0, 0, tzinfo=Timezone('UTC'))), partition_date=None, partition_key=None)
dag-processor | 2026-07-26T20:13:36.608783Z [info     ] setting next dagrun info       [airflow.models.dag] loc=dag.py:848 next_dagrun='2026-07-27 00:00:00+00:00' next_dagrun_create_after='2026-07-27 00:00:00+00:00' next_dagrun_data_interval_end='2026-07-27 00:00:00+00:00' next_dagrun_data_interval_start='2026-07-27 00:00:00+00:00' next_dagrun_partition_date=None next_dagrun_partition_key=None
dag-processor | 2026-07-26T20:13:37.662207Z [info     ] Bulk-writing dags to db        [airflow.serialization.definitions.dag] count=1 loc=dag.py:210
dag-processor | 2026-07-26T20:13:37.667454Z [info     ] Getting latest run for non-partitioned Dag [airflow.dag_processing.collection] dag_id=Proyecto_FIFA_Sync_Raw_CSV loc=collection.py:200
dag-processor | 2026-07-26T20:13:37.669274Z [info     ] got latest run                 [airflow.dag_processing.collection] dag_id=Proyecto_FIFA_Sync_Raw_CSV loc=collection.py:203 logical_date='2026-07-26 20:00:00+00:00' partition_key=None
dag-processor | 2026-07-26T20:13:37.676545Z [info     ] get next_dagrun_info_v2        [airflow.serialization.definitions.dag] last_automated_run_info=DagRunInfo(run_after=DateTime(2026, 7, 26, 20, 0, 0, tzinfo=Timezone('UTC')), data_interval=DataInterval(start=DateTime(2026, 7, 26, 20, 0, 0, tzinfo=Timezone('UTC')), end=DateTime(2026, 7, 26, 20, 0, 0, tzinfo=Timezone('UTC'))), partition_date=None, partition_key=None) loc=dag.py:445 next_info=DagRunInfo(run_after=DateTime(2026, 7, 26, 21, 0, 0, tzinfo=Timezone('UTC')), data_interval=DataInterval(start=DateTime(2026, 7, 26, 21, 0, 0, tzinfo=Timezone('UTC')), end=DateTime(2026, 7, 26, 21, 0, 0, tzinfo=Timezone('UTC'))), partition_date=None, partition_key=None)
dag-processor | 2026-07-26T20:13:37.676901Z [info     ] setting next dagrun info       [airflow.models.dag] loc=dag.py:848 next_dagrun='2026-07-26 21:00:00+00:00' next_dagrun_create_after='2026-07-26 21:00:00+00:00' next_dagrun_data_interval_end='2026-07-26 21:00:00+00:00' next_dagrun_data_interval_start='2026-07-26 21:00:00+00:00' next_dagrun_partition_date=None next_dagrun_partition_key=None
dag-processor | 2026-07-26T20:13:39.672697Z [info     ] Not time to refresh bundle dags-folder [airflow.dag_processing.manager.DagFileProcessorManager] loc=manager.py:843
dag-processor | 2026-07-26T20:13:44.700601Z [info     ] Not time to refresh bundle dags-folder [airflow.dag_processing.manager.DagFileProcessorManager] loc=manager.py:843
dag-processor | 2026-07-26T20:13:49.742841Z [info     ] Not time to refresh bundle dags-folder [airflow.dag_processing.manager.DagFileProcessorManager] loc=manager.py:843
dag-processor | 2026-07-26T20:13:54.785518Z [info     ] Not time to refresh bundle dags-folder [airflow.dag_processing.manager.DagFileProcessorManager] loc=manager.py:843
dag-processor | 2026-07-26T20:13:58.938617Z [info     ]
dag-processor | ================================================================================
dag-processor | DAG File Processing Stats
dag-processor | Bundle       File Path             PID    Current Duration      # DAGs    # Errors  Last Duration    Last Run At
dag-processor | -----------  --------------------  -----  ------------------  --------  ----------  ---------------  -------------------
dag-processor | dags-folder  fifa_sync_raw_dag.py                                    1           0  0.06s            2026-07-26T20:13:37
dag-processor | dags-folder  fifa_etl_dag.py                                         1           0  0.05s            2026-07-26T20:13:36
dag-processor | ================================================================================ [airflow.dag_processing.manager.DagFileProcessorManager] loc=manager.py:1123
dag-processor | 2026-07-26T20:13:59.944956Z [info     ] Not time to refresh bundle dags-folder [airflow.dag_processing.manager.DagFileProcessorManager] loc=manager.py:843
dag-processor | 2026-07-26T20:14:04.968911Z [info     ] Not time to refresh bundle dags-folder [airflow.dag_processing.manager.DagFileProcessorManager] loc=manager.py:843
dag-processor | 2026-07-26T20:14:07.047505Z [info     ] Bulk-writing dags to db        [airflow.serialization.definitions.dag] count=1 loc=dag.py:210
dag-processor | 2026-07-26T20:14:07.051115Z [info     ] Getting latest run for non-partitioned Dag [airflow.dag_processing.collection] dag_id=Proyecto_FIFA_ETL loc=collection.py:200
dag-processor | 2026-07-26T20:14:07.052598Z [info     ] got latest run                 [airflow.dag_processing.collection] dag_id=Proyecto_FIFA_ETL loc=collection.py:203 logical_date='2026-07-26 00:00:00+00:00' partition_key=None
dag-processor | 2026-07-26T20:14:07.060167Z [info     ] get next_dagrun_info_v2        [airflow.serialization.definitions.dag] last_automated_run_info=DagRunInfo(run_after=DateTime(2026, 7, 26, 0, 0, 0, tzinfo=Timezone('UTC')), data_interval=DataInterval(start=DateTime(2026, 7, 26, 0, 0, 0, tzinfo=Timezone('UTC')), end=DateTime(2026, 7, 26, 0, 0, 0, tzinfo=Timezone('UTC'))), partition_date=None, partition_key=None) loc=dag.py:445 next_info=DagRunInfo(run_after=DateTime(2026, 7, 27, 0, 0, 0, tzinfo=Timezone('UTC')), data_interval=DataInterval(start=DateTime(2026, 7, 27, 0, 0, 0, tzinfo=Timezone('UTC')), end=DateTime(2026, 7, 27, 0, 0, 0, tzinfo=Timezone('UTC'))), partition_date=None, partition_key=None)
dag-processor | 2026-07-26T20:14:07.060754Z [info     ] setting next dagrun info       [airflow.models.dag] loc=dag.py:848 next_dagrun='2026-07-27 00:00:00+00:00' next_dagrun_create_after='2026-07-27 00:00:00+00:00' next_dagrun_data_interval_end='2026-07-27 00:00:00+00:00' next_dagrun_data_interval_start='2026-07-27 00:00:00+00:00' next_dagrun_partition_date=None next_dagrun_partition_key=None
dag-processor | 2026-07-26T20:14:08.881684Z [info     ] Bulk-writing dags to db        [airflow.serialization.definitions.dag] count=1 loc=dag.py:210
dag-processor | 2026-07-26T20:14:08.885652Z [info     ] Getting latest run for non-partitioned Dag [airflow.dag_processing.collection] dag_id=Proyecto_FIFA_Sync_Raw_CSV loc=collection.py:200
dag-processor | 2026-07-26T20:14:08.887107Z [info     ] got latest run                 [airflow.dag_processing.collection] dag_id=Proyecto_FIFA_Sync_Raw_CSV loc=collection.py:203 logical_date='2026-07-26 20:00:00+00:00' partition_key=None
dag-processor | 2026-07-26T20:14:08.894498Z [info     ] get next_dagrun_info_v2        [airflow.serialization.definitions.dag] last_automated_run_info=DagRunInfo(run_after=DateTime(2026, 7, 26, 20, 0, 0, tzinfo=Timezone('UTC')), data_interval=DataInterval(start=DateTime(2026, 7, 26, 20, 0, 0, tzinfo=Timezone('UTC')), end=DateTime(2026, 7, 26, 20, 0, 0, tzinfo=Timezone('UTC'))), partition_date=None, partition_key=None) loc=dag.py:445 next_info=DagRunInfo(run_after=DateTime(2026, 7, 26, 21, 0, 0, tzinfo=Timezone('UTC')), data_interval=DataInterval(start=DateTime(2026, 7, 26, 21, 0, 0, tzinfo=Timezone('UTC')), end=DateTime(2026, 7, 26, 21, 0, 0, tzinfo=Timezone('UTC'))), partition_date=None, partition_key=None)
dag-processor | 2026-07-26T20:14:08.894833Z [info     ] setting next dagrun info       [airflow.models.dag] loc=dag.py:848 next_dagrun='2026-07-26 21:00:00+00:00' next_dagrun_create_after='2026-07-26 21:00:00+00:00' next_dagrun_data_interval_end='2026-07-26 21:00:00+00:00' next_dagrun_data_interval_start='2026-07-26 21:00:00+00:00' next_dagrun_partition_date=None next_dagrun_partition_key=None
dag-processor | 2026-07-26T20:14:11.480845Z [info     ] Not time to refresh bundle dags-folder [airflow.dag_processing.manager.DagFileProcessorManager] loc=manager.py:843
dag-processor | 2026-07-26T20:14:16.636100Z [info     ] Not time to refresh bundle dags-folder [airflow.dag_processing.manager.DagFileProcessorManager] loc=manager.py:843
triggerer  | 2026-07-26T20:14:21.472991Z [info     ] 0 triggers currently running   [airflow.jobs.triggerer_job_runner] loc=triggerer_job_runner.py:1036
triggerer  | 2026-07-26T20:14:21.473091Z [info     ] 0 watchers currently running   [airflow.jobs.triggerer_job_runner] loc=triggerer_job_runner.py:1036
dag-processor | 2026-07-26T20:14:24.237287Z [info     ] Not time to refresh bundle dags-folder [airflow.dag_processing.manager.DagFileProcessorManager] loc=manager.py:843
dag-processor | 2026-07-26T20:14:29.658576Z [info     ]
dag-processor | ================================================================================
dag-processor | DAG File Processing Stats
dag-processor | Bundle       File Path             PID    Current Duration      # DAGs    # Errors  Last Duration    Last Run At
dag-processor | -----------  --------------------  -----  ------------------  --------  ----------  ---------------  -------------------
dag-processor | dags-folder  fifa_sync_raw_dag.py                                    1           0  0.07s            2026-07-26T20:14:08
dag-processor | dags-folder  fifa_etl_dag.py                                         1           0  0.07s            2026-07-26T20:14:07
dag-processor | ================================================================================ [airflow.dag_processing.manager.DagFileProcessorManager] loc=manager.py:1123
dag-processor | 2026-07-26T20:14:29.660195Z [info     ] Not time to refresh bundle dags-folder [airflow.dag_processing.manager.DagFileProcessorManager] loc=manager.py:843
dag-processor | 2026-07-26T20:14:36.134407Z [info     ] Not time to refresh bundle dags-folder [airflow.dag_processing.manager.DagFileProcessorManager] loc=manager.py:843
dag-processor | 2026-07-26T20:14:37.200091Z [info     ] Bulk-writing dags to db        [airflow.serialization.definitions.dag] count=1 loc=dag.py:210
dag-processor | 2026-07-26T20:14:37.204478Z [info     ] Getting latest run for non-partitioned Dag [airflow.dag_processing.collection] dag_id=Proyecto_FIFA_ETL loc=collection.py:200
dag-processor | 2026-07-26T20:14:37.206323Z [info     ] got latest run                 [airflow.dag_processing.collection] dag_id=Proyecto_FIFA_ETL loc=collection.py:203 logical_date='2026-07-26 00:00:00+00:00' partition_key=None
dag-processor | 2026-07-26T20:14:37.213800Z [info     ] get next_dagrun_info_v2        [airflow.serialization.definitions.dag] last_automated_run_info=DagRunInfo(run_after=DateTime(2026, 7, 26, 0, 0, 0, tzinfo=Timezone('UTC')), data_interval=DataInterval(start=DateTime(2026, 7, 26, 0, 0, 0, tzinfo=Timezone('UTC')), end=DateTime(2026, 7, 26, 0, 0, 0, tzinfo=Timezone('UTC'))), partition_date=None, partition_key=None) loc=dag.py:445 next_info=DagRunInfo(run_after=DateTime(2026, 7, 27, 0, 0, 0, tzinfo=Timezone('UTC')), data_interval=DataInterval(start=DateTime(2026, 7, 27, 0, 0, 0, tzinfo=Timezone('UTC')), end=DateTime(2026, 7, 27, 0, 0, 0, tzinfo=Timezone('UTC'))), partition_date=None, partition_key=None)
dag-processor | 2026-07-26T20:14:37.214027Z [info     ] setting next dagrun info       [airflow.models.dag] loc=dag.py:848 next_dagrun='2026-07-27 00:00:00+00:00' next_dagrun_create_after='2026-07-27 00:00:00+00:00' next_dagrun_data_interval_end='2026-07-27 00:00:00+00:00' next_dagrun_data_interval_start='2026-07-27 00:00:00+00:00' next_dagrun_partition_date=None next_dagrun_partition_key=None
dag-processor | 2026-07-26T20:14:39.345595Z [info     ] Bulk-writing dags to db        [airflow.serialization.definitions.dag] count=1 loc=dag.py:210
dag-processor | 2026-07-26T20:14:39.349585Z [info     ] Getting latest run for non-partitioned Dag [airflow.dag_processing.collection] dag_id=Proyecto_FIFA_Sync_Raw_CSV loc=collection.py:200
dag-processor | 2026-07-26T20:14:39.351050Z [info     ] got latest run                 [airflow.dag_processing.collection] dag_id=Proyecto_FIFA_Sync_Raw_CSV loc=collection.py:203 logical_date='2026-07-26 20:00:00+00:00' partition_key=None
dag-processor | 2026-07-26T20:14:39.358929Z [info     ] get next_dagrun_info_v2        [airflow.serialization.definitions.dag] last_automated_run_info=DagRunInfo(run_after=DateTime(2026, 7, 26, 20, 0, 0, tzinfo=Timezone('UTC')), data_interval=DataInterval(start=DateTime(2026, 7, 26, 20, 0, 0, tzinfo=Timezone('UTC')), end=DateTime(2026, 7, 26, 20, 0, 0, tzinfo=Timezone('UTC'))), partition_date=None, partition_key=None) loc=dag.py:445 next_info=DagRunInfo(run_after=DateTime(2026, 7, 26, 21, 0, 0, tzinfo=Timezone('UTC')), data_interval=DataInterval(start=DateTime(2026, 7, 26, 21, 0, 0, tzinfo=Timezone('UTC')), end=DateTime(2026, 7, 26, 21, 0, 0, tzinfo=Timezone('UTC'))), partition_date=None, partition_key=None)
dag-processor | 2026-07-26T20:14:39.359217Z [info     ] setting next dagrun info       [airflow.models.dag] loc=dag.py:848 next_dagrun='2026-07-26 21:00:00+00:00' next_dagrun_create_after='2026-07-26 21:00:00+00:00' next_dagrun_data_interval_end='2026-07-26 21:00:00+00:00' next_dagrun_data_interval_start='2026-07-26 21:00:00+00:00' next_dagrun_partition_date=None next_dagrun_partition_key=None
dag-processor | 2026-07-26T20:14:41.355632Z [info     ] Not time to refresh bundle dags-folder [airflow.dag_processing.manager.DagFileProcessorManager] loc=manager.py:843
dag-processor | 2026-07-26T20:14:46.375929Z [info     ] Not time to refresh bundle dags-folder [airflow.dag_processing.manager.DagFileProcessorManager] loc=manager.py:843
dag-processor | 2026-07-26T20:14:51.398986Z [info     ] Not time to refresh bundle dags-folder [airflow.dag_processing.manager.DagFileProcessorManager] loc=manager.py:843
dag-processor | 2026-07-26T20:14:56.421247Z [info     ] Not time to refresh bundle dags-folder [airflow.dag_processing.manager.DagFileProcessorManager] loc=manager.py:843
dag-processor | 2026-07-26T20:15:00.437248Z [info     ]
dag-processor | ================================================================================
dag-processor | DAG File Processing Stats
dag-processor | Bundle       File Path             PID    Current Duration      # DAGs    # Errors  Last Duration    Last Run At
dag-processor | -----------  --------------------  -----  ------------------  --------  ----------  ---------------  -------------------
dag-processor | dags-folder  fifa_sync_raw_dag.py                                    1           0  0.10s            2026-07-26T20:14:39
dag-processor | dags-folder  fifa_etl_dag.py                                         1           0  0.05s            2026-07-26T20:14:37
dag-processor | ================================================================================ [airflow.dag_processing.manager.DagFileProcessorManager] loc=manager.py:1123
dag-processor | 2026-07-26T20:15:01.444595Z [info     ] Not time to refresh bundle dags-folder [airflow.dag_processing.manager.DagFileProcessorManager] loc=manager.py:843
dag-processor | 2026-07-26T20:15:06.469710Z [info     ] Not time to refresh bundle dags-folder [airflow.dag_processing.manager.DagFileProcessorManager] loc=manager.py:843
dag-processor | 2026-07-26T20:15:07.543281Z [info     ] Bulk-writing dags to db        [airflow.serialization.definitions.dag] count=1 loc=dag.py:210
dag-processor | 2026-07-26T20:15:07.548108Z [info     ] Getting latest run for non-partitioned Dag [airflow.dag_processing.collection] dag_id=Proyecto_FIFA_ETL loc=collection.py:200
dag-processor | 2026-07-26T20:15:07.549999Z [info     ] got latest run                 [airflow.dag_processing.collection] dag_id=Proyecto_FIFA_ETL loc=collection.py:203 logical_date='2026-07-26 00:00:00+00:00' partition_key=None
dag-processor | 2026-07-26T20:15:07.557804Z [info     ] get next_dagrun_info_v2        [airflow.serialization.definitions.dag] last_automated_run_info=DagRunInfo(run_after=DateTime(2026, 7, 26, 0, 0, 0, tzinfo=Timezone('UTC')), data_interval=DataInterval(start=DateTime(2026, 7, 26, 0, 0, 0, tzinfo=Timezone('UTC')), end=DateTime(2026, 7, 26, 0, 0, 0, tzinfo=Timezone('UTC'))), partition_date=None, partition_key=None) loc=dag.py:445 next_info=DagRunInfo(run_after=DateTime(2026, 7, 27, 0, 0, 0, tzinfo=Timezone('UTC')), data_interval=DataInterval(start=DateTime(2026, 7, 27, 0, 0, 0, tzinfo=Timezone('UTC')), end=DateTime(2026, 7, 27, 0, 0, 0, tzinfo=Timezone('UTC'))), partition_date=None, partition_key=None)
dag-processor | 2026-07-26T20:15:07.558099Z [info     ] setting next dagrun info       [airflow.models.dag] loc=dag.py:848 next_dagrun='2026-07-27 00:00:00+00:00' next_dagrun_create_after='2026-07-27 00:00:00+00:00' next_dagrun_data_interval_end='2026-07-27 00:00:00+00:00' next_dagrun_data_interval_start='2026-07-27 00:00:00+00:00' next_dagrun_partition_date=None next_dagrun_partition_key=None
dag-processor | 2026-07-26T20:15:09.631101Z [info     ] Bulk-writing dags to db        [airflow.serialization.definitions.dag] count=1 loc=dag.py:210
dag-processor | 2026-07-26T20:15:09.634728Z [info     ] Getting latest run for non-partitioned Dag [airflow.dag_processing.collection] dag_id=Proyecto_FIFA_Sync_Raw_CSV loc=collection.py:200
dag-processor | 2026-07-26T20:15:09.636180Z [info     ] got latest run                 [airflow.dag_processing.collection] dag_id=Proyecto_FIFA_Sync_Raw_CSV loc=collection.py:203 logical_date='2026-07-26 20:00:00+00:00' partition_key=None
dag-processor | 2026-07-26T20:15:09.643886Z [info     ] get next_dagrun_info_v2        [airflow.serialization.definitions.dag] last_automated_run_info=DagRunInfo(run_after=DateTime(2026, 7, 26, 20, 0, 0, tzinfo=Timezone('UTC')), data_interval=DataInterval(start=DateTime(2026, 7, 26, 20, 0, 0, tzinfo=Timezone('UTC')), end=DateTime(2026, 7, 26, 20, 0, 0, tzinfo=Timezone('UTC'))), partition_date=None, partition_key=None) loc=dag.py:445 next_info=DagRunInfo(run_after=DateTime(2026, 7, 26, 21, 0, 0, tzinfo=Timezone('UTC')), data_interval=DataInterval(start=DateTime(2026, 7, 26, 21, 0, 0, tzinfo=Timezone('UTC')), end=DateTime(2026, 7, 26, 21, 0, 0, tzinfo=Timezone('UTC'))), partition_date=None, partition_key=None)
dag-processor | 2026-07-26T20:15:09.644264Z [info     ] setting next dagrun info       [airflow.models.dag] loc=dag.py:848 next_dagrun='2026-07-26 21:00:00+00:00' next_dagrun_create_after='2026-07-26 21:00:00+00:00' next_dagrun_data_interval_end='2026-07-26 21:00:00+00:00' next_dagrun_data_interval_start='2026-07-26 21:00:00+00:00' next_dagrun_partition_date=None next_dagrun_partition_key=None
dag-processor | 2026-07-26T20:15:11.639384Z [info     ] Not time to refresh bundle dags-folder [airflow.dag_processing.manager.DagFileProcessorManager] loc=manager.py:843
dag-processor | 2026-07-26T20:15:16.661443Z [info     ] Not time to refresh bundle dags-folder [airflow.dag_processing.manager.DagFileProcessorManager] loc=manager.py:843
scheduler  | 2026-07-26T20:15:16.934142Z [info     ] Adopting or resetting orphaned tasks for active dag runs [airflow.jobs.scheduler_job_runner.SchedulerJobRunner] loc=scheduler_job_runner.py:3244
dag-processor | 2026-07-26T20:15:21.682964Z [info     ] Refreshing bundle dags-folder  [airflow.dag_processing.manager.DagFileProcessorManager] loc=manager.py:846
dag-processor | 2026-07-26T20:15:21.771801Z [info     ] Searching for files in dags-folder at /home/sebastian2/airflow/dags [airflow.dag_processing.manager.DagFileProcessorManager] loc=manager.py:914
dag-processor | 2026-07-26T20:15:21.773269Z [info     ] Found 2 files for bundle dags-folder [airflow.dag_processing.manager.DagFileProcessorManager] loc=manager.py:916
triggerer  | 2026-07-26T20:15:22.202936Z [info     ] 0 triggers currently running   [airflow.jobs.triggerer_job_runner] loc=triggerer_job_runner.py:1036
triggerer  | 2026-07-26T20:15:22.203061Z [info     ] 0 watchers currently running   [airflow.jobs.triggerer_job_runner] loc=triggerer_job_runner.py:1036
dag-processor | 2026-07-26T20:15:26.711657Z [info     ] Not time to refresh bundle dags-folder [airflow.dag_processing.manager.DagFileProcessorManager] loc=manager.py:843
dag-processor | 2026-07-26T20:15:30.748873Z [info     ]
dag-processor | ================================================================================
dag-processor | DAG File Processing Stats
dag-processor | Bundle       File Path             PID    Current Duration      # DAGs    # Errors  Last Duration    Last Run At
dag-processor | -----------  --------------------  -----  ------------------  --------  ----------  ---------------  -------------------
dag-processor | dags-folder  fifa_etl_dag.py                                         1           0  0.06s            2026-07-26T20:15:07
dag-processor | dags-folder  fifa_sync_raw_dag.py                                    1           0  0.05s            2026-07-26T20:15:09
dag-processor | ================================================================================ [airflow.dag_processing.manager.DagFileProcessorManager] loc=manager.py:1123
dag-processor | 2026-07-26T20:15:31.754762Z [info     ] Not time to refresh bundle dags-folder [airflow.dag_processing.manager.DagFileProcessorManager] loc=manager.py:843
dag-processor | 2026-07-26T20:15:36.782509Z [info     ] Not time to refresh bundle dags-folder [airflow.dag_processing.manager.DagFileProcessorManager] loc=manager.py:843
dag-processor | 2026-07-26T20:15:37.880939Z [info     ] Bulk-writing dags to db        [airflow.serialization.definitions.dag] count=1 loc=dag.py:210
dag-processor | 2026-07-26T20:15:37.884569Z [info     ] Getting latest run for non-partitioned Dag [airflow.dag_processing.collection] dag_id=Proyecto_FIFA_ETL loc=collection.py:200
dag-processor | 2026-07-26T20:15:37.885969Z [info     ] got latest run                 [airflow.dag_processing.collection] dag_id=Proyecto_FIFA_ETL loc=collection.py:203 logical_date='2026-07-26 00:00:00+00:00' partition_key=None
dag-processor | 2026-07-26T20:15:37.893912Z [info     ] get next_dagrun_info_v2        [airflow.serialization.definitions.dag] last_automated_run_info=DagRunInfo(run_after=DateTime(2026, 7, 26, 0, 0, 0, tzinfo=Timezone('UTC')), data_interval=DataInterval(start=DateTime(2026, 7, 26, 0, 0, 0, tzinfo=Timezone('UTC')), end=DateTime(2026, 7, 26, 0, 0, 0, tzinfo=Timezone('UTC'))), partition_date=None, partition_key=None) loc=dag.py:445 next_info=DagRunInfo(run_after=DateTime(2026, 7, 27, 0, 0, 0, tzinfo=Timezone('UTC')), data_interval=DataInterval(start=DateTime(2026, 7, 27, 0, 0, 0, tzinfo=Timezone('UTC')), end=DateTime(2026, 7, 27, 0, 0, 0, tzinfo=Timezone('UTC'))), partition_date=None, partition_key=None)
dag-processor | 2026-07-26T20:15:37.894349Z [info     ] setting next dagrun info       [airflow.models.dag] loc=dag.py:848 next_dagrun='2026-07-27 00:00:00+00:00' next_dagrun_create_after='2026-07-27 00:00:00+00:00' next_dagrun_data_interval_end='2026-07-27 00:00:00+00:00' next_dagrun_data_interval_start='2026-07-27 00:00:00+00:00' next_dagrun_partition_date=None next_dagrun_partition_key=None
dag-processor | 2026-07-26T20:15:39.953138Z [info     ] Bulk-writing dags to db        [airflow.serialization.definitions.dag] count=1 loc=dag.py:210
dag-processor | 2026-07-26T20:15:39.957085Z [info     ] Getting latest run for non-partitioned Dag [airflow.dag_processing.collection] dag_id=Proyecto_FIFA_Sync_Raw_CSV loc=collection.py:200
dag-processor | 2026-07-26T20:15:39.958816Z [info     ] got latest run                 [airflow.dag_processing.collection] dag_id=Proyecto_FIFA_Sync_Raw_CSV loc=collection.py:203 logical_date='2026-07-26 20:00:00+00:00' partition_key=None
dag-processor | 2026-07-26T20:15:39.968751Z [info     ] get next_dagrun_info_v2        [airflow.serialization.definitions.dag] last_automated_run_info=DagRunInfo(run_after=DateTime(2026, 7, 26, 20, 0, 0, tzinfo=Timezone('UTC')), data_interval=DataInterval(start=DateTime(2026, 7, 26, 20, 0, 0, tzinfo=Timezone('UTC')), end=DateTime(2026, 7, 26, 20, 0, 0, tzinfo=Timezone('UTC'))), partition_date=None, partition_key=None) loc=dag.py:445 next_info=DagRunInfo(run_after=DateTime(2026, 7, 26, 21, 0, 0, tzinfo=Timezone('UTC')), data_interval=DataInterval(start=DateTime(2026, 7, 26, 21, 0, 0, tzinfo=Timezone('UTC')), end=DateTime(2026, 7, 26, 21, 0, 0, tzinfo=Timezone('UTC'))), partition_date=None, partition_key=None)
dag-processor | 2026-07-26T20:15:39.969015Z [info     ] setting next dagrun info       [airflow.models.dag] loc=dag.py:848 next_dagrun='2026-07-26 21:00:00+00:00' next_dagrun_create_after='2026-07-26 21:00:00+00:00' next_dagrun_data_interval_end='2026-07-26 21:00:00+00:00' next_dagrun_data_interval_start='2026-07-26 21:00:00+00:00' next_dagrun_partition_date=None next_dagrun_partition_key=None
dag-processor | 2026-07-26T20:15:41.960577Z [info     ] Not time to refresh bundle dags-folder [airflow.dag_processing.manager.DagFileProcessorManager] loc=manager.py:843
dag-processor | 2026-07-26T20:15:46.983427Z [info     ] Not time to refresh bundle dags-folder [airflow.dag_processing.manager.DagFileProcessorManager] loc=manager.py:843
dag-processor | 2026-07-26T20:15:52.005373Z [info     ] Not time to refresh bundle dags-folder [airflow.dag_processing.manager.DagFileProcessorManager] loc=manager.py:843
dag-processor | 2026-07-26T20:15:57.032342Z [info     ] Not time to refresh bundle dags-folder [airflow.dag_processing.manager.DagFileProcessorManager] loc=manager.py:843
dag-processor | 2026-07-26T20:16:01.051063Z [info     ]
dag-processor | ================================================================================
dag-processor | DAG File Processing Stats
dag-processor | Bundle       File Path             PID    Current Duration      # DAGs    # Errors  Last Duration    Last Run At
dag-processor | -----------  --------------------  -----  ------------------  --------  ----------  ---------------  -------------------
dag-processor | dags-folder  fifa_etl_dag.py                                         1           0  0.06s            2026-07-26T20:15:37
dag-processor | dags-folder  fifa_sync_raw_dag.py                                    1           0  0.06s            2026-07-26T20:15:39
dag-processor | ================================================================================ [airflow.dag_processing.manager.DagFileProcessorManager] loc=manager.py:1123
dag-processor | 2026-07-26T20:16:02.056363Z [info     ] Not time to refresh bundle dags-folder [airflow.dag_processing.manager.DagFileProcessorManager] loc=manager.py:843
dag-processor | 2026-07-26T20:16:07.081204Z [info     ] Not time to refresh bundle dags-folder [airflow.dag_processing.manager.DagFileProcessorManager] loc=manager.py:843
dag-processor | 2026-07-26T20:16:08.169012Z [info     ] Bulk-writing dags to db        [airflow.serialization.definitions.dag] count=1 loc=dag.py:210
dag-processor | 2026-07-26T20:16:08.174705Z [info     ] Getting latest run for non-partitioned Dag [airflow.dag_processing.collection] dag_id=Proyecto_FIFA_ETL loc=collection.py:200
dag-processor | 2026-07-26T20:16:08.177242Z [info     ] got latest run                 [airflow.dag_processing.collection] dag_id=Proyecto_FIFA_ETL loc=collection.py:203 logical_date='2026-07-26 00:00:00+00:00' partition_key=None
dag-processor | 2026-07-26T20:16:08.186891Z [info     ] get next_dagrun_info_v2        [airflow.serialization.definitions.dag] last_automated_run_info=DagRunInfo(run_after=DateTime(2026, 7, 26, 0, 0, 0, tzinfo=Timezone('UTC')), data_interval=DataInterval(start=DateTime(2026, 7, 26, 0, 0, 0, tzinfo=Timezone('UTC')), end=DateTime(2026, 7, 26, 0, 0, 0, tzinfo=Timezone('UTC'))), partition_date=None, partition_key=None) loc=dag.py:445 next_info=DagRunInfo(run_after=DateTime(2026, 7, 27, 0, 0, 0, tzinfo=Timezone('UTC')), data_interval=DataInterval(start=DateTime(2026, 7, 27, 0, 0, 0, tzinfo=Timezone('UTC')), end=DateTime(2026, 7, 27, 0, 0, 0, tzinfo=Timezone('UTC'))), partition_date=None, partition_key=None)
dag-processor | 2026-07-26T20:16:08.187195Z [info     ] setting next dagrun info       [airflow.models.dag] loc=dag.py:848 next_dagrun='2026-07-27 00:00:00+00:00' next_dagrun_create_after='2026-07-27 00:00:00+00:00' next_dagrun_data_interval_end='2026-07-27 00:00:00+00:00' next_dagrun_data_interval_start='2026-07-27 00:00:00+00:00' next_dagrun_partition_date=None next_dagrun_partition_key=None
dag-processor | 2026-07-26T20:16:10.237275Z [info     ] Bulk-writing dags to db        [airflow.serialization.definitions.dag] count=1 loc=dag.py:210
dag-processor | 2026-07-26T20:16:10.241432Z [info     ] Getting latest run for non-partitioned Dag [airflow.dag_processing.collection] dag_id=Proyecto_FIFA_Sync_Raw_CSV loc=collection.py:200
dag-processor | 2026-07-26T20:16:10.243113Z [info     ] got latest run                 [airflow.dag_processing.collection] dag_id=Proyecto_FIFA_Sync_Raw_CSV loc=collection.py:203 logical_date='2026-07-26 20:00:00+00:00' partition_key=None
dag-processor | 2026-07-26T20:16:10.250580Z [info     ] get next_dagrun_info_v2        [airflow.serialization.definitions.dag] last_automated_run_info=DagRunInfo(run_after=DateTime(2026, 7, 26, 20, 0, 0, tzinfo=Timezone('UTC')), data_interval=DataInterval(start=DateTime(2026, 7, 26, 20, 0, 0, tzinfo=Timezone('UTC')), end=DateTime(2026, 7, 26, 20, 0, 0, tzinfo=Timezone('UTC'))), partition_date=None, partition_key=None) loc=dag.py:445 next_info=DagRunInfo(run_after=DateTime(2026, 7, 26, 21, 0, 0, tzinfo=Timezone('UTC')), data_interval=DataInterval(start=DateTime(2026, 7, 26, 21, 0, 0, tzinfo=Timezone('UTC')), end=DateTime(2026, 7, 26, 21, 0, 0, tzinfo=Timezone('UTC'))), partition_date=None, partition_key=None)
dag-processor | 2026-07-26T20:16:10.250793Z [info     ] setting next dagrun info       [airflow.models.dag] loc=dag.py:848 next_dagrun='2026-07-26 21:00:00+00:00' next_dagrun_create_after='2026-07-26 21:00:00+00:00' next_dagrun_data_interval_end='2026-07-26 21:00:00+00:00' next_dagrun_data_interval_start='2026-07-26 21:00:00+00:00' next_dagrun_partition_date=None next_dagrun_partition_key=None
dag-processor | 2026-07-26T20:16:12.247311Z [info     ] Not time to refresh bundle dags-folder [airflow.dag_processing.manager.DagFileProcessorManager] loc=manager.py:843
dag-processor | 2026-07-26T20:16:17.276130Z [info     ] Not time to refresh bundle dags-folder [airflow.dag_processing.manager.DagFileProcessorManager] loc=manager.py:843
dag-processor | 2026-07-26T20:16:22.300831Z [info     ] Not time to refresh bundle dags-folder [airflow.dag_processing.manager.DagFileProcessorManager] loc=manager.py:843
triggerer  | 2026-07-26T20:16:22.394105Z [info     ] 0 triggers currently running   [airflow.jobs.triggerer_job_runner] loc=triggerer_job_runner.py:1036
triggerer  | 2026-07-26T20:16:22.394254Z [info     ] 0 watchers currently running   [airflow.jobs.triggerer_job_runner] loc=triggerer_job_runner.py:1036
dag-processor | 2026-07-26T20:16:27.324321Z [info     ] Not time to refresh bundle dags-folder [airflow.dag_processing.manager.DagFileProcessorManager] loc=manager.py:843
dag-processor | 2026-07-26T20:16:31.345477Z [info     ]
dag-processor | ================================================================================
dag-processor | DAG File Processing Stats
dag-processor | Bundle       File Path             PID    Current Duration      # DAGs    # Errors  Last Duration    Last Run At
dag-processor | -----------  --------------------  -----  ------------------  --------  ----------  ---------------  -------------------
dag-processor | dags-folder  fifa_etl_dag.py                                         1           0  0.06s            2026-07-26T20:16:08
dag-processor | dags-folder  fifa_sync_raw_dag.py                                    1           0  0.06s            2026-07-26T20:16:10
dag-processor | ================================================================================ [airflow.dag_processing.manager.DagFileProcessorManager] loc=manager.py:1123
dag-processor | 2026-07-26T20:16:32.351994Z [info     ] Not time to refresh bundle dags-folder [airflow.dag_processing.manager.DagFileProcessorManager] loc=manager.py:843
dag-processor | 2026-07-26T20:16:37.374694Z [info     ] Not time to refresh bundle dags-folder [airflow.dag_processing.manager.DagFileProcessorManager] loc=manager.py:843
dag-processor | 2026-07-26T20:16:38.475665Z [info     ] Bulk-writing dags to db        [airflow.serialization.definitions.dag] count=1 loc=dag.py:210
dag-processor | 2026-07-26T20:16:38.479070Z [info     ] Getting latest run for non-partitioned Dag [airflow.dag_processing.collection] dag_id=Proyecto_FIFA_ETL loc=collection.py:200
dag-processor | 2026-07-26T20:16:38.480562Z [info     ] got latest run                 [airflow.dag_processing.collection] dag_id=Proyecto_FIFA_ETL loc=collection.py:203 logical_date='2026-07-26 00:00:00+00:00' partition_key=None
dag-processor | 2026-07-26T20:16:38.488048Z [info     ] get next_dagrun_info_v2        [airflow.serialization.definitions.dag] last_automated_run_info=DagRunInfo(run_after=DateTime(2026, 7, 26, 0, 0, 0, tzinfo=Timezone('UTC')), data_interval=DataInterval(start=DateTime(2026, 7, 26, 0, 0, 0, tzinfo=Timezone('UTC')), end=DateTime(2026, 7, 26, 0, 0, 0, tzinfo=Timezone('UTC'))), partition_date=None, partition_key=None) loc=dag.py:445 next_info=DagRunInfo(run_after=DateTime(2026, 7, 27, 0, 0, 0, tzinfo=Timezone('UTC')), data_interval=DataInterval(start=DateTime(2026, 7, 27, 0, 0, 0, tzinfo=Timezone('UTC')), end=DateTime(2026, 7, 27, 0, 0, 0, tzinfo=Timezone('UTC'))), partition_date=None, partition_key=None)
dag-processor | 2026-07-26T20:16:38.488311Z [info     ] setting next dagrun info       [airflow.models.dag] loc=dag.py:848 next_dagrun='2026-07-27 00:00:00+00:00' next_dagrun_create_after='2026-07-27 00:00:00+00:00' next_dagrun_data_interval_end='2026-07-27 00:00:00+00:00' next_dagrun_data_interval_start='2026-07-27 00:00:00+00:00' next_dagrun_partition_date=None next_dagrun_partition_key=None
dag-processor | 2026-07-26T20:16:40.544193Z [info     ] Bulk-writing dags to db        [airflow.serialization.definitions.dag] count=1 loc=dag.py:210
dag-processor | 2026-07-26T20:16:40.548226Z [info     ] Getting latest run for non-partitioned Dag [airflow.dag_processing.collection] dag_id=Proyecto_FIFA_Sync_Raw_CSV loc=collection.py:200
dag-processor | 2026-07-26T20:16:40.549712Z [info     ] got latest run                 [airflow.dag_processing.collection] dag_id=Proyecto_FIFA_Sync_Raw_CSV loc=collection.py:203 logical_date='2026-07-26 20:00:00+00:00' partition_key=None
dag-processor | 2026-07-26T20:16:40.557324Z [info     ] get next_dagrun_info_v2        [airflow.serialization.definitions.dag] last_automated_run_info=DagRunInfo(run_after=DateTime(2026, 7, 26, 20, 0, 0, tzinfo=Timezone('UTC')), data_interval=DataInterval(start=DateTime(2026, 7, 26, 20, 0, 0, tzinfo=Timezone('UTC')), end=DateTime(2026, 7, 26, 20, 0, 0, tzinfo=Timezone('UTC'))), partition_date=None, partition_key=None) loc=dag.py:445 next_info=DagRunInfo(run_after=DateTime(2026, 7, 26, 21, 0, 0, tzinfo=Timezone('UTC')), data_interval=DataInterval(start=DateTime(2026, 7, 26, 21, 0, 0, tzinfo=Timezone('UTC')), end=DateTime(2026, 7, 26, 21, 0, 0, tzinfo=Timezone('UTC'))), partition_date=None, partition_key=None)
dag-processor | 2026-07-26T20:16:40.557726Z [info     ] setting next dagrun info       [airflow.models.dag] loc=dag.py:848 next_dagrun='2026-07-26 21:00:00+00:00' next_dagrun_create_after='2026-07-26 21:00:00+00:00' next_dagrun_data_interval_end='2026-07-26 21:00:00+00:00' next_dagrun_data_interval_start='2026-07-26 21:00:00+00:00' next_dagrun_partition_date=None next_dagrun_partition_key=None
dag-processor | 2026-07-26T20:16:42.553031Z [info     ] Not time to refresh bundle dags-folder [airflow.dag_processing.manager.DagFileProcessorManager] loc=manager.py:843
dag-processor | 2026-07-26T20:16:47.573671Z [info     ] Not time to refresh bundle dags-folder [airflow.dag_processing.manager.DagFileProcessorManager] loc=manager.py:843
dag-processor | 2026-07-26T20:16:52.593270Z [info     ] Not time to refresh bundle dags-folder [airflow.dag_processing.manager.DagFileProcessorManager] loc=manager.py:843
dag-processor | 2026-07-26T20:16:57.614057Z [info     ] Not time to refresh bundle dags-folder [airflow.dag_processing.manager.DagFileProcessorManager] loc=manager.py:843
dag-processor | 2026-07-26T20:17:01.738014Z [info     ]
dag-processor | ================================================================================
dag-processor | DAG File Processing Stats
dag-processor | Bundle       File Path             PID    Current Duration      # DAGs    # Errors  Last Duration    Last Run At
dag-processor | -----------  --------------------  -----  ------------------  --------  ----------  ---------------  -------------------
dag-processor | dags-folder  fifa_sync_raw_dag.py                                    1           0  0.05s            2026-07-26T20:16:40
dag-processor | dags-folder  fifa_etl_dag.py                                         1           0  0.05s            2026-07-26T20:16:38
dag-processor | ================================================================================ [airflow.dag_processing.manager.DagFileProcessorManager] loc=manager.py:1123
dag-processor | 2026-07-26T20:17:02.745369Z [info     ] Not time to refresh bundle dags-folder [airflow.dag_processing.manager.DagFileProcessorManager] loc=manager.py:843
dag-processor | 2026-07-26T20:17:07.764595Z [info     ] Not time to refresh bundle dags-folder [airflow.dag_processing.manager.DagFileProcessorManager] loc=manager.py:843
dag-processor | 2026-07-26T20:17:08.883363Z [info     ] Bulk-writing dags to db        [airflow.serialization.definitions.dag] count=1 loc=dag.py:210
dag-processor | 2026-07-26T20:17:08.887611Z [info     ] Getting latest run for non-partitioned Dag [airflow.dag_processing.collection] dag_id=Proyecto_FIFA_ETL loc=collection.py:200
dag-processor | 2026-07-26T20:17:08.889862Z [info     ] got latest run                 [airflow.dag_processing.collection] dag_id=Proyecto_FIFA_ETL loc=collection.py:203 logical_date='2026-07-26 00:00:00+00:00' partition_key=None
dag-processor | 2026-07-26T20:17:08.897300Z [info     ] get next_dagrun_info_v2        [airflow.serialization.definitions.dag] last_automated_run_info=DagRunInfo(run_after=DateTime(2026, 7, 26, 0, 0, 0, tzinfo=Timezone('UTC')), data_interval=DataInterval(start=DateTime(2026, 7, 26, 0, 0, 0, tzinfo=Timezone('UTC')), end=DateTime(2026, 7, 26, 0, 0, 0, tzinfo=Timezone('UTC'))), partition_date=None, partition_key=None) loc=dag.py:445 next_info=DagRunInfo(run_after=DateTime(2026, 7, 27, 0, 0, 0, tzinfo=Timezone('UTC')), data_interval=DataInterval(start=DateTime(2026, 7, 27, 0, 0, 0, tzinfo=Timezone('UTC')), end=DateTime(2026, 7, 27, 0, 0, 0, tzinfo=Timezone('UTC'))), partition_date=None, partition_key=None)
dag-processor | 2026-07-26T20:17:08.897702Z [info     ] setting next dagrun info       [airflow.models.dag] loc=dag.py:848 next_dagrun='2026-07-27 00:00:00+00:00' next_dagrun_create_after='2026-07-27 00:00:00+00:00' next_dagrun_data_interval_end='2026-07-27 00:00:00+00:00' next_dagrun_data_interval_start='2026-07-27 00:00:00+00:00' next_dagrun_partition_date=None next_dagrun_partition_key=None
dag-processor | 2026-07-26T20:17:10.950429Z [info     ] Bulk-writing dags to db        [airflow.serialization.definitions.dag] count=1 loc=dag.py:210
dag-processor | 2026-07-26T20:17:10.954966Z [info     ] Getting latest run for non-partitioned Dag [airflow.dag_processing.collection] dag_id=Proyecto_FIFA_Sync_Raw_CSV loc=collection.py:200
dag-processor | 2026-07-26T20:17:10.956395Z [info     ] got latest run                 [airflow.dag_processing.collection] dag_id=Proyecto_FIFA_Sync_Raw_CSV loc=collection.py:203 logical_date='2026-07-26 20:00:00+00:00' partition_key=None
dag-processor | 2026-07-26T20:17:10.964323Z [info     ] get next_dagrun_info_v2        [airflow.serialization.definitions.dag] last_automated_run_info=DagRunInfo(run_after=DateTime(2026, 7, 26, 20, 0, 0, tzinfo=Timezone('UTC')), data_interval=DataInterval(start=DateTime(2026, 7, 26, 20, 0, 0, tzinfo=Timezone('UTC')), end=DateTime(2026, 7, 26, 20, 0, 0, tzinfo=Timezone('UTC'))), partition_date=None, partition_key=None) loc=dag.py:445 next_info=DagRunInfo(run_after=DateTime(2026, 7, 26, 21, 0, 0, tzinfo=Timezone('UTC')), data_interval=DataInterval(start=DateTime(2026, 7, 26, 21, 0, 0, tzinfo=Timezone('UTC')), end=DateTime(2026, 7, 26, 21, 0, 0, tzinfo=Timezone('UTC'))), partition_date=None, partition_key=None)
dag-processor | 2026-07-26T20:17:10.964608Z [info     ] setting next dagrun info       [airflow.models.dag] loc=dag.py:848 next_dagrun='2026-07-26 21:00:00+00:00' next_dagrun_create_after='2026-07-26 21:00:00+00:00' next_dagrun_data_interval_end='2026-07-26 21:00:00+00:00' next_dagrun_data_interval_start='2026-07-26 21:00:00+00:00' next_dagrun_partition_date=None next_dagrun_partition_key=None
dag-processor | 2026-07-26T20:17:12.958178Z [info     ] Not time to refresh bundle dags-folder [airflow.dag_processing.manager.DagFileProcessorManager] loc=manager.py:843
dag-processor | 2026-07-26T20:17:17.978197Z [info     ] Not time to refresh bundle dags-folder [airflow.dag_processing.manager.DagFileProcessorManager] loc=manager.py:843
triggerer  | 2026-07-26T20:17:22.581898Z [info     ] 0 triggers currently running   [airflow.jobs.triggerer_job_runner] loc=triggerer_job_runner.py:1036
triggerer  | 2026-07-26T20:17:22.582003Z [info     ] 0 watchers currently running   [airflow.jobs.triggerer_job_runner] loc=triggerer_job_runner.py:1036
dag-processor | 2026-07-26T20:17:22.999525Z [info     ] Not time to refresh bundle dags-folder [airflow.dag_processing.manager.DagFileProcessorManager] loc=manager.py:843
dag-processor | 2026-07-26T20:17:28.020616Z [info     ] Not time to refresh bundle dags-folder [airflow.dag_processing.manager.DagFileProcessorManager] loc=manager.py:843
dag-processor | 2026-07-26T20:17:32.035959Z [info     ]
dag-processor | ================================================================================
dag-processor | DAG File Processing Stats
dag-processor | Bundle       File Path             PID    Current Duration      # DAGs    # Errors  Last Duration    Last Run At
dag-processor | -----------  --------------------  -----  ------------------  --------  ----------  ---------------  -------------------
dag-processor | dags-folder  fifa_etl_dag.py                                         1           0  0.06s            2026-07-26T20:17:08
dag-processor | dags-folder  fifa_sync_raw_dag.py                                    1           0  0.05s            2026-07-26T20:17:10
dag-processor | ================================================================================ [airflow.dag_processing.manager.DagFileProcessorManager] loc=manager.py:1123
dag-processor | 2026-07-26T20:17:33.042958Z [info     ] Not time to refresh bundle dags-folder [airflow.dag_processing.manager.DagFileProcessorManager] loc=manager.py:843
dag-processor | 2026-07-26T20:17:38.125984Z [info     ] Not time to refresh bundle dags-folder [airflow.dag_processing.manager.DagFileProcessorManager] loc=manager.py:843
dag-processor | 2026-07-26T20:17:39.234635Z [info     ] Bulk-writing dags to db        [airflow.serialization.definitions.dag] count=1 loc=dag.py:210
dag-processor | 2026-07-26T20:17:39.239176Z [info     ] Getting latest run for non-partitioned Dag [airflow.dag_processing.collection] dag_id=Proyecto_FIFA_ETL loc=collection.py:200
dag-processor | 2026-07-26T20:17:39.240893Z [info     ] got latest run                 [airflow.dag_processing.collection] dag_id=Proyecto_FIFA_ETL loc=collection.py:203 logical_date='2026-07-26 00:00:00+00:00' partition_key=None
dag-processor | 2026-07-26T20:17:39.248638Z [info     ] get next_dagrun_info_v2        [airflow.serialization.definitions.dag] last_automated_run_info=DagRunInfo(run_after=DateTime(2026, 7, 26, 0, 0, 0, tzinfo=Timezone('UTC')), data_interval=DataInterval(start=DateTime(2026, 7, 26, 0, 0, 0, tzinfo=Timezone('UTC')), end=DateTime(2026, 7, 26, 0, 0, 0, tzinfo=Timezone('UTC'))), partition_date=None, partition_key=None) loc=dag.py:445 next_info=DagRunInfo(run_after=DateTime(2026, 7, 27, 0, 0, 0, tzinfo=Timezone('UTC')), data_interval=DataInterval(start=DateTime(2026, 7, 27, 0, 0, 0, tzinfo=Timezone('UTC')), end=DateTime(2026, 7, 27, 0, 0, 0, tzinfo=Timezone('UTC'))), partition_date=None, partition_key=None)
dag-processor | 2026-07-26T20:17:39.248937Z [info     ] setting next dagrun info       [airflow.models.dag] loc=dag.py:848 next_dagrun='2026-07-27 00:00:00+00:00' next_dagrun_create_after='2026-07-27 00:00:00+00:00' next_dagrun_data_interval_end='2026-07-27 00:00:00+00:00' next_dagrun_data_interval_start='2026-07-27 00:00:00+00:00' next_dagrun_partition_date=None next_dagrun_partition_key=None
dag-processor | 2026-07-26T20:17:41.324626Z [info     ] Bulk-writing dags to db        [airflow.serialization.definitions.dag] count=1 loc=dag.py:210
dag-processor | 2026-07-26T20:17:41.329372Z [info     ] Getting latest run for non-partitioned Dag [airflow.dag_processing.collection] dag_id=Proyecto_FIFA_Sync_Raw_CSV loc=collection.py:200
dag-processor | 2026-07-26T20:17:41.331217Z [info     ] got latest run                 [airflow.dag_processing.collection] dag_id=Proyecto_FIFA_Sync_Raw_CSV loc=collection.py:203 logical_date='2026-07-26 20:00:00+00:00' partition_key=None
dag-processor | 2026-07-26T20:17:41.342386Z [info     ] get next_dagrun_info_v2        [airflow.serialization.definitions.dag] last_automated_run_info=DagRunInfo(run_after=DateTime(2026, 7, 26, 20, 0, 0, tzinfo=Timezone('UTC')), data_interval=DataInterval(start=DateTime(2026, 7, 26, 20, 0, 0, tzinfo=Timezone('UTC')), end=DateTime(2026, 7, 26, 20, 0, 0, tzinfo=Timezone('UTC'))), partition_date=None, partition_key=None) loc=dag.py:445 next_info=DagRunInfo(run_after=DateTime(2026, 7, 26, 21, 0, 0, tzinfo=Timezone('UTC')), data_interval=DataInterval(start=DateTime(2026, 7, 26, 21, 0, 0, tzinfo=Timezone('UTC')), end=DateTime(2026, 7, 26, 21, 0, 0, tzinfo=Timezone('UTC'))), partition_date=None, partition_key=None)
dag-processor | 2026-07-26T20:17:41.342664Z [info     ] setting next dagrun info       [airflow.models.dag] loc=dag.py:848 next_dagrun='2026-07-26 21:00:00+00:00' next_dagrun_create_after='2026-07-26 21:00:00+00:00' next_dagrun_data_interval_end='2026-07-26 21:00:00+00:00' next_dagrun_data_interval_start='2026-07-26 21:00:00+00:00' next_dagrun_partition_date=None next_dagrun_partition_key=None
dag-processor | 2026-07-26T20:17:43.334605Z [info     ] Not time to refresh bundle dags-folder [airflow.dag_processing.manager.DagFileProcessorManager] loc=manager.py:843
dag-processor | 2026-07-26T20:17:48.362589Z [info     ] Not time to refresh bundle dags-folder [airflow.dag_processing.manager.DagFileProcessorManager] loc=manager.py:843
dag-processor | 2026-07-26T20:17:53.383672Z [info     ] Not time to refresh bundle dags-folder [airflow.dag_processing.manager.DagFileProcessorManager] loc=manager.py:843
dag-processor | 2026-07-26T20:17:58.410920Z [info     ] Not time to refresh bundle dags-folder [airflow.dag_processing.manager.DagFileProcessorManager] loc=manager.py:843
dag-processor | 2026-07-26T20:18:02.433748Z [info     ]
dag-processor | ================================================================================
dag-processor | DAG File Processing Stats
dag-processor | Bundle       File Path             PID    Current Duration      # DAGs    # Errors  Last Duration    Last Run At
dag-processor | -----------  --------------------  -----  ------------------  --------  ----------  ---------------  -------------------
dag-processor | dags-folder  fifa_sync_raw_dag.py                                    1           0  0.08s            2026-07-26T20:17:41
dag-processor | dags-folder  fifa_etl_dag.py                                         1           0  0.06s            2026-07-26T20:17:39
dag-processor | ================================================================================ [airflow.dag_processing.manager.DagFileProcessorManager] loc=manager.py:1123
dag-processor | 2026-07-26T20:18:03.441081Z [info     ] Not time to refresh bundle dags-folder [airflow.dag_processing.manager.DagFileProcessorManager] loc=manager.py:843
dag-processor | 2026-07-26T20:18:08.465205Z [info     ] Not time to refresh bundle dags-folder [airflow.dag_processing.manager.DagFileProcessorManager] loc=manager.py:843
dag-processor | 2026-07-26T20:18:09.608629Z [info     ] Bulk-writing dags to db        [airflow.serialization.definitions.dag] count=1 loc=dag.py:210
dag-processor | 2026-07-26T20:18:09.614536Z [info     ] Getting latest run for non-partitioned Dag [airflow.dag_processing.collection] dag_id=Proyecto_FIFA_ETL loc=collection.py:200
dag-processor | 2026-07-26T20:18:09.616985Z [info     ] got latest run                 [airflow.dag_processing.collection] dag_id=Proyecto_FIFA_ETL loc=collection.py:203 logical_date='2026-07-26 00:00:00+00:00' partition_key=None
dag-processor | 2026-07-26T20:18:09.629909Z [info     ] get next_dagrun_info_v2        [airflow.serialization.definitions.dag] last_automated_run_info=DagRunInfo(run_after=DateTime(2026, 7, 26, 0, 0, 0, tzinfo=Timezone('UTC')), data_interval=DataInterval(start=DateTime(2026, 7, 26, 0, 0, 0, tzinfo=Timezone('UTC')), end=DateTime(2026, 7, 26, 0, 0, 0, tzinfo=Timezone('UTC'))), partition_date=None, partition_key=None) loc=dag.py:445 next_info=DagRunInfo(run_after=DateTime(2026, 7, 27, 0, 0, 0, tzinfo=Timezone('UTC')), data_interval=DataInterval(start=DateTime(2026, 7, 27, 0, 0, 0, tzinfo=Timezone('UTC')), end=DateTime(2026, 7, 27, 0, 0, 0, tzinfo=Timezone('UTC'))), partition_date=None, partition_key=None)
dag-processor | 2026-07-26T20:18:09.630325Z [info     ] setting next dagrun info       [airflow.models.dag] loc=dag.py:848 next_dagrun='2026-07-27 00:00:00+00:00' next_dagrun_create_after='2026-07-27 00:00:00+00:00' next_dagrun_data_interval_end='2026-07-27 00:00:00+00:00' next_dagrun_data_interval_start='2026-07-27 00:00:00+00:00' next_dagrun_partition_date=None next_dagrun_partition_key=None
dag-processor | 2026-07-26T20:18:11.701177Z [info     ] Bulk-writing dags to db        [airflow.serialization.definitions.dag] count=1 loc=dag.py:210
dag-processor | 2026-07-26T20:18:11.706406Z [info     ] Getting latest run for non-partitioned Dag [airflow.dag_processing.collection] dag_id=Proyecto_FIFA_Sync_Raw_CSV loc=collection.py:200
dag-processor | 2026-07-26T20:18:11.708435Z [info     ] got latest run                 [airflow.dag_processing.collection] dag_id=Proyecto_FIFA_Sync_Raw_CSV loc=collection.py:203 logical_date='2026-07-26 20:00:00+00:00' partition_key=None
dag-processor | 2026-07-26T20:18:11.717561Z [info     ] get next_dagrun_info_v2        [airflow.serialization.definitions.dag] last_automated_run_info=DagRunInfo(run_after=DateTime(2026, 7, 26, 20, 0, 0, tzinfo=Timezone('UTC')), data_interval=DataInterval(start=DateTime(2026, 7, 26, 20, 0, 0, tzinfo=Timezone('UTC')), end=DateTime(2026, 7, 26, 20, 0, 0, tzinfo=Timezone('UTC'))), partition_date=None, partition_key=None) loc=dag.py:445 next_info=DagRunInfo(run_after=DateTime(2026, 7, 26, 21, 0, 0, tzinfo=Timezone('UTC')), data_interval=DataInterval(start=DateTime(2026, 7, 26, 21, 0, 0, tzinfo=Timezone('UTC')), end=DateTime(2026, 7, 26, 21, 0, 0, tzinfo=Timezone('UTC'))), partition_date=None, partition_key=None)
dag-processor | 2026-07-26T20:18:11.718045Z [info     ] setting next dagrun info       [airflow.models.dag] loc=dag.py:848 next_dagrun='2026-07-26 21:00:00+00:00' next_dagrun_create_after='2026-07-26 21:00:00+00:00' next_dagrun_data_interval_end='2026-07-26 21:00:00+00:00' next_dagrun_data_interval_start='2026-07-26 21:00:00+00:00' next_dagrun_partition_date=None next_dagrun_partition_key=None
dag-processor | 2026-07-26T20:18:13.712164Z [info     ] Not time to refresh bundle dags-folder [airflow.dag_processing.manager.DagFileProcessorManager] loc=manager.py:843
dag-processor | 2026-07-26T20:18:18.733296Z [info     ] Not time to refresh bundle dags-folder [airflow.dag_processing.manager.DagFileProcessorManager] loc=manager.py:843
triggerer  | 2026-07-26T20:18:22.784729Z [info     ] 0 triggers currently running   [airflow.jobs.triggerer_job_runner] loc=triggerer_job_runner.py:1036
triggerer  | 2026-07-26T20:18:22.784825Z [info     ] 0 watchers currently running   [airflow.jobs.triggerer_job_runner] loc=triggerer_job_runner.py:1036
dag-processor | 2026-07-26T20:18:23.753106Z [info     ] Not time to refresh bundle dags-folder [airflow.dag_processing.manager.DagFileProcessorManager] loc=manager.py:843
dag-processor | 2026-07-26T20:18:28.777239Z [info     ] Not time to refresh bundle dags-folder [airflow.dag_processing.manager.DagFileProcessorManager] loc=manager.py:843
dag-processor | 2026-07-26T20:18:32.480298Z [info     ]
dag-processor | ================================================================================
dag-processor | DAG File Processing Stats
dag-processor | Bundle       File Path             PID    Current Duration      # DAGs    # Errors  Last Duration    Last Run At
dag-processor | -----------  --------------------  -----  ------------------  --------  ----------  ---------------  -------------------
dag-processor | dags-folder  fifa_sync_raw_dag.py                                    1           0  0.07s            2026-07-26T20:18:11
dag-processor | dags-folder  fifa_etl_dag.py                                         1           0  0.07s            2026-07-26T20:18:09
dag-processor | ================================================================================ [airflow.dag_processing.manager.DagFileProcessorManager] loc=manager.py:1123
dag-processor | 2026-07-26T20:18:33.799572Z [info     ] Not time to refresh bundle dags-folder [airflow.dag_processing.manager.DagFileProcessorManager] loc=manager.py:843
dag-processor | 2026-07-26T20:18:38.823044Z [info     ] Not time to refresh bundle dags-folder [airflow.dag_processing.manager.DagFileProcessorManager] loc=manager.py:843
dag-processor | 2026-07-26T20:18:39.900505Z [info     ] Bulk-writing dags to db        [airflow.serialization.definitions.dag] count=1 loc=dag.py:210
dag-processor | 2026-07-26T20:18:39.904605Z [info     ] Getting latest run for non-partitioned Dag [airflow.dag_processing.collection] dag_id=Proyecto_FIFA_ETL loc=collection.py:200
dag-processor | 2026-07-26T20:18:39.905980Z [info     ] got latest run                 [airflow.dag_processing.collection] dag_id=Proyecto_FIFA_ETL loc=collection.py:203 logical_date='2026-07-26 00:00:00+00:00' partition_key=None
dag-processor | 2026-07-26T20:18:39.913268Z [info     ] get next_dagrun_info_v2        [airflow.serialization.definitions.dag] last_automated_run_info=DagRunInfo(run_after=DateTime(2026, 7, 26, 0, 0, 0, tzinfo=Timezone('UTC')), data_interval=DataInterval(start=DateTime(2026, 7, 26, 0, 0, 0, tzinfo=Timezone('UTC')), end=DateTime(2026, 7, 26, 0, 0, 0, tzinfo=Timezone('UTC'))), partition_date=None, partition_key=None) loc=dag.py:445 next_info=DagRunInfo(run_after=DateTime(2026, 7, 27, 0, 0, 0, tzinfo=Timezone('UTC')), data_interval=DataInterval(start=DateTime(2026, 7, 27, 0, 0, 0, tzinfo=Timezone('UTC')), end=DateTime(2026, 7, 27, 0, 0, 0, tzinfo=Timezone('UTC'))), partition_date=None, partition_key=None)
dag-processor | 2026-07-26T20:18:39.913489Z [info     ] setting next dagrun info       [airflow.models.dag] loc=dag.py:848 next_dagrun='2026-07-27 00:00:00+00:00' next_dagrun_create_after='2026-07-27 00:00:00+00:00' next_dagrun_data_interval_end='2026-07-27 00:00:00+00:00' next_dagrun_data_interval_start='2026-07-27 00:00:00+00:00' next_dagrun_partition_date=None next_dagrun_partition_key=None
dag-processor | 2026-07-26T20:18:41.966670Z [info     ] Bulk-writing dags to db        [airflow.serialization.definitions.dag] count=1 loc=dag.py:210
dag-processor | 2026-07-26T20:18:41.970922Z [info     ] Getting latest run for non-partitioned Dag [airflow.dag_processing.collection] dag_id=Proyecto_FIFA_Sync_Raw_CSV loc=collection.py:200
dag-processor | 2026-07-26T20:18:41.972262Z [info     ] got latest run                 [airflow.dag_processing.collection] dag_id=Proyecto_FIFA_Sync_Raw_CSV loc=collection.py:203 logical_date='2026-07-26 20:00:00+00:00' partition_key=None
dag-processor | 2026-07-26T20:18:41.979522Z [info     ] get next_dagrun_info_v2        [airflow.serialization.definitions.dag] last_automated_run_info=DagRunInfo(run_after=DateTime(2026, 7, 26, 20, 0, 0, tzinfo=Timezone('UTC')), data_interval=DataInterval(start=DateTime(2026, 7, 26, 20, 0, 0, tzinfo=Timezone('UTC')), end=DateTime(2026, 7, 26, 20, 0, 0, tzinfo=Timezone('UTC'))), partition_date=None, partition_key=None) loc=dag.py:445 next_info=DagRunInfo(run_after=DateTime(2026, 7, 26, 21, 0, 0, tzinfo=Timezone('UTC')), data_interval=DataInterval(start=DateTime(2026, 7, 26, 21, 0, 0, tzinfo=Timezone('UTC')), end=DateTime(2026, 7, 26, 21, 0, 0, tzinfo=Timezone('UTC'))), partition_date=None, partition_key=None)
dag-processor | 2026-07-26T20:18:41.979796Z [info     ] setting next dagrun info       [airflow.models.dag] loc=dag.py:848 next_dagrun='2026-07-26 21:00:00+00:00' next_dagrun_create_after='2026-07-26 21:00:00+00:00' next_dagrun_data_interval_end='2026-07-26 21:00:00+00:00' next_dagrun_data_interval_start='2026-07-26 21:00:00+00:00' next_dagrun_partition_date=None next_dagrun_partition_key=None
dag-processor | 2026-07-26T20:18:43.976628Z [info     ] Not time to refresh bundle dags-folder [airflow.dag_processing.manager.DagFileProcessorManager] loc=manager.py:843
dag-processor | 2026-07-26T20:18:49.002483Z [info     ] Not time to refresh bundle dags-folder [airflow.dag_processing.manager.DagFileProcessorManager] loc=manager.py:843
dag-processor | 2026-07-26T20:18:54.028339Z [info     ] Not time to refresh bundle dags-folder [airflow.dag_processing.manager.DagFileProcessorManager] loc=manager.py:843
dag-processor | 2026-07-26T20:18:59.053312Z [info     ] Not time to refresh bundle dags-folder [airflow.dag_processing.manager.DagFileProcessorManager] loc=manager.py:843
dag-processor | 2026-07-26T20:19:03.069090Z [info     ]
dag-processor | ================================================================================
dag-processor | DAG File Processing Stats
dag-processor | Bundle       File Path             PID    Current Duration      # DAGs    # Errors  Last Duration    Last Run At
dag-processor | -----------  --------------------  -----  ------------------  --------  ----------  ---------------  -------------------
dag-processor | dags-folder  fifa_etl_dag.py                                         1           0  0.06s            2026-07-26T20:18:39
dag-processor | dags-folder  fifa_sync_raw_dag.py                                    1           0  0.05s            2026-07-26T20:18:41
dag-processor | ================================================================================ [airflow.dag_processing.manager.DagFileProcessorManager] loc=manager.py:1123
dag-processor | 2026-07-26T20:19:04.074615Z [info     ] Not time to refresh bundle dags-folder [airflow.dag_processing.manager.DagFileProcessorManager] loc=manager.py:843
dag-processor | 2026-07-26T20:19:09.098232Z [info     ] Not time to refresh bundle dags-folder [airflow.dag_processing.manager.DagFileProcessorManager] loc=manager.py:843
dag-processor | 2026-07-26T20:19:10.187339Z [info     ] Bulk-writing dags to db        [airflow.serialization.definitions.dag] count=1 loc=dag.py:210
dag-processor | 2026-07-26T20:19:10.191351Z [info     ] Getting latest run for non-partitioned Dag [airflow.dag_processing.collection] dag_id=Proyecto_FIFA_ETL loc=collection.py:200
dag-processor | 2026-07-26T20:19:10.192742Z [info     ] got latest run                 [airflow.dag_processing.collection] dag_id=Proyecto_FIFA_ETL loc=collection.py:203 logical_date='2026-07-26 00:00:00+00:00' partition_key=None
dag-processor | 2026-07-26T20:19:10.200580Z [info     ] get next_dagrun_info_v2        [airflow.serialization.definitions.dag] last_automated_run_info=DagRunInfo(run_after=DateTime(2026, 7, 26, 0, 0, 0, tzinfo=Timezone('UTC')), data_interval=DataInterval(start=DateTime(2026, 7, 26, 0, 0, 0, tzinfo=Timezone('UTC')), end=DateTime(2026, 7, 26, 0, 0, 0, tzinfo=Timezone('UTC'))), partition_date=None, partition_key=None) loc=dag.py:445 next_info=DagRunInfo(run_after=DateTime(2026, 7, 27, 0, 0, 0, tzinfo=Timezone('UTC')), data_interval=DataInterval(start=DateTime(2026, 7, 27, 0, 0, 0, tzinfo=Timezone('UTC')), end=DateTime(2026, 7, 27, 0, 0, 0, tzinfo=Timezone('UTC'))), partition_date=None, partition_key=None)
dag-processor | 2026-07-26T20:19:10.200931Z [info     ] setting next dagrun info       [airflow.models.dag] loc=dag.py:848 next_dagrun='2026-07-27 00:00:00+00:00' next_dagrun_create_after='2026-07-27 00:00:00+00:00' next_dagrun_data_interval_end='2026-07-27 00:00:00+00:00' next_dagrun_data_interval_start='2026-07-27 00:00:00+00:00' next_dagrun_partition_date=None next_dagrun_partition_key=None
dag-processor | 2026-07-26T20:19:12.265153Z [info     ] Bulk-writing dags to db        [airflow.serialization.definitions.dag] count=1 loc=dag.py:210
dag-processor | 2026-07-26T20:19:12.269043Z [info     ] Getting latest run for non-partitioned Dag [airflow.dag_processing.collection] dag_id=Proyecto_FIFA_Sync_Raw_CSV loc=collection.py:200
dag-processor | 2026-07-26T20:19:12.270643Z [info     ] got latest run                 [airflow.dag_processing.collection] dag_id=Proyecto_FIFA_Sync_Raw_CSV loc=collection.py:203 logical_date='2026-07-26 20:00:00+00:00' partition_key=None
dag-processor | 2026-07-26T20:19:12.277839Z [info     ] get next_dagrun_info_v2        [airflow.serialization.definitions.dag] last_automated_run_info=DagRunInfo(run_after=DateTime(2026, 7, 26, 20, 0, 0, tzinfo=Timezone('UTC')), data_interval=DataInterval(start=DateTime(2026, 7, 26, 20, 0, 0, tzinfo=Timezone('UTC')), end=DateTime(2026, 7, 26, 20, 0, 0, tzinfo=Timezone('UTC'))), partition_date=None, partition_key=None) loc=dag.py:445 next_info=DagRunInfo(run_after=DateTime(2026, 7, 26, 21, 0, 0, tzinfo=Timezone('UTC')), data_interval=DataInterval(start=DateTime(2026, 7, 26, 21, 0, 0, tzinfo=Timezone('UTC')), end=DateTime(2026, 7, 26, 21, 0, 0, tzinfo=Timezone('UTC'))), partition_date=None, partition_key=None)
dag-processor | 2026-07-26T20:19:12.278190Z [info     ] setting next dagrun info       [airflow.models.dag] loc=dag.py:848 next_dagrun='2026-07-26 21:00:00+00:00' next_dagrun_create_after='2026-07-26 21:00:00+00:00' next_dagrun_data_interval_end='2026-07-26 21:00:00+00:00' next_dagrun_data_interval_start='2026-07-26 21:00:00+00:00' next_dagrun_partition_date=None next_dagrun_partition_key=None
dag-processor | 2026-07-26T20:19:14.274405Z [info     ] Not time to refresh bundle dags-folder [airflow.dag_processing.manager.DagFileProcessorManager] loc=manager.py:843
dag-processor | 2026-07-26T20:19:19.299389Z [info     ] Not time to refresh bundle dags-folder [airflow.dag_processing.manager.DagFileProcessorManager] loc=manager.py:843
triggerer  | 2026-07-26T20:19:22.988511Z [info     ] 0 triggers currently running   [airflow.jobs.triggerer_job_runner] loc=triggerer_job_runner.py:1036
triggerer  | 2026-07-26T20:19:22.988621Z [info     ] 0 watchers currently running   [airflow.jobs.triggerer_job_runner] loc=triggerer_job_runner.py:1036
dag-processor | 2026-07-26T20:19:24.318127Z [info     ] Not time to refresh bundle dags-folder [airflow.dag_processing.manager.DagFileProcessorManager] loc=manager.py:843
dag-processor | 2026-07-26T20:19:29.340733Z [info     ] Not time to refresh bundle dags-folder [airflow.dag_processing.manager.DagFileProcessorManager] loc=manager.py:843
dag-processor | 2026-07-26T20:19:33.361453Z [info     ]
dag-processor | ================================================================================
dag-processor | DAG File Processing Stats
dag-processor | Bundle       File Path             PID    Current Duration      # DAGs    # Errors  Last Duration    Last Run At
dag-processor | -----------  --------------------  -----  ------------------  --------  ----------  ---------------  -------------------
dag-processor | dags-folder  fifa_sync_raw_dag.py                                    1           0  0.06s            2026-07-26T20:19:12
dag-processor | dags-folder  fifa_etl_dag.py                                         1           0  0.06s            2026-07-26T20:19:10
dag-processor | ================================================================================ [airflow.dag_processing.manager.DagFileProcessorManager] loc=manager.py:1123
dag-processor | 2026-07-26T20:19:34.405940Z [info     ] Not time to refresh bundle dags-folder [airflow.dag_processing.manager.DagFileProcessorManager] loc=manager.py:843
dag-processor | 2026-07-26T20:19:39.428305Z [info     ] Not time to refresh bundle dags-folder [airflow.dag_processing.manager.DagFileProcessorManager] loc=manager.py:843
dag-processor | 2026-07-26T20:19:40.496312Z [info     ] Bulk-writing dags to db        [airflow.serialization.definitions.dag] count=1 loc=dag.py:210
dag-processor | 2026-07-26T20:19:40.501509Z [info     ] Getting latest run for non-partitioned Dag [airflow.dag_processing.collection] dag_id=Proyecto_FIFA_ETL loc=collection.py:200
dag-processor | 2026-07-26T20:19:40.503877Z [info     ] got latest run                 [airflow.dag_processing.collection] dag_id=Proyecto_FIFA_ETL loc=collection.py:203 logical_date='2026-07-26 00:00:00+00:00' partition_key=None
dag-processor | 2026-07-26T20:19:40.514894Z [info     ] get next_dagrun_info_v2        [airflow.serialization.definitions.dag] last_automated_run_info=DagRunInfo(run_after=DateTime(2026, 7, 26, 0, 0, 0, tzinfo=Timezone('UTC')), data_interval=DataInterval(start=DateTime(2026, 7, 26, 0, 0, 0, tzinfo=Timezone('UTC')), end=DateTime(2026, 7, 26, 0, 0, 0, tzinfo=Timezone('UTC'))), partition_date=None, partition_key=None) loc=dag.py:445 next_info=DagRunInfo(run_after=DateTime(2026, 7, 27, 0, 0, 0, tzinfo=Timezone('UTC')), data_interval=DataInterval(start=DateTime(2026, 7, 27, 0, 0, 0, tzinfo=Timezone('UTC')), end=DateTime(2026, 7, 27, 0, 0, 0, tzinfo=Timezone('UTC'))), partition_date=None, partition_key=None)
dag-processor | 2026-07-26T20:19:40.515230Z [info     ] setting next dagrun info       [airflow.models.dag] loc=dag.py:848 next_dagrun='2026-07-27 00:00:00+00:00' next_dagrun_create_after='2026-07-27 00:00:00+00:00' next_dagrun_data_interval_end='2026-07-27 00:00:00+00:00' next_dagrun_data_interval_start='2026-07-27 00:00:00+00:00' next_dagrun_partition_date=None next_dagrun_partition_key=None
dag-processor | 2026-07-26T20:19:42.565502Z [info     ] Bulk-writing dags to db        [airflow.serialization.definitions.dag] count=1 loc=dag.py:210
dag-processor | 2026-07-26T20:19:42.569278Z [info     ] Getting latest run for non-partitioned Dag [airflow.dag_processing.collection] dag_id=Proyecto_FIFA_Sync_Raw_CSV loc=collection.py:200
dag-processor | 2026-07-26T20:19:42.570896Z [info     ] got latest run                 [airflow.dag_processing.collection] dag_id=Proyecto_FIFA_Sync_Raw_CSV loc=collection.py:203 logical_date='2026-07-26 20:00:00+00:00' partition_key=None
dag-processor | 2026-07-26T20:19:42.578320Z [info     ] get next_dagrun_info_v2        [airflow.serialization.definitions.dag] last_automated_run_info=DagRunInfo(run_after=DateTime(2026, 7, 26, 20, 0, 0, tzinfo=Timezone('UTC')), data_interval=DataInterval(start=DateTime(2026, 7, 26, 20, 0, 0, tzinfo=Timezone('UTC')), end=DateTime(2026, 7, 26, 20, 0, 0, tzinfo=Timezone('UTC'))), partition_date=None, partition_key=None) loc=dag.py:445 next_info=DagRunInfo(run_after=DateTime(2026, 7, 26, 21, 0, 0, tzinfo=Timezone('UTC')), data_interval=DataInterval(start=DateTime(2026, 7, 26, 21, 0, 0, tzinfo=Timezone('UTC')), end=DateTime(2026, 7, 26, 21, 0, 0, tzinfo=Timezone('UTC'))), partition_date=None, partition_key=None)
dag-processor | 2026-07-26T20:19:42.578580Z [info     ] setting next dagrun info       [airflow.models.dag] loc=dag.py:848 next_dagrun='2026-07-26 21:00:00+00:00' next_dagrun_create_after='2026-07-26 21:00:00+00:00' next_dagrun_data_interval_end='2026-07-26 21:00:00+00:00' next_dagrun_data_interval_start='2026-07-26 21:00:00+00:00' next_dagrun_partition_date=None next_dagrun_partition_key=None
dag-processor | 2026-07-26T20:19:44.574777Z [info     ] Not time to refresh bundle dags-folder [airflow.dag_processing.manager.DagFileProcessorManager] loc=manager.py:843
dag-processor | 2026-07-26T20:19:49.599770Z [info     ] Not time to refresh bundle dags-folder [airflow.dag_processing.manager.DagFileProcessorManager] loc=manager.py:843
dag-processor | 2026-07-26T20:19:54.624733Z [info     ] Not time to refresh bundle dags-folder [airflow.dag_processing.manager.DagFileProcessorManager] loc=manager.py:843
dag-processor | 2026-07-26T20:19:59.648526Z [info     ] Not time to refresh bundle dags-folder [airflow.dag_processing.manager.DagFileProcessorManager] loc=manager.py:843
dag-processor | 2026-07-26T20:20:03.664054Z [info     ]
dag-processor | ================================================================================
dag-processor | DAG File Processing Stats
dag-processor | Bundle       File Path             PID    Current Duration      # DAGs    # Errors  Last Duration    Last Run At
dag-processor | -----------  --------------------  -----  ------------------  --------  ----------  ---------------  -------------------
dag-processor | dags-folder  fifa_etl_dag.py                                         1           0  0.06s            2026-07-26T20:19:40
dag-processor | dags-folder  fifa_sync_raw_dag.py                                    1           0  0.05s            2026-07-26T20:19:42
dag-processor | ================================================================================ [airflow.dag_processing.manager.DagFileProcessorManager] loc=manager.py:1123
dag-processor | 2026-07-26T20:20:04.668189Z [info     ] Not time to refresh bundle dags-folder [airflow.dag_processing.manager.DagFileProcessorManager] loc=manager.py:843
dag-processor | 2026-07-26T20:20:09.699275Z [info     ] Not time to refresh bundle dags-folder [airflow.dag_processing.manager.DagFileProcessorManager] loc=manager.py:843
dag-processor | 2026-07-26T20:20:10.810727Z [info     ] Bulk-writing dags to db        [airflow.serialization.definitions.dag] count=1 loc=dag.py:210
dag-processor | 2026-07-26T20:20:10.814582Z [info     ] Getting latest run for non-partitioned Dag [airflow.dag_processing.collection] dag_id=Proyecto_FIFA_ETL loc=collection.py:200
dag-processor | 2026-07-26T20:20:10.816019Z [info     ] got latest run                 [airflow.dag_processing.collection] dag_id=Proyecto_FIFA_ETL loc=collection.py:203 logical_date='2026-07-26 00:00:00+00:00' partition_key=None
dag-processor | 2026-07-26T20:20:10.823154Z [info     ] get next_dagrun_info_v2        [airflow.serialization.definitions.dag] last_automated_run_info=DagRunInfo(run_after=DateTime(2026, 7, 26, 0, 0, 0, tzinfo=Timezone('UTC')), data_interval=DataInterval(start=DateTime(2026, 7, 26, 0, 0, 0, tzinfo=Timezone('UTC')), end=DateTime(2026, 7, 26, 0, 0, 0, tzinfo=Timezone('UTC'))), partition_date=None, partition_key=None) loc=dag.py:445 next_info=DagRunInfo(run_after=DateTime(2026, 7, 27, 0, 0, 0, tzinfo=Timezone('UTC')), data_interval=DataInterval(start=DateTime(2026, 7, 27, 0, 0, 0, tzinfo=Timezone('UTC')), end=DateTime(2026, 7, 27, 0, 0, 0, tzinfo=Timezone('UTC'))), partition_date=None, partition_key=None)
dag-processor | 2026-07-26T20:20:10.823506Z [info     ] setting next dagrun info       [airflow.models.dag] loc=dag.py:848 next_dagrun='2026-07-27 00:00:00+00:00' next_dagrun_create_after='2026-07-27 00:00:00+00:00' next_dagrun_data_interval_end='2026-07-27 00:00:00+00:00' next_dagrun_data_interval_start='2026-07-27 00:00:00+00:00' next_dagrun_partition_date=None next_dagrun_partition_key=None
dag-processor | 2026-07-26T20:20:12.878367Z [info     ] Bulk-writing dags to db        [airflow.serialization.definitions.dag] count=1 loc=dag.py:210
dag-processor | 2026-07-26T20:20:12.882931Z [info     ] Getting latest run for non-partitioned Dag [airflow.dag_processing.collection] dag_id=Proyecto_FIFA_Sync_Raw_CSV loc=collection.py:200
dag-processor | 2026-07-26T20:20:12.884731Z [info     ] got latest run                 [airflow.dag_processing.collection] dag_id=Proyecto_FIFA_Sync_Raw_CSV loc=collection.py:203 logical_date='2026-07-26 20:00:00+00:00' partition_key=None
dag-processor | 2026-07-26T20:20:12.892214Z [info     ] get next_dagrun_info_v2        [airflow.serialization.definitions.dag] last_automated_run_info=DagRunInfo(run_after=DateTime(2026, 7, 26, 20, 0, 0, tzinfo=Timezone('UTC')), data_interval=DataInterval(start=DateTime(2026, 7, 26, 20, 0, 0, tzinfo=Timezone('UTC')), end=DateTime(2026, 7, 26, 20, 0, 0, tzinfo=Timezone('UTC'))), partition_date=None, partition_key=None) loc=dag.py:445 next_info=DagRunInfo(run_after=DateTime(2026, 7, 26, 21, 0, 0, tzinfo=Timezone('UTC')), data_interval=DataInterval(start=DateTime(2026, 7, 26, 21, 0, 0, tzinfo=Timezone('UTC')), end=DateTime(2026, 7, 26, 21, 0, 0, tzinfo=Timezone('UTC'))), partition_date=None, partition_key=None)
dag-processor | 2026-07-26T20:20:12.892516Z [info     ] setting next dagrun info       [airflow.models.dag] loc=dag.py:848 next_dagrun='2026-07-26 21:00:00+00:00' next_dagrun_create_after='2026-07-26 21:00:00+00:00' next_dagrun_data_interval_end='2026-07-26 21:00:00+00:00' next_dagrun_data_interval_start='2026-07-26 21:00:00+00:00' next_dagrun_partition_date=None next_dagrun_partition_key=None
dag-processor | 2026-07-26T20:20:14.887031Z [info     ] Not time to refresh bundle dags-folder [airflow.dag_processing.manager.DagFileProcessorManager] loc=manager.py:843
scheduler  | 2026-07-26T20:20:16.960142Z [info     ] Adopting or resetting orphaned tasks for active dag runs [airflow.jobs.scheduler_job_runner.SchedulerJobRunner] loc=scheduler_job_runner.py:3244
dag-processor | 2026-07-26T20:20:19.910946Z [info     ] Not time to refresh bundle dags-folder [airflow.dag_processing.manager.DagFileProcessorManager] loc=manager.py:843
triggerer  | 2026-07-26T20:20:23.180846Z [info     ] 0 triggers currently running   [airflow.jobs.triggerer_job_runner] loc=triggerer_job_runner.py:1036
triggerer  | 2026-07-26T20:20:23.180951Z [info     ] 0 watchers currently running   [airflow.jobs.triggerer_job_runner] loc=triggerer_job_runner.py:1036
dag-processor | 2026-07-26T20:20:24.940582Z [info     ] Refreshing bundle dags-folder  [airflow.dag_processing.manager.DagFileProcessorManager] loc=manager.py:846
dag-processor | 2026-07-26T20:20:24.956692Z [info     ] Searching for files in dags-folder at /home/sebastian2/airflow/dags [airflow.dag_processing.manager.DagFileProcessorManager] loc=manager.py:914
dag-processor | 2026-07-26T20:20:24.958377Z [info     ] Found 2 files for bundle dags-folder [airflow.dag_processing.manager.DagFileProcessorManager] loc=manager.py:916
dag-processor | 2026-07-26T20:20:29.965614Z [info     ] Not time to refresh bundle dags-folder [airflow.dag_processing.manager.DagFileProcessorManager] loc=manager.py:843
dag-processor | 2026-07-26T20:20:33.981795Z [info     ]
dag-processor | ================================================================================
dag-processor | DAG File Processing Stats
dag-processor | Bundle       File Path             PID    Current Duration      # DAGs    # Errors  Last Duration    Last Run At
dag-processor | -----------  --------------------  -----  ------------------  --------  ----------  ---------------  -------------------
dag-processor | dags-folder  fifa_etl_dag.py                                         1           0  0.06s            2026-07-26T20:20:10
dag-processor | dags-folder  fifa_sync_raw_dag.py                                    1           0  0.05s            2026-07-26T20:20:12
dag-processor | ================================================================================ [airflow.dag_processing.manager.DagFileProcessorManager] loc=manager.py:1123
dag-processor | 2026-07-26T20:20:34.987899Z [info     ] Not time to refresh bundle dags-folder [airflow.dag_processing.manager.DagFileProcessorManager] loc=manager.py:843
dag-processor | 2026-07-26T20:20:40.007167Z [info     ] Not time to refresh bundle dags-folder [airflow.dag_processing.manager.DagFileProcessorManager] loc=manager.py:843
dag-processor | 2026-07-26T20:20:41.074290Z [info     ] Bulk-writing dags to db        [airflow.serialization.definitions.dag] count=1 loc=dag.py:210
dag-processor | 2026-07-26T20:20:41.078361Z [info     ] Getting latest run for non-partitioned Dag [airflow.dag_processing.collection] dag_id=Proyecto_FIFA_ETL loc=collection.py:200
dag-processor | 2026-07-26T20:20:41.080272Z [info     ] got latest run                 [airflow.dag_processing.collection] dag_id=Proyecto_FIFA_ETL loc=collection.py:203 logical_date='2026-07-26 00:00:00+00:00' partition_key=None
dag-processor | 2026-07-26T20:20:41.088994Z [info     ] get next_dagrun_info_v2        [airflow.serialization.definitions.dag] last_automated_run_info=DagRunInfo(run_after=DateTime(2026, 7, 26, 0, 0, 0, tzinfo=Timezone('UTC')), data_interval=DataInterval(start=DateTime(2026, 7, 26, 0, 0, 0, tzinfo=Timezone('UTC')), end=DateTime(2026, 7, 26, 0, 0, 0, tzinfo=Timezone('UTC'))), partition_date=None, partition_key=None) loc=dag.py:445 next_info=DagRunInfo(run_after=DateTime(2026, 7, 27, 0, 0, 0, tzinfo=Timezone('UTC')), data_interval=DataInterval(start=DateTime(2026, 7, 27, 0, 0, 0, tzinfo=Timezone('UTC')), end=DateTime(2026, 7, 27, 0, 0, 0, tzinfo=Timezone('UTC'))), partition_date=None, partition_key=None)
dag-processor | 2026-07-26T20:20:41.089249Z [info     ] setting next dagrun info       [airflow.models.dag] loc=dag.py:848 next_dagrun='2026-07-27 00:00:00+00:00' next_dagrun_create_after='2026-07-27 00:00:00+00:00' next_dagrun_data_interval_end='2026-07-27 00:00:00+00:00' next_dagrun_data_interval_start='2026-07-27 00:00:00+00:00' next_dagrun_partition_date=None next_dagrun_partition_key=None
dag-processor | 2026-07-26T20:20:43.143830Z [info     ] Bulk-writing dags to db        [airflow.serialization.definitions.dag] count=1 loc=dag.py:210
dag-processor | 2026-07-26T20:20:43.147453Z [info     ] Getting latest run for non-partitioned Dag [airflow.dag_processing.collection] dag_id=Proyecto_FIFA_Sync_Raw_CSV loc=collection.py:200
dag-processor | 2026-07-26T20:20:43.149051Z [info     ] got latest run                 [airflow.dag_processing.collection] dag_id=Proyecto_FIFA_Sync_Raw_CSV loc=collection.py:203 logical_date='2026-07-26 20:00:00+00:00' partition_key=None
dag-processor | 2026-07-26T20:20:43.156500Z [info     ] get next_dagrun_info_v2        [airflow.serialization.definitions.dag] last_automated_run_info=DagRunInfo(run_after=DateTime(2026, 7, 26, 20, 0, 0, tzinfo=Timezone('UTC')), data_interval=DataInterval(start=DateTime(2026, 7, 26, 20, 0, 0, tzinfo=Timezone('UTC')), end=DateTime(2026, 7, 26, 20, 0, 0, tzinfo=Timezone('UTC'))), partition_date=None, partition_key=None) loc=dag.py:445 next_info=DagRunInfo(run_after=DateTime(2026, 7, 26, 21, 0, 0, tzinfo=Timezone('UTC')), data_interval=DataInterval(start=DateTime(2026, 7, 26, 21, 0, 0, tzinfo=Timezone('UTC')), end=DateTime(2026, 7, 26, 21, 0, 0, tzinfo=Timezone('UTC'))), partition_date=None, partition_key=None)
dag-processor | 2026-07-26T20:20:43.156837Z [info     ] setting next dagrun info       [airflow.models.dag] loc=dag.py:848 next_dagrun='2026-07-26 21:00:00+00:00' next_dagrun_create_after='2026-07-26 21:00:00+00:00' next_dagrun_data_interval_end='2026-07-26 21:00:00+00:00' next_dagrun_data_interval_start='2026-07-26 21:00:00+00:00' next_dagrun_partition_date=None next_dagrun_partition_key=None
dag-processor | 2026-07-26T20:20:45.154153Z [info     ] Not time to refresh bundle dags-folder [airflow.dag_processing.manager.DagFileProcessorManager] loc=manager.py:843
dag-processor | 2026-07-26T20:20:50.175755Z [info     ] Not time to refresh bundle dags-folder [airflow.dag_processing.manager.DagFileProcessorManager] loc=manager.py:843
dag-processor | 2026-07-26T20:20:55.203840Z [info     ] Not time to refresh bundle dags-folder [airflow.dag_processing.manager.DagFileProcessorManager] loc=manager.py:843
dag-processor | 2026-07-26T20:21:00.228370Z [info     ] Not time to refresh bundle dags-folder [airflow.dag_processing.manager.DagFileProcessorManager] loc=manager.py:843
dag-processor | 2026-07-26T20:21:04.243216Z [info     ]
dag-processor | ================================================================================
dag-processor | DAG File Processing Stats
dag-processor | Bundle       File Path             PID    Current Duration      # DAGs    # Errors  Last Duration    Last Run At
dag-processor | -----------  --------------------  -----  ------------------  --------  ----------  ---------------  -------------------
dag-processor | dags-folder  fifa_sync_raw_dag.py                                    1           0  0.05s            2026-07-26T20:20:43
dag-processor | dags-folder  fifa_etl_dag.py                                         1           0  0.05s            2026-07-26T20:20:41
dag-processor | ================================================================================ [airflow.dag_processing.manager.DagFileProcessorManager] loc=manager.py:1123
dag-processor | 2026-07-26T20:21:05.247393Z [info     ] Not time to refresh bundle dags-folder [airflow.dag_processing.manager.DagFileProcessorManager] loc=manager.py:843
dag-processor | 2026-07-26T20:21:10.267814Z [info     ] Not time to refresh bundle dags-folder [airflow.dag_processing.manager.DagFileProcessorManager] loc=manager.py:843
dag-processor | 2026-07-26T20:21:15.512856Z [info     ] Not time to refresh bundle dags-folder [airflow.dag_processing.manager.DagFileProcessorManager] loc=manager.py:843
dag-processor | 2026-07-26T20:21:15.536414Z [info     ] Bulk-writing dags to db        [airflow.serialization.definitions.dag] count=1 loc=dag.py:210
dag-processor | 2026-07-26T20:21:15.543604Z [info     ] Getting latest run for non-partitioned Dag [airflow.dag_processing.collection] dag_id=Proyecto_FIFA_ETL loc=collection.py:200
dag-processor | 2026-07-26T20:21:15.547061Z [info     ] got latest run                 [airflow.dag_processing.collection] dag_id=Proyecto_FIFA_ETL loc=collection.py:203 logical_date='2026-07-26 00:00:00+00:00' partition_key=None
dag-processor | 2026-07-26T20:21:15.558732Z [info     ] get next_dagrun_info_v2        [airflow.serialization.definitions.dag] last_automated_run_info=DagRunInfo(run_after=DateTime(2026, 7, 26, 0, 0, 0, tzinfo=Timezone('UTC')), data_interval=DataInterval(start=DateTime(2026, 7, 26, 0, 0, 0, tzinfo=Timezone('UTC')), end=DateTime(2026, 7, 26, 0, 0, 0, tzinfo=Timezone('UTC'))), partition_date=None, partition_key=None) loc=dag.py:445 next_info=DagRunInfo(run_after=DateTime(2026, 7, 27, 0, 0, 0, tzinfo=Timezone('UTC')), data_interval=DataInterval(start=DateTime(2026, 7, 27, 0, 0, 0, tzinfo=Timezone('UTC')), end=DateTime(2026, 7, 27, 0, 0, 0, tzinfo=Timezone('UTC'))), partition_date=None, partition_key=None)
dag-processor | 2026-07-26T20:21:15.559319Z [info     ] setting next dagrun info       [airflow.models.dag] loc=dag.py:848 next_dagrun='2026-07-27 00:00:00+00:00' next_dagrun_create_after='2026-07-27 00:00:00+00:00' next_dagrun_data_interval_end='2026-07-27 00:00:00+00:00' next_dagrun_data_interval_start='2026-07-27 00:00:00+00:00' next_dagrun_partition_date=None next_dagrun_partition_key=None
dag-processor | 2026-07-26T20:21:17.302394Z [info     ] Bulk-writing dags to db        [airflow.serialization.definitions.dag] count=1 loc=dag.py:210
dag-processor | 2026-07-26T20:21:17.305684Z [info     ] Getting latest run for non-partitioned Dag [airflow.dag_processing.collection] dag_id=Proyecto_FIFA_Sync_Raw_CSV loc=collection.py:200
dag-processor | 2026-07-26T20:21:17.306960Z [info     ] got latest run                 [airflow.dag_processing.collection] dag_id=Proyecto_FIFA_Sync_Raw_CSV loc=collection.py:203 logical_date='2026-07-26 20:00:00+00:00' partition_key=None
dag-processor | 2026-07-26T20:21:17.314428Z [info     ] get next_dagrun_info_v2        [airflow.serialization.definitions.dag] last_automated_run_info=DagRunInfo(run_after=DateTime(2026, 7, 26, 20, 0, 0, tzinfo=Timezone('UTC')), data_interval=DataInterval(start=DateTime(2026, 7, 26, 20, 0, 0, tzinfo=Timezone('UTC')), end=DateTime(2026, 7, 26, 20, 0, 0, tzinfo=Timezone('UTC'))), partition_date=None, partition_key=None) loc=dag.py:445 next_info=DagRunInfo(run_after=DateTime(2026, 7, 26, 21, 0, 0, tzinfo=Timezone('UTC')), data_interval=DataInterval(start=DateTime(2026, 7, 26, 21, 0, 0, tzinfo=Timezone('UTC')), end=DateTime(2026, 7, 26, 21, 0, 0, tzinfo=Timezone('UTC'))), partition_date=None, partition_key=None)
dag-processor | 2026-07-26T20:21:17.314692Z [info     ] setting next dagrun info       [airflow.models.dag] loc=dag.py:848 next_dagrun='2026-07-26 21:00:00+00:00' next_dagrun_create_after='2026-07-26 21:00:00+00:00' next_dagrun_data_interval_end='2026-07-26 21:00:00+00:00' next_dagrun_data_interval_start='2026-07-26 21:00:00+00:00' next_dagrun_partition_date=None next_dagrun_partition_key=None
dag-processor | 2026-07-26T20:21:21.320312Z [info     ] Not time to refresh bundle dags-folder [airflow.dag_processing.manager.DagFileProcessorManager] loc=manager.py:843
triggerer  | 2026-07-26T20:21:23.490715Z [info     ] 0 triggers currently running   [airflow.jobs.triggerer_job_runner] loc=triggerer_job_runner.py:1036
triggerer  | 2026-07-26T20:21:23.490843Z [info     ] 0 watchers currently running   [airflow.jobs.triggerer_job_runner] loc=triggerer_job_runner.py:1036
dag-processor | 2026-07-26T20:21:26.344360Z [info     ] Not time to refresh bundle dags-folder [airflow.dag_processing.manager.DagFileProcessorManager] loc=manager.py:843
dag-processor | 2026-07-26T20:21:31.369818Z [info     ] Not time to refresh bundle dags-folder [airflow.dag_processing.manager.DagFileProcessorManager] loc=manager.py:843
dag-processor | 2026-07-26T20:21:34.384345Z [info     ]
dag-processor | ================================================================================
dag-processor | DAG File Processing Stats
dag-processor | Bundle       File Path             PID    Current Duration      # DAGs    # Errors  Last Duration    Last Run At
dag-processor | -----------  --------------------  -----  ------------------  --------  ----------  ---------------  -------------------
dag-processor | dags-folder  fifa_etl_dag.py                                         1           0  3.62s            2026-07-26T20:21:15
dag-processor | dags-folder  fifa_sync_raw_dag.py                                    1           0  1.78s            2026-07-26T20:21:17
dag-processor | ================================================================================ [airflow.dag_processing.manager.DagFileProcessorManager] loc=manager.py:1123
dag-processor | 2026-07-26T20:21:36.395080Z [info     ] Not time to refresh bundle dags-folder [airflow.dag_processing.manager.DagFileProcessorManager] loc=manager.py:843
dag-processor | 2026-07-26T20:21:41.417423Z [info     ] Not time to refresh bundle dags-folder [airflow.dag_processing.manager.DagFileProcessorManager] loc=manager.py:843
dag-processor | 2026-07-26T20:21:46.137396Z [info     ] Bulk-writing dags to db        [airflow.serialization.definitions.dag] count=1 loc=dag.py:210
dag-processor | 2026-07-26T20:21:46.143284Z [info     ] Getting latest run for non-partitioned Dag [airflow.dag_processing.collection] dag_id=Proyecto_FIFA_ETL loc=collection.py:200
dag-processor | 2026-07-26T20:21:46.147906Z [info     ] got latest run                 [airflow.dag_processing.collection] dag_id=Proyecto_FIFA_ETL loc=collection.py:203 logical_date='2026-07-26 00:00:00+00:00' partition_key=None
dag-processor | 2026-07-26T20:21:46.167631Z [info     ] get next_dagrun_info_v2        [airflow.serialization.definitions.dag] last_automated_run_info=DagRunInfo(run_after=DateTime(2026, 7, 26, 0, 0, 0, tzinfo=Timezone('UTC')), data_interval=DataInterval(start=DateTime(2026, 7, 26, 0, 0, 0, tzinfo=Timezone('UTC')), end=DateTime(2026, 7, 26, 0, 0, 0, tzinfo=Timezone('UTC'))), partition_date=None, partition_key=None) loc=dag.py:445 next_info=DagRunInfo(run_after=DateTime(2026, 7, 27, 0, 0, 0, tzinfo=Timezone('UTC')), data_interval=DataInterval(start=DateTime(2026, 7, 27, 0, 0, 0, tzinfo=Timezone('UTC')), end=DateTime(2026, 7, 27, 0, 0, 0, tzinfo=Timezone('UTC'))), partition_date=None, partition_key=None)
dag-processor | 2026-07-26T20:21:46.168046Z [info     ] setting next dagrun info       [airflow.models.dag] loc=dag.py:848 next_dagrun='2026-07-27 00:00:00+00:00' next_dagrun_create_after='2026-07-27 00:00:00+00:00' next_dagrun_data_interval_end='2026-07-27 00:00:00+00:00' next_dagrun_data_interval_start='2026-07-27 00:00:00+00:00' next_dagrun_partition_date=None next_dagrun_partition_key=None
dag-processor | 2026-07-26T20:21:47.140004Z [info     ] Not time to refresh bundle dags-folder [airflow.dag_processing.manager.DagFileProcessorManager] loc=manager.py:843
dag-processor | 2026-07-26T20:21:48.234322Z [info     ] Bulk-writing dags to db        [airflow.serialization.definitions.dag] count=1 loc=dag.py:210
dag-processor | 2026-07-26T20:21:48.239029Z [info     ] Getting latest run for non-partitioned Dag [airflow.dag_processing.collection] dag_id=Proyecto_FIFA_Sync_Raw_CSV loc=collection.py:200
dag-processor | 2026-07-26T20:21:48.240991Z [info     ] got latest run                 [airflow.dag_processing.collection] dag_id=Proyecto_FIFA_Sync_Raw_CSV loc=collection.py:203 logical_date='2026-07-26 20:00:00+00:00' partition_key=None
dag-processor | 2026-07-26T20:21:48.251745Z [info     ] get next_dagrun_info_v2        [airflow.serialization.definitions.dag] last_automated_run_info=DagRunInfo(run_after=DateTime(2026, 7, 26, 20, 0, 0, tzinfo=Timezone('UTC')), data_interval=DataInterval(start=DateTime(2026, 7, 26, 20, 0, 0, tzinfo=Timezone('UTC')), end=DateTime(2026, 7, 26, 20, 0, 0, tzinfo=Timezone('UTC'))), partition_date=None, partition_key=None) loc=dag.py:445 next_info=DagRunInfo(run_after=DateTime(2026, 7, 26, 21, 0, 0, tzinfo=Timezone('UTC')), data_interval=DataInterval(start=DateTime(2026, 7, 26, 21, 0, 0, tzinfo=Timezone('UTC')), end=DateTime(2026, 7, 26, 21, 0, 0, tzinfo=Timezone('UTC'))), partition_date=None, partition_key=None)
dag-processor | 2026-07-26T20:21:48.252015Z [info     ] setting next dagrun info       [airflow.models.dag] loc=dag.py:848 next_dagrun='2026-07-26 21:00:00+00:00' next_dagrun_create_after='2026-07-26 21:00:00+00:00' next_dagrun_data_interval_end='2026-07-26 21:00:00+00:00' next_dagrun_data_interval_start='2026-07-26 21:00:00+00:00' next_dagrun_partition_date=None next_dagrun_partition_key=None
dag-processor | 2026-07-26T20:21:52.255662Z [info     ] Not time to refresh bundle dags-folder [airflow.dag_processing.manager.DagFileProcessorManager] loc=manager.py:843
dag-processor | 2026-07-26T20:21:57.281441Z [info     ] Not time to refresh bundle dags-folder [airflow.dag_processing.manager.DagFileProcessorManager] loc=manager.py:843
dag-processor | 2026-07-26T20:22:02.304559Z [info     ] Not time to refresh bundle dags-folder [airflow.dag_processing.manager.DagFileProcessorManager] loc=manager.py:843
dag-processor | 2026-07-26T20:22:04.475742Z [info     ]
dag-processor | ================================================================================
dag-processor | DAG File Processing Stats
dag-processor | Bundle       File Path             PID    Current Duration      # DAGs    # Errors  Last Duration    Last Run At
dag-processor | -----------  --------------------  -----  ------------------  --------  ----------  ---------------  -------------------
dag-processor | dags-folder  fifa_etl_dag.py                                         1           0  0.47s            2026-07-26T20:21:46
dag-processor | dags-folder  fifa_sync_raw_dag.py                                    1           0  0.06s            2026-07-26T20:21:48
dag-processor | ================================================================================ [airflow.dag_processing.manager.DagFileProcessorManager] loc=manager.py:1123
dag-processor | 2026-07-26T20:22:07.327276Z [info     ] Not time to refresh bundle dags-folder [airflow.dag_processing.manager.DagFileProcessorManager] loc=manager.py:843
dag-processor | 2026-07-26T20:22:12.350254Z [info     ] Not time to refresh bundle dags-folder [airflow.dag_processing.manager.DagFileProcessorManager] loc=manager.py:843
dag-processor | 2026-07-26T20:22:16.430274Z [info     ] Bulk-writing dags to db        [airflow.serialization.definitions.dag] count=1 loc=dag.py:210
dag-processor | 2026-07-26T20:22:16.433797Z [info     ] Getting latest run for non-partitioned Dag [airflow.dag_processing.collection] dag_id=Proyecto_FIFA_ETL loc=collection.py:200
dag-processor | 2026-07-26T20:22:16.435245Z [info     ] got latest run                 [airflow.dag_processing.collection] dag_id=Proyecto_FIFA_ETL loc=collection.py:203 logical_date='2026-07-26 00:00:00+00:00' partition_key=None
dag-processor | 2026-07-26T20:22:16.443713Z [info     ] get next_dagrun_info_v2        [airflow.serialization.definitions.dag] last_automated_run_info=DagRunInfo(run_after=DateTime(2026, 7, 26, 0, 0, 0, tzinfo=Timezone('UTC')), data_interval=DataInterval(start=DateTime(2026, 7, 26, 0, 0, 0, tzinfo=Timezone('UTC')), end=DateTime(2026, 7, 26, 0, 0, 0, tzinfo=Timezone('UTC'))), partition_date=None, partition_key=None) loc=dag.py:445 next_info=DagRunInfo(run_after=DateTime(2026, 7, 27, 0, 0, 0, tzinfo=Timezone('UTC')), data_interval=DataInterval(start=DateTime(2026, 7, 27, 0, 0, 0, tzinfo=Timezone('UTC')), end=DateTime(2026, 7, 27, 0, 0, 0, tzinfo=Timezone('UTC'))), partition_date=None, partition_key=None)
dag-processor | 2026-07-26T20:22:16.444116Z [info     ] setting next dagrun info       [airflow.models.dag] loc=dag.py:848 next_dagrun='2026-07-27 00:00:00+00:00' next_dagrun_create_after='2026-07-27 00:00:00+00:00' next_dagrun_data_interval_end='2026-07-27 00:00:00+00:00' next_dagrun_data_interval_start='2026-07-27 00:00:00+00:00' next_dagrun_partition_date=None next_dagrun_partition_key=None
dag-processor | 2026-07-26T20:22:17.435175Z [info     ] Not time to refresh bundle dags-folder [airflow.dag_processing.manager.DagFileProcessorManager] loc=manager.py:843
dag-processor | 2026-07-26T20:22:18.550998Z [info     ] Bulk-writing dags to db        [airflow.serialization.definitions.dag] count=1 loc=dag.py:210
dag-processor | 2026-07-26T20:22:18.556805Z [info     ] Getting latest run for non-partitioned Dag [airflow.dag_processing.collection] dag_id=Proyecto_FIFA_Sync_Raw_CSV loc=collection.py:200
dag-processor | 2026-07-26T20:22:18.559985Z [info     ] got latest run                 [airflow.dag_processing.collection] dag_id=Proyecto_FIFA_Sync_Raw_CSV loc=collection.py:203 logical_date='2026-07-26 20:00:00+00:00' partition_key=None
dag-processor | 2026-07-26T20:22:18.567679Z [info     ] get next_dagrun_info_v2        [airflow.serialization.definitions.dag] last_automated_run_info=DagRunInfo(run_after=DateTime(2026, 7, 26, 20, 0, 0, tzinfo=Timezone('UTC')), data_interval=DataInterval(start=DateTime(2026, 7, 26, 20, 0, 0, tzinfo=Timezone('UTC')), end=DateTime(2026, 7, 26, 20, 0, 0, tzinfo=Timezone('UTC'))), partition_date=None, partition_key=None) loc=dag.py:445 next_info=DagRunInfo(run_after=DateTime(2026, 7, 26, 21, 0, 0, tzinfo=Timezone('UTC')), data_interval=DataInterval(start=DateTime(2026, 7, 26, 21, 0, 0, tzinfo=Timezone('UTC')), end=DateTime(2026, 7, 26, 21, 0, 0, tzinfo=Timezone('UTC'))), partition_date=None, partition_key=None)
dag-processor | 2026-07-26T20:22:18.567955Z [info     ] setting next dagrun info       [airflow.models.dag] loc=dag.py:848 next_dagrun='2026-07-26 21:00:00+00:00' next_dagrun_create_after='2026-07-26 21:00:00+00:00' next_dagrun_data_interval_end='2026-07-26 21:00:00+00:00' next_dagrun_data_interval_start='2026-07-26 21:00:00+00:00' next_dagrun_partition_date=None next_dagrun_partition_key=None
dag-processor | 2026-07-26T20:22:22.570558Z [info     ] Not time to refresh bundle dags-folder [airflow.dag_processing.manager.DagFileProcessorManager] loc=manager.py:843
triggerer  | 2026-07-26T20:22:23.679143Z [info     ] 0 triggers currently running   [airflow.jobs.triggerer_job_runner] loc=triggerer_job_runner.py:1036
triggerer  | 2026-07-26T20:22:23.679323Z [info     ] 0 watchers currently running   [airflow.jobs.triggerer_job_runner] loc=triggerer_job_runner.py:1036
dag-processor | 2026-07-26T20:22:27.595175Z [info     ] Not time to refresh bundle dags-folder [airflow.dag_processing.manager.DagFileProcessorManager] loc=manager.py:843
dag-processor | 2026-07-26T20:22:32.618737Z [info     ] Not time to refresh bundle dags-folder [airflow.dag_processing.manager.DagFileProcessorManager] loc=manager.py:843
dag-processor | 2026-07-26T20:22:34.626123Z [info     ]
dag-processor | ================================================================================
dag-processor | DAG File Processing Stats
dag-processor | Bundle       File Path             PID    Current Duration      # DAGs    # Errors  Last Duration    Last Run At
dag-processor | -----------  --------------------  -----  ------------------  --------  ----------  ---------------  -------------------
dag-processor | dags-folder  fifa_sync_raw_dag.py                                    1           0  0.06s            2026-07-26T20:22:18
dag-processor | dags-folder  fifa_etl_dag.py                                         1           0  0.06s            2026-07-26T20:22:16
dag-processor | ================================================================================ [airflow.dag_processing.manager.DagFileProcessorManager] loc=manager.py:1123
dag-processor | 2026-07-26T20:22:37.640716Z [info     ] Not time to refresh bundle dags-folder [airflow.dag_processing.manager.DagFileProcessorManager] loc=manager.py:843
dag-processor | 2026-07-26T20:22:42.662353Z [info     ] Not time to refresh bundle dags-folder [airflow.dag_processing.manager.DagFileProcessorManager] loc=manager.py:843
dag-processor | 2026-07-26T20:22:46.746328Z [info     ] Bulk-writing dags to db        [airflow.serialization.definitions.dag] count=1 loc=dag.py:210
dag-processor | 2026-07-26T20:22:46.750250Z [info     ] Getting latest run for non-partitioned Dag [airflow.dag_processing.collection] dag_id=Proyecto_FIFA_ETL loc=collection.py:200
dag-processor | 2026-07-26T20:22:46.751740Z [info     ] got latest run                 [airflow.dag_processing.collection] dag_id=Proyecto_FIFA_ETL loc=collection.py:203 logical_date='2026-07-26 00:00:00+00:00' partition_key=None
dag-processor | 2026-07-26T20:22:46.762646Z [info     ] get next_dagrun_info_v2        [airflow.serialization.definitions.dag] last_automated_run_info=DagRunInfo(run_after=DateTime(2026, 7, 26, 0, 0, 0, tzinfo=Timezone('UTC')), data_interval=DataInterval(start=DateTime(2026, 7, 26, 0, 0, 0, tzinfo=Timezone('UTC')), end=DateTime(2026, 7, 26, 0, 0, 0, tzinfo=Timezone('UTC'))), partition_date=None, partition_key=None) loc=dag.py:445 next_info=DagRunInfo(run_after=DateTime(2026, 7, 27, 0, 0, 0, tzinfo=Timezone('UTC')), data_interval=DataInterval(start=DateTime(2026, 7, 27, 0, 0, 0, tzinfo=Timezone('UTC')), end=DateTime(2026, 7, 27, 0, 0, 0, tzinfo=Timezone('UTC'))), partition_date=None, partition_key=None)
dag-processor | 2026-07-26T20:22:46.762909Z [info     ] setting next dagrun info       [airflow.models.dag] loc=dag.py:848 next_dagrun='2026-07-27 00:00:00+00:00' next_dagrun_create_after='2026-07-27 00:00:00+00:00' next_dagrun_data_interval_end='2026-07-27 00:00:00+00:00' next_dagrun_data_interval_start='2026-07-27 00:00:00+00:00' next_dagrun_partition_date=None next_dagrun_partition_key=None
dag-processor | 2026-07-26T20:22:47.750653Z [info     ] Not time to refresh bundle dags-folder [airflow.dag_processing.manager.DagFileProcessorManager] loc=manager.py:843
dag-processor | 2026-07-26T20:22:48.833660Z [info     ] Bulk-writing dags to db        [airflow.serialization.definitions.dag] count=1 loc=dag.py:210
dag-processor | 2026-07-26T20:22:48.837223Z [info     ] Getting latest run for non-partitioned Dag [airflow.dag_processing.collection] dag_id=Proyecto_FIFA_Sync_Raw_CSV loc=collection.py:200
dag-processor | 2026-07-26T20:22:48.838859Z [info     ] got latest run                 [airflow.dag_processing.collection] dag_id=Proyecto_FIFA_Sync_Raw_CSV loc=collection.py:203 logical_date='2026-07-26 20:00:00+00:00' partition_key=None
dag-processor | 2026-07-26T20:22:48.846226Z [info     ] get next_dagrun_info_v2        [airflow.serialization.definitions.dag] last_automated_run_info=DagRunInfo(run_after=DateTime(2026, 7, 26, 20, 0, 0, tzinfo=Timezone('UTC')), data_interval=DataInterval(start=DateTime(2026, 7, 26, 20, 0, 0, tzinfo=Timezone('UTC')), end=DateTime(2026, 7, 26, 20, 0, 0, tzinfo=Timezone('UTC'))), partition_date=None, partition_key=None) loc=dag.py:445 next_info=DagRunInfo(run_after=DateTime(2026, 7, 26, 21, 0, 0, tzinfo=Timezone('UTC')), data_interval=DataInterval(start=DateTime(2026, 7, 26, 21, 0, 0, tzinfo=Timezone('UTC')), end=DateTime(2026, 7, 26, 21, 0, 0, tzinfo=Timezone('UTC'))), partition_date=None, partition_key=None)
dag-processor | 2026-07-26T20:22:48.846545Z [info     ] setting next dagrun info       [airflow.models.dag] loc=dag.py:848 next_dagrun='2026-07-26 21:00:00+00:00' next_dagrun_create_after='2026-07-26 21:00:00+00:00' next_dagrun_data_interval_end='2026-07-26 21:00:00+00:00' next_dagrun_data_interval_start='2026-07-26 21:00:00+00:00' next_dagrun_partition_date=None next_dagrun_partition_key=None
dag-processor | 2026-07-26T20:22:52.852464Z [info     ] Not time to refresh bundle dags-folder [airflow.dag_processing.manager.DagFileProcessorManager] loc=manager.py:843
dag-processor | 2026-07-26T20:22:57.872054Z [info     ] Not time to refresh bundle dags-folder [airflow.dag_processing.manager.DagFileProcessorManager] loc=manager.py:843
dag-processor | 2026-07-26T20:23:02.896706Z [info     ] Not time to refresh bundle dags-folder [airflow.dag_processing.manager.DagFileProcessorManager] loc=manager.py:843
dag-processor | 2026-07-26T20:23:04.906085Z [info     ]
dag-processor | ================================================================================
dag-processor | DAG File Processing Stats
dag-processor | Bundle       File Path             PID    Current Duration      # DAGs    # Errors  Last Duration    Last Run At
dag-processor | -----------  --------------------  -----  ------------------  --------  ----------  ---------------  -------------------
dag-processor | dags-folder  fifa_etl_dag.py                                         1           0  0.06s            2026-07-26T20:22:46
dag-processor | dags-folder  fifa_sync_raw_dag.py                                    1           0  0.06s            2026-07-26T20:22:48
dag-processor | ================================================================================ [airflow.dag_processing.manager.DagFileProcessorManager] loc=manager.py:1123
dag-processor | 2026-07-26T20:23:07.923995Z [info     ] Not time to refresh bundle dags-folder [airflow.dag_processing.manager.DagFileProcessorManager] loc=manager.py:843
dag-processor | 2026-07-26T20:23:12.943049Z [info     ] Not time to refresh bundle dags-folder [airflow.dag_processing.manager.DagFileProcessorManager] loc=manager.py:843
dag-processor | 2026-07-26T20:23:17.019281Z [info     ] Bulk-writing dags to db        [airflow.serialization.definitions.dag] count=1 loc=dag.py:210
dag-processor | 2026-07-26T20:23:17.023205Z [info     ] Getting latest run for non-partitioned Dag [airflow.dag_processing.collection] dag_id=Proyecto_FIFA_ETL loc=collection.py:200
dag-processor | 2026-07-26T20:23:17.024847Z [info     ] got latest run                 [airflow.dag_processing.collection] dag_id=Proyecto_FIFA_ETL loc=collection.py:203 logical_date='2026-07-26 00:00:00+00:00' partition_key=None
dag-processor | 2026-07-26T20:23:17.032186Z [info     ] get next_dagrun_info_v2        [airflow.serialization.definitions.dag] last_automated_run_info=DagRunInfo(run_after=DateTime(2026, 7, 26, 0, 0, 0, tzinfo=Timezone('UTC')), data_interval=DataInterval(start=DateTime(2026, 7, 26, 0, 0, 0, tzinfo=Timezone('UTC')), end=DateTime(2026, 7, 26, 0, 0, 0, tzinfo=Timezone('UTC'))), partition_date=None, partition_key=None) loc=dag.py:445 next_info=DagRunInfo(run_after=DateTime(2026, 7, 27, 0, 0, 0, tzinfo=Timezone('UTC')), data_interval=DataInterval(start=DateTime(2026, 7, 27, 0, 0, 0, tzinfo=Timezone('UTC')), end=DateTime(2026, 7, 27, 0, 0, 0, tzinfo=Timezone('UTC'))), partition_date=None, partition_key=None)
dag-processor | 2026-07-26T20:23:17.032504Z [info     ] setting next dagrun info       [airflow.models.dag] loc=dag.py:848 next_dagrun='2026-07-27 00:00:00+00:00' next_dagrun_create_after='2026-07-27 00:00:00+00:00' next_dagrun_data_interval_end='2026-07-27 00:00:00+00:00' next_dagrun_data_interval_start='2026-07-27 00:00:00+00:00' next_dagrun_partition_date=None next_dagrun_partition_key=None
dag-processor | 2026-07-26T20:23:18.023661Z [info     ] Not time to refresh bundle dags-folder [airflow.dag_processing.manager.DagFileProcessorManager] loc=manager.py:843
dag-processor | 2026-07-26T20:23:19.124707Z [info     ] Bulk-writing dags to db        [airflow.serialization.definitions.dag] count=1 loc=dag.py:210
dag-processor | 2026-07-26T20:23:19.128969Z [info     ] Getting latest run for non-partitioned Dag [airflow.dag_processing.collection] dag_id=Proyecto_FIFA_Sync_Raw_CSV loc=collection.py:200
dag-processor | 2026-07-26T20:23:19.130534Z [info     ] got latest run                 [airflow.dag_processing.collection] dag_id=Proyecto_FIFA_Sync_Raw_CSV loc=collection.py:203 logical_date='2026-07-26 20:00:00+00:00' partition_key=None
dag-processor | 2026-07-26T20:23:19.138208Z [info     ] get next_dagrun_info_v2        [airflow.serialization.definitions.dag] last_automated_run_info=DagRunInfo(run_after=DateTime(2026, 7, 26, 20, 0, 0, tzinfo=Timezone('UTC')), data_interval=DataInterval(start=DateTime(2026, 7, 26, 20, 0, 0, tzinfo=Timezone('UTC')), end=DateTime(2026, 7, 26, 20, 0, 0, tzinfo=Timezone('UTC'))), partition_date=None, partition_key=None) loc=dag.py:445 next_info=DagRunInfo(run_after=DateTime(2026, 7, 26, 21, 0, 0, tzinfo=Timezone('UTC')), data_interval=DataInterval(start=DateTime(2026, 7, 26, 21, 0, 0, tzinfo=Timezone('UTC')), end=DateTime(2026, 7, 26, 21, 0, 0, tzinfo=Timezone('UTC'))), partition_date=None, partition_key=None)
dag-processor | 2026-07-26T20:23:19.138441Z [info     ] setting next dagrun info       [airflow.models.dag] loc=dag.py:848 next_dagrun='2026-07-26 21:00:00+00:00' next_dagrun_create_after='2026-07-26 21:00:00+00:00' next_dagrun_data_interval_end='2026-07-26 21:00:00+00:00' next_dagrun_data_interval_start='2026-07-26 21:00:00+00:00' next_dagrun_partition_date=None next_dagrun_partition_key=None
dag-processor | 2026-07-26T20:23:23.140774Z [info     ] Not time to refresh bundle dags-folder [airflow.dag_processing.manager.DagFileProcessorManager] loc=manager.py:843
triggerer  | 2026-07-26T20:23:23.881704Z [info     ] 0 triggers currently running   [airflow.jobs.triggerer_job_runner] loc=triggerer_job_runner.py:1036
triggerer  | 2026-07-26T20:23:23.881818Z [info     ] 0 watchers currently running   [airflow.jobs.triggerer_job_runner] loc=triggerer_job_runner.py:1036
dag-processor | 2026-07-26T20:23:28.158081Z [info     ] Not time to refresh bundle dags-folder [airflow.dag_processing.manager.DagFileProcessorManager] loc=manager.py:843
dag-processor | 2026-07-26T20:23:33.187277Z [info     ] Not time to refresh bundle dags-folder [airflow.dag_processing.manager.DagFileProcessorManager] loc=manager.py:843
dag-processor | 2026-07-26T20:23:35.195025Z [info     ]
dag-processor | ================================================================================
dag-processor | DAG File Processing Stats
dag-processor | Bundle       File Path             PID    Current Duration      # DAGs    # Errors  Last Duration    Last Run At
dag-processor | -----------  --------------------  -----  ------------------  --------  ----------  ---------------  -------------------
dag-processor | dags-folder  fifa_sync_raw_dag.py                                    1           0  0.06s            2026-07-26T20:23:19
dag-processor | dags-folder  fifa_etl_dag.py                                         1           0  0.06s            2026-07-26T20:23:17
dag-processor | ================================================================================ [airflow.dag_processing.manager.DagFileProcessorManager] loc=manager.py:1123
dag-processor | 2026-07-26T20:23:38.210559Z [info     ] Not time to refresh bundle dags-folder [airflow.dag_processing.manager.DagFileProcessorManager] loc=manager.py:843
dag-processor | 2026-07-26T20:23:43.232905Z [info     ] Not time to refresh bundle dags-folder [airflow.dag_processing.manager.DagFileProcessorManager] loc=manager.py:843
dag-processor | 2026-07-26T20:23:47.310144Z [info     ] Bulk-writing dags to db        [airflow.serialization.definitions.dag] count=1 loc=dag.py:210
dag-processor | 2026-07-26T20:23:47.313930Z [info     ] Getting latest run for non-partitioned Dag [airflow.dag_processing.collection] dag_id=Proyecto_FIFA_ETL loc=collection.py:200
dag-processor | 2026-07-26T20:23:47.315524Z [info     ] got latest run                 [airflow.dag_processing.collection] dag_id=Proyecto_FIFA_ETL loc=collection.py:203 logical_date='2026-07-26 00:00:00+00:00' partition_key=None
dag-processor | 2026-07-26T20:23:47.322858Z [info     ] get next_dagrun_info_v2        [airflow.serialization.definitions.dag] last_automated_run_info=DagRunInfo(run_after=DateTime(2026, 7, 26, 0, 0, 0, tzinfo=Timezone('UTC')), data_interval=DataInterval(start=DateTime(2026, 7, 26, 0, 0, 0, tzinfo=Timezone('UTC')), end=DateTime(2026, 7, 26, 0, 0, 0, tzinfo=Timezone('UTC'))), partition_date=None, partition_key=None) loc=dag.py:445 next_info=DagRunInfo(run_after=DateTime(2026, 7, 27, 0, 0, 0, tzinfo=Timezone('UTC')), data_interval=DataInterval(start=DateTime(2026, 7, 27, 0, 0, 0, tzinfo=Timezone('UTC')), end=DateTime(2026, 7, 27, 0, 0, 0, tzinfo=Timezone('UTC'))), partition_date=None, partition_key=None)
dag-processor | 2026-07-26T20:23:47.323087Z [info     ] setting next dagrun info       [airflow.models.dag] loc=dag.py:848 next_dagrun='2026-07-27 00:00:00+00:00' next_dagrun_create_after='2026-07-27 00:00:00+00:00' next_dagrun_data_interval_end='2026-07-27 00:00:00+00:00' next_dagrun_data_interval_start='2026-07-27 00:00:00+00:00' next_dagrun_partition_date=None next_dagrun_partition_key=None
dag-processor | 2026-07-26T20:23:48.314452Z [info     ] Not time to refresh bundle dags-folder [airflow.dag_processing.manager.DagFileProcessorManager] loc=manager.py:843
dag-processor | 2026-07-26T20:23:49.422631Z [info     ] Bulk-writing dags to db        [airflow.serialization.definitions.dag] count=1 loc=dag.py:210
dag-processor | 2026-07-26T20:23:49.429152Z [info     ] Getting latest run for non-partitioned Dag [airflow.dag_processing.collection] dag_id=Proyecto_FIFA_Sync_Raw_CSV loc=collection.py:200
dag-processor | 2026-07-26T20:23:49.431344Z [info     ] got latest run                 [airflow.dag_processing.collection] dag_id=Proyecto_FIFA_Sync_Raw_CSV loc=collection.py:203 logical_date='2026-07-26 20:00:00+00:00' partition_key=None
dag-processor | 2026-07-26T20:23:49.439438Z [info     ] get next_dagrun_info_v2        [airflow.serialization.definitions.dag] last_automated_run_info=DagRunInfo(run_after=DateTime(2026, 7, 26, 20, 0, 0, tzinfo=Timezone('UTC')), data_interval=DataInterval(start=DateTime(2026, 7, 26, 20, 0, 0, tzinfo=Timezone('UTC')), end=DateTime(2026, 7, 26, 20, 0, 0, tzinfo=Timezone('UTC'))), partition_date=None, partition_key=None) loc=dag.py:445 next_info=DagRunInfo(run_after=DateTime(2026, 7, 26, 21, 0, 0, tzinfo=Timezone('UTC')), data_interval=DataInterval(start=DateTime(2026, 7, 26, 21, 0, 0, tzinfo=Timezone('UTC')), end=DateTime(2026, 7, 26, 21, 0, 0, tzinfo=Timezone('UTC'))), partition_date=None, partition_key=None)
dag-processor | 2026-07-26T20:23:49.439699Z [info     ] setting next dagrun info       [airflow.models.dag] loc=dag.py:848 next_dagrun='2026-07-26 21:00:00+00:00' next_dagrun_create_after='2026-07-26 21:00:00+00:00' next_dagrun_data_interval_end='2026-07-26 21:00:00+00:00' next_dagrun_data_interval_start='2026-07-26 21:00:00+00:00' next_dagrun_partition_date=None next_dagrun_partition_key=None
dag-processor | 2026-07-26T20:23:53.443817Z [info     ] Not time to refresh bundle dags-folder [airflow.dag_processing.manager.DagFileProcessorManager] loc=manager.py:843
dag-processor | 2026-07-26T20:23:58.466426Z [info     ] Not time to refresh bundle dags-folder [airflow.dag_processing.manager.DagFileProcessorManager] loc=manager.py:843
dag-processor | 2026-07-26T20:24:03.488077Z [info     ] Not time to refresh bundle dags-folder [airflow.dag_processing.manager.DagFileProcessorManager] loc=manager.py:843
dag-processor | 2026-07-26T20:24:05.494896Z [info     ]
dag-processor | ================================================================================
dag-processor | DAG File Processing Stats
dag-processor | Bundle       File Path             PID    Current Duration      # DAGs    # Errors  Last Duration    Last Run At
dag-processor | -----------  --------------------  -----  ------------------  --------  ----------  ---------------  -------------------
dag-processor | dags-folder  fifa_etl_dag.py                                         1           0  0.06s            2026-07-26T20:23:47
dag-processor | dags-folder  fifa_sync_raw_dag.py                                    1           0  0.06s            2026-07-26T20:23:49
dag-processor | ================================================================================ [airflow.dag_processing.manager.DagFileProcessorManager] loc=manager.py:1123
dag-processor | 2026-07-26T20:24:08.507947Z [info     ] Not time to refresh bundle dags-folder [airflow.dag_processing.manager.DagFileProcessorManager] loc=manager.py:843
dag-processor | 2026-07-26T20:24:13.527776Z [info     ] Not time to refresh bundle dags-folder [airflow.dag_processing.manager.DagFileProcessorManager] loc=manager.py:843
dag-processor | 2026-07-26T20:24:17.616823Z [info     ] Bulk-writing dags to db        [airflow.serialization.definitions.dag] count=1 loc=dag.py:210
dag-processor | 2026-07-26T20:24:17.621319Z [info     ] Getting latest run for non-partitioned Dag [airflow.dag_processing.collection] dag_id=Proyecto_FIFA_ETL loc=collection.py:200
dag-processor | 2026-07-26T20:24:17.622902Z [info     ] got latest run                 [airflow.dag_processing.collection] dag_id=Proyecto_FIFA_ETL loc=collection.py:203 logical_date='2026-07-26 00:00:00+00:00' partition_key=None
dag-processor | 2026-07-26T20:24:17.630865Z [info     ] get next_dagrun_info_v2        [airflow.serialization.definitions.dag] last_automated_run_info=DagRunInfo(run_after=DateTime(2026, 7, 26, 0, 0, 0, tzinfo=Timezone('UTC')), data_interval=DataInterval(start=DateTime(2026, 7, 26, 0, 0, 0, tzinfo=Timezone('UTC')), end=DateTime(2026, 7, 26, 0, 0, 0, tzinfo=Timezone('UTC'))), partition_date=None, partition_key=None) loc=dag.py:445 next_info=DagRunInfo(run_after=DateTime(2026, 7, 27, 0, 0, 0, tzinfo=Timezone('UTC')), data_interval=DataInterval(start=DateTime(2026, 7, 27, 0, 0, 0, tzinfo=Timezone('UTC')), end=DateTime(2026, 7, 27, 0, 0, 0, tzinfo=Timezone('UTC'))), partition_date=None, partition_key=None)
dag-processor | 2026-07-26T20:24:17.631106Z [info     ] setting next dagrun info       [airflow.models.dag] loc=dag.py:848 next_dagrun='2026-07-27 00:00:00+00:00' next_dagrun_create_after='2026-07-27 00:00:00+00:00' next_dagrun_data_interval_end='2026-07-27 00:00:00+00:00' next_dagrun_data_interval_start='2026-07-27 00:00:00+00:00' next_dagrun_partition_date=None next_dagrun_partition_key=None
dag-processor | 2026-07-26T20:24:18.621634Z [info     ] Not time to refresh bundle dags-folder [airflow.dag_processing.manager.DagFileProcessorManager] loc=manager.py:843
dag-processor | 2026-07-26T20:24:19.703752Z [info     ] Bulk-writing dags to db        [airflow.serialization.definitions.dag] count=1 loc=dag.py:210
dag-processor | 2026-07-26T20:24:19.707982Z [info     ] Getting latest run for non-partitioned Dag [airflow.dag_processing.collection] dag_id=Proyecto_FIFA_Sync_Raw_CSV loc=collection.py:200
dag-processor | 2026-07-26T20:24:19.709548Z [info     ] got latest run                 [airflow.dag_processing.collection] dag_id=Proyecto_FIFA_Sync_Raw_CSV loc=collection.py:203 logical_date='2026-07-26 20:00:00+00:00' partition_key=None
dag-processor | 2026-07-26T20:24:19.716650Z [info     ] get next_dagrun_info_v2        [airflow.serialization.definitions.dag] last_automated_run_info=DagRunInfo(run_after=DateTime(2026, 7, 26, 20, 0, 0, tzinfo=Timezone('UTC')), data_interval=DataInterval(start=DateTime(2026, 7, 26, 20, 0, 0, tzinfo=Timezone('UTC')), end=DateTime(2026, 7, 26, 20, 0, 0, tzinfo=Timezone('UTC'))), partition_date=None, partition_key=None) loc=dag.py:445 next_info=DagRunInfo(run_after=DateTime(2026, 7, 26, 21, 0, 0, tzinfo=Timezone('UTC')), data_interval=DataInterval(start=DateTime(2026, 7, 26, 21, 0, 0, tzinfo=Timezone('UTC')), end=DateTime(2026, 7, 26, 21, 0, 0, tzinfo=Timezone('UTC'))), partition_date=None, partition_key=None)
dag-processor | 2026-07-26T20:24:19.716935Z [info     ] setting next dagrun info       [airflow.models.dag] loc=dag.py:848 next_dagrun='2026-07-26 21:00:00+00:00' next_dagrun_create_after='2026-07-26 21:00:00+00:00' next_dagrun_data_interval_end='2026-07-26 21:00:00+00:00' next_dagrun_data_interval_start='2026-07-26 21:00:00+00:00' next_dagrun_partition_date=None next_dagrun_partition_key=None
dag-processor | 2026-07-26T20:24:23.718696Z [info     ] Not time to refresh bundle dags-folder [airflow.dag_processing.manager.DagFileProcessorManager] loc=manager.py:843
triggerer  | 2026-07-26T20:24:24.078510Z [info     ] 0 triggers currently running   [airflow.jobs.triggerer_job_runner] loc=triggerer_job_runner.py:1036
triggerer  | 2026-07-26T20:24:24.078622Z [info     ] 0 watchers currently running   [airflow.jobs.triggerer_job_runner] loc=triggerer_job_runner.py:1036
dag-processor | 2026-07-26T20:24:28.737905Z [info     ] Not time to refresh bundle dags-folder [airflow.dag_processing.manager.DagFileProcessorManager] loc=manager.py:843
dag-processor | 2026-07-26T20:24:33.764988Z [info     ] Not time to refresh bundle dags-folder [airflow.dag_processing.manager.DagFileProcessorManager] loc=manager.py:843
dag-processor | 2026-07-26T20:24:35.774889Z [info     ]
dag-processor | ================================================================================
dag-processor | DAG File Processing Stats
dag-processor | Bundle       File Path             PID    Current Duration      # DAGs    # Errors  Last Duration    Last Run At
dag-processor | -----------  --------------------  -----  ------------------  --------  ----------  ---------------  -------------------
dag-processor | dags-folder  fifa_etl_dag.py                                         1           0  0.06s            2026-07-26T20:24:17
dag-processor | dags-folder  fifa_sync_raw_dag.py                                    1           0  0.06s            2026-07-26T20:24:19
dag-processor | ================================================================================ [airflow.dag_processing.manager.DagFileProcessorManager] loc=manager.py:1123
dag-processor | 2026-07-26T20:24:38.788182Z [info     ] Not time to refresh bundle dags-folder [airflow.dag_processing.manager.DagFileProcessorManager] loc=manager.py:843
dag-processor | 2026-07-26T20:24:43.808157Z [info     ] Not time to refresh bundle dags-folder [airflow.dag_processing.manager.DagFileProcessorManager] loc=manager.py:843
dag-processor | 2026-07-26T20:24:47.882039Z [info     ] Bulk-writing dags to db        [airflow.serialization.definitions.dag] count=1 loc=dag.py:210
dag-processor | 2026-07-26T20:24:47.885797Z [info     ] Getting latest run for non-partitioned Dag [airflow.dag_processing.collection] dag_id=Proyecto_FIFA_ETL loc=collection.py:200
dag-processor | 2026-07-26T20:24:47.887525Z [info     ] got latest run                 [airflow.dag_processing.collection] dag_id=Proyecto_FIFA_ETL loc=collection.py:203 logical_date='2026-07-26 00:00:00+00:00' partition_key=None
dag-processor | 2026-07-26T20:24:47.894769Z [info     ] get next_dagrun_info_v2        [airflow.serialization.definitions.dag] last_automated_run_info=DagRunInfo(run_after=DateTime(2026, 7, 26, 0, 0, 0, tzinfo=Timezone('UTC')), data_interval=DataInterval(start=DateTime(2026, 7, 26, 0, 0, 0, tzinfo=Timezone('UTC')), end=DateTime(2026, 7, 26, 0, 0, 0, tzinfo=Timezone('UTC'))), partition_date=None, partition_key=None) loc=dag.py:445 next_info=DagRunInfo(run_after=DateTime(2026, 7, 27, 0, 0, 0, tzinfo=Timezone('UTC')), data_interval=DataInterval(start=DateTime(2026, 7, 27, 0, 0, 0, tzinfo=Timezone('UTC')), end=DateTime(2026, 7, 27, 0, 0, 0, tzinfo=Timezone('UTC'))), partition_date=None, partition_key=None)
dag-processor | 2026-07-26T20:24:47.894990Z [info     ] setting next dagrun info       [airflow.models.dag] loc=dag.py:848 next_dagrun='2026-07-27 00:00:00+00:00' next_dagrun_create_after='2026-07-27 00:00:00+00:00' next_dagrun_data_interval_end='2026-07-27 00:00:00+00:00' next_dagrun_data_interval_start='2026-07-27 00:00:00+00:00' next_dagrun_partition_date=None next_dagrun_partition_key=None
dag-processor | 2026-07-26T20:24:48.886232Z [info     ] Not time to refresh bundle dags-folder [airflow.dag_processing.manager.DagFileProcessorManager] loc=manager.py:843
dag-processor | 2026-07-26T20:24:49.994966Z [info     ] Bulk-writing dags to db        [airflow.serialization.definitions.dag] count=1 loc=dag.py:210
dag-processor | 2026-07-26T20:24:49.999018Z [info     ] Getting latest run for non-partitioned Dag [airflow.dag_processing.collection] dag_id=Proyecto_FIFA_Sync_Raw_CSV loc=collection.py:200
dag-processor | 2026-07-26T20:24:50.000545Z [info     ] got latest run                 [airflow.dag_processing.collection] dag_id=Proyecto_FIFA_Sync_Raw_CSV loc=collection.py:203 logical_date='2026-07-26 20:00:00+00:00' partition_key=None
dag-processor | 2026-07-26T20:24:50.008249Z [info     ] get next_dagrun_info_v2        [airflow.serialization.definitions.dag] last_automated_run_info=DagRunInfo(run_after=DateTime(2026, 7, 26, 20, 0, 0, tzinfo=Timezone('UTC')), data_interval=DataInterval(start=DateTime(2026, 7, 26, 20, 0, 0, tzinfo=Timezone('UTC')), end=DateTime(2026, 7, 26, 20, 0, 0, tzinfo=Timezone('UTC'))), partition_date=None, partition_key=None) loc=dag.py:445 next_info=DagRunInfo(run_after=DateTime(2026, 7, 26, 21, 0, 0, tzinfo=Timezone('UTC')), data_interval=DataInterval(start=DateTime(2026, 7, 26, 21, 0, 0, tzinfo=Timezone('UTC')), end=DateTime(2026, 7, 26, 21, 0, 0, tzinfo=Timezone('UTC'))), partition_date=None, partition_key=None)
dag-processor | 2026-07-26T20:24:50.008554Z [info     ] setting next dagrun info       [airflow.models.dag] loc=dag.py:848 next_dagrun='2026-07-26 21:00:00+00:00' next_dagrun_create_after='2026-07-26 21:00:00+00:00' next_dagrun_data_interval_end='2026-07-26 21:00:00+00:00' next_dagrun_data_interval_start='2026-07-26 21:00:00+00:00' next_dagrun_partition_date=None next_dagrun_partition_key=None
dag-processor | 2026-07-26T20:24:54.011898Z [info     ] Not time to refresh bundle dags-folder [airflow.dag_processing.manager.DagFileProcessorManager] loc=manager.py:843
dag-processor | 2026-07-26T20:24:59.033713Z [info     ] Not time to refresh bundle dags-folder [airflow.dag_processing.manager.DagFileProcessorManager] loc=manager.py:843
dag-processor | 2026-07-26T20:25:04.054575Z [info     ] Not time to refresh bundle dags-folder [airflow.dag_processing.manager.DagFileProcessorManager] loc=manager.py:843
dag-processor | 2026-07-26T20:25:06.062978Z [info     ]
dag-processor | ================================================================================
dag-processor | DAG File Processing Stats
dag-processor | Bundle       File Path             PID    Current Duration      # DAGs    # Errors  Last Duration    Last Run At
dag-processor | -----------  --------------------  -----  ------------------  --------  ----------  ---------------  -------------------
dag-processor | dags-folder  fifa_sync_raw_dag.py                                    1           0  0.06s            2026-07-26T20:24:49
dag-processor | dags-folder  fifa_etl_dag.py                                         1           0  0.05s            2026-07-26T20:24:47
dag-processor | ================================================================================ [airflow.dag_processing.manager.DagFileProcessorManager] loc=manager.py:1123
dag-processor | 2026-07-26T20:25:09.076346Z [info     ] Not time to refresh bundle dags-folder [airflow.dag_processing.manager.DagFileProcessorManager] loc=manager.py:843
dag-processor | 2026-07-26T20:25:14.098831Z [info     ] Not time to refresh bundle dags-folder [airflow.dag_processing.manager.DagFileProcessorManager] loc=manager.py:843
scheduler  | 2026-07-26T20:25:16.987455Z [info     ] Adopting or resetting orphaned tasks for active dag runs [airflow.jobs.scheduler_job_runner.SchedulerJobRunner] loc=scheduler_job_runner.py:3244
dag-processor | 2026-07-26T20:25:18.176823Z [info     ] Bulk-writing dags to db        [airflow.serialization.definitions.dag] count=1 loc=dag.py:210
dag-processor | 2026-07-26T20:25:18.182874Z [info     ] Getting latest run for non-partitioned Dag [airflow.dag_processing.collection] dag_id=Proyecto_FIFA_ETL loc=collection.py:200
dag-processor | 2026-07-26T20:25:18.184583Z [info     ] got latest run                 [airflow.dag_processing.collection] dag_id=Proyecto_FIFA_ETL loc=collection.py:203 logical_date='2026-07-26 00:00:00+00:00' partition_key=None
dag-processor | 2026-07-26T20:25:18.191942Z [info     ] get next_dagrun_info_v2        [airflow.serialization.definitions.dag] last_automated_run_info=DagRunInfo(run_after=DateTime(2026, 7, 26, 0, 0, 0, tzinfo=Timezone('UTC')), data_interval=DataInterval(start=DateTime(2026, 7, 26, 0, 0, 0, tzinfo=Timezone('UTC')), end=DateTime(2026, 7, 26, 0, 0, 0, tzinfo=Timezone('UTC'))), partition_date=None, partition_key=None) loc=dag.py:445 next_info=DagRunInfo(run_after=DateTime(2026, 7, 27, 0, 0, 0, tzinfo=Timezone('UTC')), data_interval=DataInterval(start=DateTime(2026, 7, 27, 0, 0, 0, tzinfo=Timezone('UTC')), end=DateTime(2026, 7, 27, 0, 0, 0, tzinfo=Timezone('UTC'))), partition_date=None, partition_key=None)
dag-processor | 2026-07-26T20:25:18.192273Z [info     ] setting next dagrun info       [airflow.models.dag] loc=dag.py:848 next_dagrun='2026-07-27 00:00:00+00:00' next_dagrun_create_after='2026-07-27 00:00:00+00:00' next_dagrun_data_interval_end='2026-07-27 00:00:00+00:00' next_dagrun_data_interval_start='2026-07-27 00:00:00+00:00' next_dagrun_partition_date=None next_dagrun_partition_key=None
dag-processor | 2026-07-26T20:25:19.181405Z [info     ] Not time to refresh bundle dags-folder [airflow.dag_processing.manager.DagFileProcessorManager] loc=manager.py:843
dag-processor | 2026-07-26T20:25:20.271937Z [info     ] Bulk-writing dags to db        [airflow.serialization.definitions.dag] count=1 loc=dag.py:210
dag-processor | 2026-07-26T20:25:20.277830Z [info     ] Getting latest run for non-partitioned Dag [airflow.dag_processing.collection] dag_id=Proyecto_FIFA_Sync_Raw_CSV loc=collection.py:200
dag-processor | 2026-07-26T20:25:20.279870Z [info     ] got latest run                 [airflow.dag_processing.collection] dag_id=Proyecto_FIFA_Sync_Raw_CSV loc=collection.py:203 logical_date='2026-07-26 20:00:00+00:00' partition_key=None
dag-processor | 2026-07-26T20:25:20.288806Z [info     ] get next_dagrun_info_v2        [airflow.serialization.definitions.dag] last_automated_run_info=DagRunInfo(run_after=DateTime(2026, 7, 26, 20, 0, 0, tzinfo=Timezone('UTC')), data_interval=DataInterval(start=DateTime(2026, 7, 26, 20, 0, 0, tzinfo=Timezone('UTC')), end=DateTime(2026, 7, 26, 20, 0, 0, tzinfo=Timezone('UTC'))), partition_date=None, partition_key=None) loc=dag.py:445 next_info=DagRunInfo(run_after=DateTime(2026, 7, 26, 21, 0, 0, tzinfo=Timezone('UTC')), data_interval=DataInterval(start=DateTime(2026, 7, 26, 21, 0, 0, tzinfo=Timezone('UTC')), end=DateTime(2026, 7, 26, 21, 0, 0, tzinfo=Timezone('UTC'))), partition_date=None, partition_key=None)
dag-processor | 2026-07-26T20:25:20.289097Z [info     ] setting next dagrun info       [airflow.models.dag] loc=dag.py:848 next_dagrun='2026-07-26 21:00:00+00:00' next_dagrun_create_after='2026-07-26 21:00:00+00:00' next_dagrun_data_interval_end='2026-07-26 21:00:00+00:00' next_dagrun_data_interval_start='2026-07-26 21:00:00+00:00' next_dagrun_partition_date=None next_dagrun_partition_key=None
triggerer  | 2026-07-26T20:25:24.276954Z [info     ] 0 triggers currently running   [airflow.jobs.triggerer_job_runner] loc=triggerer_job_runner.py:1036
triggerer  | 2026-07-26T20:25:24.277112Z [info     ] 0 watchers currently running   [airflow.jobs.triggerer_job_runner] loc=triggerer_job_runner.py:1036
dag-processor | 2026-07-26T20:25:24.292656Z [info     ] Not time to refresh bundle dags-folder [airflow.dag_processing.manager.DagFileProcessorManager] loc=manager.py:843
dag-processor | 2026-07-26T20:25:29.397733Z [info     ] Refreshing bundle dags-folder  [airflow.dag_processing.manager.DagFileProcessorManager] loc=manager.py:846
dag-processor | 2026-07-26T20:25:29.424014Z [info     ] Searching for files in dags-folder at /home/sebastian2/airflow/dags [airflow.dag_processing.manager.DagFileProcessorManager] loc=manager.py:914
dag-processor | 2026-07-26T20:25:29.425083Z [info     ] Found 2 files for bundle dags-folder [airflow.dag_processing.manager.DagFileProcessorManager] loc=manager.py:916
dag-processor | 2026-07-26T20:25:34.422687Z [info     ] Not time to refresh bundle dags-folder [airflow.dag_processing.manager.DagFileProcessorManager] loc=manager.py:843
dag-processor | 2026-07-26T20:25:36.432214Z [info     ]
dag-processor | ================================================================================
dag-processor | DAG File Processing Stats
dag-processor | Bundle       File Path             PID    Current Duration      # DAGs    # Errors  Last Duration    Last Run At
dag-processor | -----------  --------------------  -----  ------------------  --------  ----------  ---------------  -------------------
dag-processor | dags-folder  fifa_sync_raw_dag.py                                    1           0  0.06s            2026-07-26T20:25:20
dag-processor | dags-folder  fifa_etl_dag.py                                         1           0  0.05s            2026-07-26T20:25:18
dag-processor | ================================================================================ [airflow.dag_processing.manager.DagFileProcessorManager] loc=manager.py:1123
dag-processor | 2026-07-26T20:25:39.447863Z [info     ] Not time to refresh bundle dags-folder [airflow.dag_processing.manager.DagFileProcessorManager] loc=manager.py:843
dag-processor | 2026-07-26T20:25:44.659561Z [info     ] Not time to refresh bundle dags-folder [airflow.dag_processing.manager.DagFileProcessorManager] loc=manager.py:843
dag-processor | 2026-07-26T20:25:48.757265Z [info     ] Bulk-writing dags to db        [airflow.serialization.definitions.dag] count=1 loc=dag.py:210
dag-processor | 2026-07-26T20:25:48.761837Z [info     ] Getting latest run for non-partitioned Dag [airflow.dag_processing.collection] dag_id=Proyecto_FIFA_ETL loc=collection.py:200
dag-processor | 2026-07-26T20:25:48.764226Z [info     ] got latest run                 [airflow.dag_processing.collection] dag_id=Proyecto_FIFA_ETL loc=collection.py:203 logical_date='2026-07-26 00:00:00+00:00' partition_key=None
dag-processor | 2026-07-26T20:25:48.773405Z [info     ] get next_dagrun_info_v2        [airflow.serialization.definitions.dag] last_automated_run_info=DagRunInfo(run_after=DateTime(2026, 7, 26, 0, 0, 0, tzinfo=Timezone('UTC')), data_interval=DataInterval(start=DateTime(2026, 7, 26, 0, 0, 0, tzinfo=Timezone('UTC')), end=DateTime(2026, 7, 26, 0, 0, 0, tzinfo=Timezone('UTC'))), partition_date=None, partition_key=None) loc=dag.py:445 next_info=DagRunInfo(run_after=DateTime(2026, 7, 27, 0, 0, 0, tzinfo=Timezone('UTC')), data_interval=DataInterval(start=DateTime(2026, 7, 27, 0, 0, 0, tzinfo=Timezone('UTC')), end=DateTime(2026, 7, 27, 0, 0, 0, tzinfo=Timezone('UTC'))), partition_date=None, partition_key=None)
dag-processor | 2026-07-26T20:25:48.773722Z [info     ] setting next dagrun info       [airflow.models.dag] loc=dag.py:848 next_dagrun='2026-07-27 00:00:00+00:00' next_dagrun_create_after='2026-07-27 00:00:00+00:00' next_dagrun_data_interval_end='2026-07-27 00:00:00+00:00' next_dagrun_data_interval_start='2026-07-27 00:00:00+00:00' next_dagrun_partition_date=None next_dagrun_partition_key=None
dag-processor | 2026-07-26T20:25:49.761246Z [info     ] Not time to refresh bundle dags-folder [airflow.dag_processing.manager.DagFileProcessorManager] loc=manager.py:843
dag-processor | 2026-07-26T20:25:50.836292Z [info     ] Bulk-writing dags to db        [airflow.serialization.definitions.dag] count=1 loc=dag.py:210
dag-processor | 2026-07-26T20:25:50.840813Z [info     ] Getting latest run for non-partitioned Dag [airflow.dag_processing.collection] dag_id=Proyecto_FIFA_Sync_Raw_CSV loc=collection.py:200
dag-processor | 2026-07-26T20:25:50.842662Z [info     ] got latest run                 [airflow.dag_processing.collection] dag_id=Proyecto_FIFA_Sync_Raw_CSV loc=collection.py:203 logical_date='2026-07-26 20:00:00+00:00' partition_key=None
dag-processor | 2026-07-26T20:25:50.852010Z [info     ] get next_dagrun_info_v2        [airflow.serialization.definitions.dag] last_automated_run_info=DagRunInfo(run_after=DateTime(2026, 7, 26, 20, 0, 0, tzinfo=Timezone('UTC')), data_interval=DataInterval(start=DateTime(2026, 7, 26, 20, 0, 0, tzinfo=Timezone('UTC')), end=DateTime(2026, 7, 26, 20, 0, 0, tzinfo=Timezone('UTC'))), partition_date=None, partition_key=None) loc=dag.py:445 next_info=DagRunInfo(run_after=DateTime(2026, 7, 26, 21, 0, 0, tzinfo=Timezone('UTC')), data_interval=DataInterval(start=DateTime(2026, 7, 26, 21, 0, 0, tzinfo=Timezone('UTC')), end=DateTime(2026, 7, 26, 21, 0, 0, tzinfo=Timezone('UTC'))), partition_date=None, partition_key=None)
dag-processor | 2026-07-26T20:25:50.852477Z [info     ] setting next dagrun info       [airflow.models.dag] loc=dag.py:848 next_dagrun='2026-07-26 21:00:00+00:00' next_dagrun_create_after='2026-07-26 21:00:00+00:00' next_dagrun_data_interval_end='2026-07-26 21:00:00+00:00' next_dagrun_data_interval_start='2026-07-26 21:00:00+00:00' next_dagrun_partition_date=None next_dagrun_partition_key=None
dag-processor | 2026-07-26T20:25:54.855533Z [info     ] Not time to refresh bundle dags-folder [airflow.dag_processing.manager.DagFileProcessorManager] loc=manager.py:843
dag-processor | 2026-07-26T20:25:59.877532Z [info     ] Not time to refresh bundle dags-folder [airflow.dag_processing.manager.DagFileProcessorManager] loc=manager.py:843
dag-processor | 2026-07-26T20:26:04.900537Z [info     ] Not time to refresh bundle dags-folder [airflow.dag_processing.manager.DagFileProcessorManager] loc=manager.py:843
dag-processor | 2026-07-26T20:26:06.907517Z [info     ]
dag-processor | ================================================================================
dag-processor | DAG File Processing Stats
dag-processor | Bundle       File Path             PID    Current Duration      # DAGs    # Errors  Last Duration    Last Run At
dag-processor | -----------  --------------------  -----  ------------------  --------  ----------  ---------------  -------------------
dag-processor | dags-folder  fifa_etl_dag.py                                         1           0  0.07s            2026-07-26T20:25:48
dag-processor | dags-folder  fifa_sync_raw_dag.py                                    1           0  0.06s            2026-07-26T20:25:50
dag-processor | ================================================================================ [airflow.dag_processing.manager.DagFileProcessorManager] loc=manager.py:1123
dag-processor | 2026-07-26T20:26:09.922771Z [info     ] Not time to refresh bundle dags-folder [airflow.dag_processing.manager.DagFileProcessorManager] loc=manager.py:843
dag-processor | 2026-07-26T20:26:12.069243Z [info     ] checking for stale bundle versions locally [airflow.dag_processing.bundles.base] loc=base.py:223
dag-processor | 2026-07-26T20:26:12.069945Z [info     ] DAG bundles loaded: dags-folder [airflow.dag_processing.bundles.manager.DagBundlesManager] loc=manager.py:271
dag-processor | 2026-07-26T20:26:14.943090Z [info     ] Not time to refresh bundle dags-folder [airflow.dag_processing.manager.DagFileProcessorManager] loc=manager.py:843
dag-processor | 2026-07-26T20:26:19.030804Z [info     ] Bulk-writing dags to db        [airflow.serialization.definitions.dag] count=1 loc=dag.py:210
dag-processor | 2026-07-26T20:26:19.036263Z [info     ] Getting latest run for non-partitioned Dag [airflow.dag_processing.collection] dag_id=Proyecto_FIFA_ETL loc=collection.py:200
dag-processor | 2026-07-26T20:26:19.038022Z [info     ] got latest run                 [airflow.dag_processing.collection] dag_id=Proyecto_FIFA_ETL loc=collection.py:203 logical_date='2026-07-26 00:00:00+00:00' partition_key=None
dag-processor | 2026-07-26T20:26:19.049136Z [info     ] get next_dagrun_info_v2        [airflow.serialization.definitions.dag] last_automated_run_info=DagRunInfo(run_after=DateTime(2026, 7, 26, 0, 0, 0, tzinfo=Timezone('UTC')), data_interval=DataInterval(start=DateTime(2026, 7, 26, 0, 0, 0, tzinfo=Timezone('UTC')), end=DateTime(2026, 7, 26, 0, 0, 0, tzinfo=Timezone('UTC'))), partition_date=None, partition_key=None) loc=dag.py:445 next_info=DagRunInfo(run_after=DateTime(2026, 7, 27, 0, 0, 0, tzinfo=Timezone('UTC')), data_interval=DataInterval(start=DateTime(2026, 7, 27, 0, 0, 0, tzinfo=Timezone('UTC')), end=DateTime(2026, 7, 27, 0, 0, 0, tzinfo=Timezone('UTC'))), partition_date=None, partition_key=None)
dag-processor | 2026-07-26T20:26:19.049481Z [info     ] setting next dagrun info       [airflow.models.dag] loc=dag.py:848 next_dagrun='2026-07-27 00:00:00+00:00' next_dagrun_create_after='2026-07-27 00:00:00+00:00' next_dagrun_data_interval_end='2026-07-27 00:00:00+00:00' next_dagrun_data_interval_start='2026-07-27 00:00:00+00:00' next_dagrun_partition_date=None next_dagrun_partition_key=None
dag-processor | 2026-07-26T20:26:20.034270Z [info     ] Not time to refresh bundle dags-folder [airflow.dag_processing.manager.DagFileProcessorManager] loc=manager.py:843
dag-processor | 2026-07-26T20:26:21.109334Z [info     ] Bulk-writing dags to db        [airflow.serialization.definitions.dag] count=1 loc=dag.py:210
dag-processor | 2026-07-26T20:26:21.113430Z [info     ] Getting latest run for non-partitioned Dag [airflow.dag_processing.collection] dag_id=Proyecto_FIFA_Sync_Raw_CSV loc=collection.py:200
dag-processor | 2026-07-26T20:26:21.115279Z [info     ] got latest run                 [airflow.dag_processing.collection] dag_id=Proyecto_FIFA_Sync_Raw_CSV loc=collection.py:203 logical_date='2026-07-26 20:00:00+00:00' partition_key=None
dag-processor | 2026-07-26T20:26:21.122961Z [info     ] get next_dagrun_info_v2        [airflow.serialization.definitions.dag] last_automated_run_info=DagRunInfo(run_after=DateTime(2026, 7, 26, 20, 0, 0, tzinfo=Timezone('UTC')), data_interval=DataInterval(start=DateTime(2026, 7, 26, 20, 0, 0, tzinfo=Timezone('UTC')), end=DateTime(2026, 7, 26, 20, 0, 0, tzinfo=Timezone('UTC'))), partition_date=None, partition_key=None) loc=dag.py:445 next_info=DagRunInfo(run_after=DateTime(2026, 7, 26, 21, 0, 0, tzinfo=Timezone('UTC')), data_interval=DataInterval(start=DateTime(2026, 7, 26, 21, 0, 0, tzinfo=Timezone('UTC')), end=DateTime(2026, 7, 26, 21, 0, 0, tzinfo=Timezone('UTC'))), partition_date=None, partition_key=None)
dag-processor | 2026-07-26T20:26:21.123248Z [info     ] setting next dagrun info       [airflow.models.dag] loc=dag.py:848 next_dagrun='2026-07-26 21:00:00+00:00' next_dagrun_create_after='2026-07-26 21:00:00+00:00' next_dagrun_data_interval_end='2026-07-26 21:00:00+00:00' next_dagrun_data_interval_start='2026-07-26 21:00:00+00:00' next_dagrun_partition_date=None next_dagrun_partition_key=None
triggerer  | 2026-07-26T20:26:24.474292Z [info     ] 0 triggers currently running   [airflow.jobs.triggerer_job_runner] loc=triggerer_job_runner.py:1036
triggerer  | 2026-07-26T20:26:24.474409Z [info     ] 0 watchers currently running   [airflow.jobs.triggerer_job_runner] loc=triggerer_job_runner.py:1036
dag-processor | 2026-07-26T20:26:25.131103Z [info     ] Not time to refresh bundle dags-folder [airflow.dag_processing.manager.DagFileProcessorManager] loc=manager.py:843
dag-processor | 2026-07-26T20:26:30.157437Z [info     ] Not time to refresh bundle dags-folder [airflow.dag_processing.manager.DagFileProcessorManager] loc=manager.py:843
dag-processor | 2026-07-26T20:26:35.182148Z [info     ] Not time to refresh bundle dags-folder [airflow.dag_processing.manager.DagFileProcessorManager] loc=manager.py:843
dag-processor | 2026-07-26T20:26:37.191148Z [info     ]
dag-processor | ================================================================================
dag-processor | DAG File Processing Stats
dag-processor | Bundle       File Path             PID    Current Duration      # DAGs    # Errors  Last Duration    Last Run At
dag-processor | -----------  --------------------  -----  ------------------  --------  ----------  ---------------  -------------------
dag-processor | dags-folder  fifa_etl_dag.py                                         1           0  0.06s            2026-07-26T20:26:19
dag-processor | dags-folder  fifa_sync_raw_dag.py                                    1           0  0.05s            2026-07-26T20:26:21
dag-processor | ================================================================================ [airflow.dag_processing.manager.DagFileProcessorManager] loc=manager.py:1123
dag-processor | 2026-07-26T20:26:40.204523Z [info     ] Not time to refresh bundle dags-folder [airflow.dag_processing.manager.DagFileProcessorManager] loc=manager.py:843
dag-processor | 2026-07-26T20:26:45.227996Z [info     ] Not time to refresh bundle dags-folder [airflow.dag_processing.manager.DagFileProcessorManager] loc=manager.py:843
dag-processor | 2026-07-26T20:26:49.306477Z [info     ] Bulk-writing dags to db        [airflow.serialization.definitions.dag] count=1 loc=dag.py:210
dag-processor | 2026-07-26T20:26:49.310186Z [info     ] Getting latest run for non-partitioned Dag [airflow.dag_processing.collection] dag_id=Proyecto_FIFA_ETL loc=collection.py:200
dag-processor | 2026-07-26T20:26:49.311667Z [info     ] got latest run                 [airflow.dag_processing.collection] dag_id=Proyecto_FIFA_ETL loc=collection.py:203 logical_date='2026-07-26 00:00:00+00:00' partition_key=None
dag-processor | 2026-07-26T20:26:49.319153Z [info     ] get next_dagrun_info_v2        [airflow.serialization.definitions.dag] last_automated_run_info=DagRunInfo(run_after=DateTime(2026, 7, 26, 0, 0, 0, tzinfo=Timezone('UTC')), data_interval=DataInterval(start=DateTime(2026, 7, 26, 0, 0, 0, tzinfo=Timezone('UTC')), end=DateTime(2026, 7, 26, 0, 0, 0, tzinfo=Timezone('UTC'))), partition_date=None, partition_key=None) loc=dag.py:445 next_info=DagRunInfo(run_after=DateTime(2026, 7, 27, 0, 0, 0, tzinfo=Timezone('UTC')), data_interval=DataInterval(start=DateTime(2026, 7, 27, 0, 0, 0, tzinfo=Timezone('UTC')), end=DateTime(2026, 7, 27, 0, 0, 0, tzinfo=Timezone('UTC'))), partition_date=None, partition_key=None)
dag-processor | 2026-07-26T20:26:49.319488Z [info     ] setting next dagrun info       [airflow.models.dag] loc=dag.py:848 next_dagrun='2026-07-27 00:00:00+00:00' next_dagrun_create_after='2026-07-27 00:00:00+00:00' next_dagrun_data_interval_end='2026-07-27 00:00:00+00:00' next_dagrun_data_interval_start='2026-07-27 00:00:00+00:00' next_dagrun_partition_date=None next_dagrun_partition_key=None
dag-processor | 2026-07-26T20:26:50.310374Z [info     ] Not time to refresh bundle dags-folder [airflow.dag_processing.manager.DagFileProcessorManager] loc=manager.py:843
dag-processor | 2026-07-26T20:26:51.380584Z [info     ] Bulk-writing dags to db        [airflow.serialization.definitions.dag] count=1 loc=dag.py:210
dag-processor | 2026-07-26T20:26:51.384756Z [info     ] Getting latest run for non-partitioned Dag [airflow.dag_processing.collection] dag_id=Proyecto_FIFA_Sync_Raw_CSV loc=collection.py:200
dag-processor | 2026-07-26T20:26:51.386169Z [info     ] got latest run                 [airflow.dag_processing.collection] dag_id=Proyecto_FIFA_Sync_Raw_CSV loc=collection.py:203 logical_date='2026-07-26 20:00:00+00:00' partition_key=None
dag-processor | 2026-07-26T20:26:51.393607Z [info     ] get next_dagrun_info_v2        [airflow.serialization.definitions.dag] last_automated_run_info=DagRunInfo(run_after=DateTime(2026, 7, 26, 20, 0, 0, tzinfo=Timezone('UTC')), data_interval=DataInterval(start=DateTime(2026, 7, 26, 20, 0, 0, tzinfo=Timezone('UTC')), end=DateTime(2026, 7, 26, 20, 0, 0, tzinfo=Timezone('UTC'))), partition_date=None, partition_key=None) loc=dag.py:445 next_info=DagRunInfo(run_after=DateTime(2026, 7, 26, 21, 0, 0, tzinfo=Timezone('UTC')), data_interval=DataInterval(start=DateTime(2026, 7, 26, 21, 0, 0, tzinfo=Timezone('UTC')), end=DateTime(2026, 7, 26, 21, 0, 0, tzinfo=Timezone('UTC'))), partition_date=None, partition_key=None)
dag-processor | 2026-07-26T20:26:51.393829Z [info     ] setting next dagrun info       [airflow.models.dag] loc=dag.py:848 next_dagrun='2026-07-26 21:00:00+00:00' next_dagrun_create_after='2026-07-26 21:00:00+00:00' next_dagrun_data_interval_end='2026-07-26 21:00:00+00:00' next_dagrun_data_interval_start='2026-07-26 21:00:00+00:00' next_dagrun_partition_date=None next_dagrun_partition_key=None
dag-processor | 2026-07-26T20:26:55.402168Z [info     ] Not time to refresh bundle dags-folder [airflow.dag_processing.manager.DagFileProcessorManager] loc=manager.py:843
dag-processor | 2026-07-26T20:27:00.424944Z [info     ] Not time to refresh bundle dags-folder [airflow.dag_processing.manager.DagFileProcessorManager] loc=manager.py:843
dag-processor | 2026-07-26T20:27:05.482050Z [info     ] Not time to refresh bundle dags-folder [airflow.dag_processing.manager.DagFileProcessorManager] loc=manager.py:843
dag-processor | 2026-07-26T20:27:07.491300Z [info     ]
dag-processor | ================================================================================
dag-processor | DAG File Processing Stats
dag-processor | Bundle       File Path             PID    Current Duration      # DAGs    # Errors  Last Duration    Last Run At
dag-processor | -----------  --------------------  -----  ------------------  --------  ----------  ---------------  -------------------
dag-processor | dags-folder  fifa_sync_raw_dag.py                                    1           0  0.06s            2026-07-26T20:26:51
dag-processor | dags-folder  fifa_etl_dag.py                                         1           0  0.05s            2026-07-26T20:26:49
dag-processor | ================================================================================ [airflow.dag_processing.manager.DagFileProcessorManager] loc=manager.py:1123
dag-processor | 2026-07-26T20:27:10.508532Z [info     ] Not time to refresh bundle dags-folder [airflow.dag_processing.manager.DagFileProcessorManager] loc=manager.py:843
dag-processor | 2026-07-26T20:27:15.532354Z [info     ] Not time to refresh bundle dags-folder [airflow.dag_processing.manager.DagFileProcessorManager] loc=manager.py:843
dag-processor | 2026-07-26T20:27:19.608830Z [info     ] Bulk-writing dags to db        [airflow.serialization.definitions.dag] count=1 loc=dag.py:210
dag-processor | 2026-07-26T20:27:19.613217Z [info     ] Getting latest run for non-partitioned Dag [airflow.dag_processing.collection] dag_id=Proyecto_FIFA_ETL loc=collection.py:200
dag-processor | 2026-07-26T20:27:19.614950Z [info     ] got latest run                 [airflow.dag_processing.collection] dag_id=Proyecto_FIFA_ETL loc=collection.py:203 logical_date='2026-07-26 00:00:00+00:00' partition_key=None
dag-processor | 2026-07-26T20:27:19.622062Z [info     ] get next_dagrun_info_v2        [airflow.serialization.definitions.dag] last_automated_run_info=DagRunInfo(run_after=DateTime(2026, 7, 26, 0, 0, 0, tzinfo=Timezone('UTC')), data_interval=DataInterval(start=DateTime(2026, 7, 26, 0, 0, 0, tzinfo=Timezone('UTC')), end=DateTime(2026, 7, 26, 0, 0, 0, tzinfo=Timezone('UTC'))), partition_date=None, partition_key=None) loc=dag.py:445 next_info=DagRunInfo(run_after=DateTime(2026, 7, 27, 0, 0, 0, tzinfo=Timezone('UTC')), data_interval=DataInterval(start=DateTime(2026, 7, 27, 0, 0, 0, tzinfo=Timezone('UTC')), end=DateTime(2026, 7, 27, 0, 0, 0, tzinfo=Timezone('UTC'))), partition_date=None, partition_key=None)
dag-processor | 2026-07-26T20:27:19.622282Z [info     ] setting next dagrun info       [airflow.models.dag] loc=dag.py:848 next_dagrun='2026-07-27 00:00:00+00:00' next_dagrun_create_after='2026-07-27 00:00:00+00:00' next_dagrun_data_interval_end='2026-07-27 00:00:00+00:00' next_dagrun_data_interval_start='2026-07-27 00:00:00+00:00' next_dagrun_partition_date=None next_dagrun_partition_key=None
dag-processor | 2026-07-26T20:27:20.614213Z [info     ] Not time to refresh bundle dags-folder [airflow.dag_processing.manager.DagFileProcessorManager] loc=manager.py:843
dag-processor | 2026-07-26T20:27:21.708029Z [info     ] Bulk-writing dags to db        [airflow.serialization.definitions.dag] count=1 loc=dag.py:210
dag-processor | 2026-07-26T20:27:21.712013Z [info     ] Getting latest run for non-partitioned Dag [airflow.dag_processing.collection] dag_id=Proyecto_FIFA_Sync_Raw_CSV loc=collection.py:200
dag-processor | 2026-07-26T20:27:21.714893Z [info     ] got latest run                 [airflow.dag_processing.collection] dag_id=Proyecto_FIFA_Sync_Raw_CSV loc=collection.py:203 logical_date='2026-07-26 20:00:00+00:00' partition_key=None
dag-processor | 2026-07-26T20:27:21.722311Z [info     ] get next_dagrun_info_v2        [airflow.serialization.definitions.dag] last_automated_run_info=DagRunInfo(run_after=DateTime(2026, 7, 26, 20, 0, 0, tzinfo=Timezone('UTC')), data_interval=DataInterval(start=DateTime(2026, 7, 26, 20, 0, 0, tzinfo=Timezone('UTC')), end=DateTime(2026, 7, 26, 20, 0, 0, tzinfo=Timezone('UTC'))), partition_date=None, partition_key=None) loc=dag.py:445 next_info=DagRunInfo(run_after=DateTime(2026, 7, 26, 21, 0, 0, tzinfo=Timezone('UTC')), data_interval=DataInterval(start=DateTime(2026, 7, 26, 21, 0, 0, tzinfo=Timezone('UTC')), end=DateTime(2026, 7, 26, 21, 0, 0, tzinfo=Timezone('UTC'))), partition_date=None, partition_key=None)
dag-processor | 2026-07-26T20:27:21.722532Z [info     ] setting next dagrun info       [airflow.models.dag] loc=dag.py:848 next_dagrun='2026-07-26 21:00:00+00:00' next_dagrun_create_after='2026-07-26 21:00:00+00:00' next_dagrun_data_interval_end='2026-07-26 21:00:00+00:00' next_dagrun_data_interval_start='2026-07-26 21:00:00+00:00' next_dagrun_partition_date=None next_dagrun_partition_key=None
triggerer  | 2026-07-26T20:27:24.681016Z [info     ] 0 triggers currently running   [airflow.jobs.triggerer_job_runner] loc=triggerer_job_runner.py:1036
triggerer  | 2026-07-26T20:27:24.681113Z [info     ] 0 watchers currently running   [airflow.jobs.triggerer_job_runner] loc=triggerer_job_runner.py:1036
dag-processor | 2026-07-26T20:27:25.726979Z [info     ] Not time to refresh bundle dags-folder [airflow.dag_processing.manager.DagFileProcessorManager] loc=manager.py:843
dag-processor | 2026-07-26T20:27:30.755589Z [info     ] Not time to refresh bundle dags-folder [airflow.dag_processing.manager.DagFileProcessorManager] loc=manager.py:843
dag-processor | 2026-07-26T20:27:35.818670Z [info     ] Not time to refresh bundle dags-folder [airflow.dag_processing.manager.DagFileProcessorManager] loc=manager.py:843
dag-processor | 2026-07-26T20:27:37.824413Z [info     ]
dag-processor | ================================================================================
dag-processor | DAG File Processing Stats
dag-processor | Bundle       File Path             PID    Current Duration      # DAGs    # Errors  Last Duration    Last Run At
dag-processor | -----------  --------------------  -----  ------------------  --------  ----------  ---------------  -------------------
dag-processor | dags-folder  fifa_sync_raw_dag.py                                    1           0  0.06s            2026-07-26T20:27:21
dag-processor | dags-folder  fifa_etl_dag.py                                         1           0  0.05s            2026-07-26T20:27:19
dag-processor | ================================================================================ [airflow.dag_processing.manager.DagFileProcessorManager] loc=manager.py:1123
dag-processor | 2026-07-26T20:27:40.839324Z [info     ] Not time to refresh bundle dags-folder [airflow.dag_processing.manager.DagFileProcessorManager] loc=manager.py:843
dag-processor | 2026-07-26T20:27:45.863642Z [info     ] Not time to refresh bundle dags-folder [airflow.dag_processing.manager.DagFileProcessorManager] loc=manager.py:843
dag-processor | 2026-07-26T20:27:49.939131Z [info     ] Bulk-writing dags to db        [airflow.serialization.definitions.dag] count=1 loc=dag.py:210
dag-processor | 2026-07-26T20:27:49.942570Z [info     ] Getting latest run for non-partitioned Dag [airflow.dag_processing.collection] dag_id=Proyecto_FIFA_ETL loc=collection.py:200
dag-processor | 2026-07-26T20:27:49.944199Z [info     ] got latest run                 [airflow.dag_processing.collection] dag_id=Proyecto_FIFA_ETL loc=collection.py:203 logical_date='2026-07-26 00:00:00+00:00' partition_key=None
dag-processor | 2026-07-26T20:27:49.951569Z [info     ] get next_dagrun_info_v2        [airflow.serialization.definitions.dag] last_automated_run_info=DagRunInfo(run_after=DateTime(2026, 7, 26, 0, 0, 0, tzinfo=Timezone('UTC')), data_interval=DataInterval(start=DateTime(2026, 7, 26, 0, 0, 0, tzinfo=Timezone('UTC')), end=DateTime(2026, 7, 26, 0, 0, 0, tzinfo=Timezone('UTC'))), partition_date=None, partition_key=None) loc=dag.py:445 next_info=DagRunInfo(run_after=DateTime(2026, 7, 27, 0, 0, 0, tzinfo=Timezone('UTC')), data_interval=DataInterval(start=DateTime(2026, 7, 27, 0, 0, 0, tzinfo=Timezone('UTC')), end=DateTime(2026, 7, 27, 0, 0, 0, tzinfo=Timezone('UTC'))), partition_date=None, partition_key=None)
dag-processor | 2026-07-26T20:27:49.951818Z [info     ] setting next dagrun info       [airflow.models.dag] loc=dag.py:848 next_dagrun='2026-07-27 00:00:00+00:00' next_dagrun_create_after='2026-07-27 00:00:00+00:00' next_dagrun_data_interval_end='2026-07-27 00:00:00+00:00' next_dagrun_data_interval_start='2026-07-27 00:00:00+00:00' next_dagrun_partition_date=None next_dagrun_partition_key=None
dag-processor | 2026-07-26T20:27:50.944756Z [info     ] Not time to refresh bundle dags-folder [airflow.dag_processing.manager.DagFileProcessorManager] loc=manager.py:843
dag-processor | 2026-07-26T20:27:52.067359Z [info     ] Bulk-writing dags to db        [airflow.serialization.definitions.dag] count=1 loc=dag.py:210
dag-processor | 2026-07-26T20:27:52.072037Z [info     ] Getting latest run for non-partitioned Dag [airflow.dag_processing.collection] dag_id=Proyecto_FIFA_Sync_Raw_CSV loc=collection.py:200
dag-processor | 2026-07-26T20:27:52.073694Z [info     ] got latest run                 [airflow.dag_processing.collection] dag_id=Proyecto_FIFA_Sync_Raw_CSV loc=collection.py:203 logical_date='2026-07-26 20:00:00+00:00' partition_key=None
dag-processor | 2026-07-26T20:27:52.081633Z [info     ] get next_dagrun_info_v2        [airflow.serialization.definitions.dag] last_automated_run_info=DagRunInfo(run_after=DateTime(2026, 7, 26, 20, 0, 0, tzinfo=Timezone('UTC')), data_interval=DataInterval(start=DateTime(2026, 7, 26, 20, 0, 0, tzinfo=Timezone('UTC')), end=DateTime(2026, 7, 26, 20, 0, 0, tzinfo=Timezone('UTC'))), partition_date=None, partition_key=None) loc=dag.py:445 next_info=DagRunInfo(run_after=DateTime(2026, 7, 26, 21, 0, 0, tzinfo=Timezone('UTC')), data_interval=DataInterval(start=DateTime(2026, 7, 26, 21, 0, 0, tzinfo=Timezone('UTC')), end=DateTime(2026, 7, 26, 21, 0, 0, tzinfo=Timezone('UTC'))), partition_date=None, partition_key=None)
dag-processor | 2026-07-26T20:27:52.081878Z [info     ] setting next dagrun info       [airflow.models.dag] loc=dag.py:848 next_dagrun='2026-07-26 21:00:00+00:00' next_dagrun_create_after='2026-07-26 21:00:00+00:00' next_dagrun_data_interval_end='2026-07-26 21:00:00+00:00' next_dagrun_data_interval_start='2026-07-26 21:00:00+00:00' next_dagrun_partition_date=None next_dagrun_partition_key=None
dag-processor | 2026-07-26T20:27:56.085229Z [info     ] Not time to refresh bundle dags-folder [airflow.dag_processing.manager.DagFileProcessorManager] loc=manager.py:843
dag-processor | 2026-07-26T20:28:01.114961Z [info     ] Not time to refresh bundle dags-folder [airflow.dag_processing.manager.DagFileProcessorManager] loc=manager.py:843
dag-processor | 2026-07-26T20:28:06.140883Z [info     ] Not time to refresh bundle dags-folder [airflow.dag_processing.manager.DagFileProcessorManager] loc=manager.py:843
dag-processor | 2026-07-26T20:28:08.150662Z [info     ]
dag-processor | ================================================================================
dag-processor | DAG File Processing Stats
dag-processor | Bundle       File Path             PID    Current Duration      # DAGs    # Errors  Last Duration    Last Run At
dag-processor | -----------  --------------------  -----  ------------------  --------  ----------  ---------------  -------------------
dag-processor | dags-folder  fifa_sync_raw_dag.py                                    1           0  0.07s            2026-07-26T20:27:52
dag-processor | dags-folder  fifa_etl_dag.py                                         1           0  0.05s            2026-07-26T20:27:49
dag-processor | ================================================================================ [airflow.dag_processing.manager.DagFileProcessorManager] loc=manager.py:1123
dag-processor | 2026-07-26T20:28:11.164863Z [info     ] Not time to refresh bundle dags-folder [airflow.dag_processing.manager.DagFileProcessorManager] loc=manager.py:843
dag-processor | 2026-07-26T20:28:16.188949Z [info     ] Not time to refresh bundle dags-folder [airflow.dag_processing.manager.DagFileProcessorManager] loc=manager.py:843
dag-processor | 2026-07-26T20:28:20.268335Z [info     ] Bulk-writing dags to db        [airflow.serialization.definitions.dag] count=1 loc=dag.py:210
dag-processor | 2026-07-26T20:28:20.273036Z [info     ] Getting latest run for non-partitioned Dag [airflow.dag_processing.collection] dag_id=Proyecto_FIFA_ETL loc=collection.py:200
dag-processor | 2026-07-26T20:28:20.275104Z [info     ] got latest run                 [airflow.dag_processing.collection] dag_id=Proyecto_FIFA_ETL loc=collection.py:203 logical_date='2026-07-26 00:00:00+00:00' partition_key=None
dag-processor | 2026-07-26T20:28:20.284486Z [info     ] get next_dagrun_info_v2        [airflow.serialization.definitions.dag] last_automated_run_info=DagRunInfo(run_after=DateTime(2026, 7, 26, 0, 0, 0, tzinfo=Timezone('UTC')), data_interval=DataInterval(start=DateTime(2026, 7, 26, 0, 0, 0, tzinfo=Timezone('UTC')), end=DateTime(2026, 7, 26, 0, 0, 0, tzinfo=Timezone('UTC'))), partition_date=None, partition_key=None) loc=dag.py:445 next_info=DagRunInfo(run_after=DateTime(2026, 7, 27, 0, 0, 0, tzinfo=Timezone('UTC')), data_interval=DataInterval(start=DateTime(2026, 7, 27, 0, 0, 0, tzinfo=Timezone('UTC')), end=DateTime(2026, 7, 27, 0, 0, 0, tzinfo=Timezone('UTC'))), partition_date=None, partition_key=None)
dag-processor | 2026-07-26T20:28:20.284902Z [info     ] setting next dagrun info       [airflow.models.dag] loc=dag.py:848 next_dagrun='2026-07-27 00:00:00+00:00' next_dagrun_create_after='2026-07-27 00:00:00+00:00' next_dagrun_data_interval_end='2026-07-27 00:00:00+00:00' next_dagrun_data_interval_start='2026-07-27 00:00:00+00:00' next_dagrun_partition_date=None next_dagrun_partition_key=None
dag-processor | 2026-07-26T20:28:21.272163Z [info     ] Not time to refresh bundle dags-folder [airflow.dag_processing.manager.DagFileProcessorManager] loc=manager.py:843
dag-processor | 2026-07-26T20:28:22.338302Z [info     ] Bulk-writing dags to db        [airflow.serialization.definitions.dag] count=1 loc=dag.py:210
dag-processor | 2026-07-26T20:28:22.342563Z [info     ] Getting latest run for non-partitioned Dag [airflow.dag_processing.collection] dag_id=Proyecto_FIFA_Sync_Raw_CSV loc=collection.py:200
dag-processor | 2026-07-26T20:28:22.344197Z [info     ] got latest run                 [airflow.dag_processing.collection] dag_id=Proyecto_FIFA_Sync_Raw_CSV loc=collection.py:203 logical_date='2026-07-26 20:00:00+00:00' partition_key=None
dag-processor | 2026-07-26T20:28:22.351557Z [info     ] get next_dagrun_info_v2        [airflow.serialization.definitions.dag] last_automated_run_info=DagRunInfo(run_after=DateTime(2026, 7, 26, 20, 0, 0, tzinfo=Timezone('UTC')), data_interval=DataInterval(start=DateTime(2026, 7, 26, 20, 0, 0, tzinfo=Timezone('UTC')), end=DateTime(2026, 7, 26, 20, 0, 0, tzinfo=Timezone('UTC'))), partition_date=None, partition_key=None) loc=dag.py:445 next_info=DagRunInfo(run_after=DateTime(2026, 7, 26, 21, 0, 0, tzinfo=Timezone('UTC')), data_interval=DataInterval(start=DateTime(2026, 7, 26, 21, 0, 0, tzinfo=Timezone('UTC')), end=DateTime(2026, 7, 26, 21, 0, 0, tzinfo=Timezone('UTC'))), partition_date=None, partition_key=None)
dag-processor | 2026-07-26T20:28:22.351832Z [info     ] setting next dagrun info       [airflow.models.dag] loc=dag.py:848 next_dagrun='2026-07-26 21:00:00+00:00' next_dagrun_create_after='2026-07-26 21:00:00+00:00' next_dagrun_data_interval_end='2026-07-26 21:00:00+00:00' next_dagrun_data_interval_start='2026-07-26 21:00:00+00:00' next_dagrun_partition_date=None next_dagrun_partition_key=None
triggerer  | 2026-07-26T20:28:24.877108Z [info     ] 0 triggers currently running   [airflow.jobs.triggerer_job_runner] loc=triggerer_job_runner.py:1036
triggerer  | 2026-07-26T20:28:24.877225Z [info     ] 0 watchers currently running   [airflow.jobs.triggerer_job_runner] loc=triggerer_job_runner.py:1036
dag-processor | 2026-07-26T20:28:26.355760Z [info     ] Not time to refresh bundle dags-folder [airflow.dag_processing.manager.DagFileProcessorManager] loc=manager.py:843
dag-processor | 2026-07-26T20:28:31.377579Z [info     ] Not time to refresh bundle dags-folder [airflow.dag_processing.manager.DagFileProcessorManager] loc=manager.py:843
dag-processor | 2026-07-26T20:28:36.402633Z [info     ] Not time to refresh bundle dags-folder [airflow.dag_processing.manager.DagFileProcessorManager] loc=manager.py:843
dag-processor | 2026-07-26T20:28:38.410105Z [info     ]
dag-processor | ================================================================================
dag-processor | DAG File Processing Stats
dag-processor | Bundle       File Path             PID    Current Duration      # DAGs    # Errors  Last Duration    Last Run At
dag-processor | -----------  --------------------  -----  ------------------  --------  ----------  ---------------  -------------------
dag-processor | dags-folder  fifa_etl_dag.py                                         1           0  0.06s            2026-07-26T20:28:20
dag-processor | dags-folder  fifa_sync_raw_dag.py                                    1           0  0.05s            2026-07-26T20:28:22
dag-processor | ================================================================================ [airflow.dag_processing.manager.DagFileProcessorManager] loc=manager.py:1123
dag-processor | 2026-07-26T20:28:41.425272Z [info     ] Not time to refresh bundle dags-folder [airflow.dag_processing.manager.DagFileProcessorManager] loc=manager.py:843
dag-processor | 2026-07-26T20:28:46.446578Z [info     ] Not time to refresh bundle dags-folder [airflow.dag_processing.manager.DagFileProcessorManager] loc=manager.py:843
dag-processor | 2026-07-26T20:28:50.522193Z [info     ] Bulk-writing dags to db        [airflow.serialization.definitions.dag] count=1 loc=dag.py:210
dag-processor | 2026-07-26T20:28:50.525958Z [info     ] Getting latest run for non-partitioned Dag [airflow.dag_processing.collection] dag_id=Proyecto_FIFA_ETL loc=collection.py:200
dag-processor | 2026-07-26T20:28:50.527513Z [info     ] got latest run                 [airflow.dag_processing.collection] dag_id=Proyecto_FIFA_ETL loc=collection.py:203 logical_date='2026-07-26 00:00:00+00:00' partition_key=None
dag-processor | 2026-07-26T20:28:50.534675Z [info     ] get next_dagrun_info_v2        [airflow.serialization.definitions.dag] last_automated_run_info=DagRunInfo(run_after=DateTime(2026, 7, 26, 0, 0, 0, tzinfo=Timezone('UTC')), data_interval=DataInterval(start=DateTime(2026, 7, 26, 0, 0, 0, tzinfo=Timezone('UTC')), end=DateTime(2026, 7, 26, 0, 0, 0, tzinfo=Timezone('UTC'))), partition_date=None, partition_key=None) loc=dag.py:445 next_info=DagRunInfo(run_after=DateTime(2026, 7, 27, 0, 0, 0, tzinfo=Timezone('UTC')), data_interval=DataInterval(start=DateTime(2026, 7, 27, 0, 0, 0, tzinfo=Timezone('UTC')), end=DateTime(2026, 7, 27, 0, 0, 0, tzinfo=Timezone('UTC'))), partition_date=None, partition_key=None)
dag-processor | 2026-07-26T20:28:50.534904Z [info     ] setting next dagrun info       [airflow.models.dag] loc=dag.py:848 next_dagrun='2026-07-27 00:00:00+00:00' next_dagrun_create_after='2026-07-27 00:00:00+00:00' next_dagrun_data_interval_end='2026-07-27 00:00:00+00:00' next_dagrun_data_interval_start='2026-07-27 00:00:00+00:00' next_dagrun_partition_date=None next_dagrun_partition_key=None
dag-processor | 2026-07-26T20:28:51.526250Z [info     ] Not time to refresh bundle dags-folder [airflow.dag_processing.manager.DagFileProcessorManager] loc=manager.py:843
dag-processor | 2026-07-26T20:28:52.618016Z [info     ] Bulk-writing dags to db        [airflow.serialization.definitions.dag] count=1 loc=dag.py:210
dag-processor | 2026-07-26T20:28:52.621900Z [info     ] Getting latest run for non-partitioned Dag [airflow.dag_processing.collection] dag_id=Proyecto_FIFA_Sync_Raw_CSV loc=collection.py:200
dag-processor | 2026-07-26T20:28:52.623408Z [info     ] got latest run                 [airflow.dag_processing.collection] dag_id=Proyecto_FIFA_Sync_Raw_CSV loc=collection.py:203 logical_date='2026-07-26 20:00:00+00:00' partition_key=None
dag-processor | 2026-07-26T20:28:52.630545Z [info     ] get next_dagrun_info_v2        [airflow.serialization.definitions.dag] last_automated_run_info=DagRunInfo(run_after=DateTime(2026, 7, 26, 20, 0, 0, tzinfo=Timezone('UTC')), data_interval=DataInterval(start=DateTime(2026, 7, 26, 20, 0, 0, tzinfo=Timezone('UTC')), end=DateTime(2026, 7, 26, 20, 0, 0, tzinfo=Timezone('UTC'))), partition_date=None, partition_key=None) loc=dag.py:445 next_info=DagRunInfo(run_after=DateTime(2026, 7, 26, 21, 0, 0, tzinfo=Timezone('UTC')), data_interval=DataInterval(start=DateTime(2026, 7, 26, 21, 0, 0, tzinfo=Timezone('UTC')), end=DateTime(2026, 7, 26, 21, 0, 0, tzinfo=Timezone('UTC'))), partition_date=None, partition_key=None)
dag-processor | 2026-07-26T20:28:52.630789Z [info     ] setting next dagrun info       [airflow.models.dag] loc=dag.py:848 next_dagrun='2026-07-26 21:00:00+00:00' next_dagrun_create_after='2026-07-26 21:00:00+00:00' next_dagrun_data_interval_end='2026-07-26 21:00:00+00:00' next_dagrun_data_interval_start='2026-07-26 21:00:00+00:00' next_dagrun_partition_date=None next_dagrun_partition_key=None
dag-processor | 2026-07-26T20:28:56.636381Z [info     ] Not time to refresh bundle dags-folder [airflow.dag_processing.manager.DagFileProcessorManager] loc=manager.py:843
dag-processor | 2026-07-26T20:29:01.661380Z [info     ] Not time to refresh bundle dags-folder [airflow.dag_processing.manager.DagFileProcessorManager] loc=manager.py:843
dag-processor | 2026-07-26T20:29:06.682923Z [info     ] Not time to refresh bundle dags-folder [airflow.dag_processing.manager.DagFileProcessorManager] loc=manager.py:843
dag-processor | 2026-07-26T20:29:08.694121Z [info     ]
dag-processor | ================================================================================
dag-processor | DAG File Processing Stats
dag-processor | Bundle       File Path             PID    Current Duration      # DAGs    # Errors  Last Duration    Last Run At
dag-processor | -----------  --------------------  -----  ------------------  --------  ----------  ---------------  -------------------
dag-processor | dags-folder  fifa_sync_raw_dag.py                                    1           0  0.05s            2026-07-26T20:28:52
dag-processor | dags-folder  fifa_etl_dag.py                                         1           0  0.05s            2026-07-26T20:28:50
dag-processor | ================================================================================ [airflow.dag_processing.manager.DagFileProcessorManager] loc=manager.py:1123
dag-processor | 2026-07-26T20:29:11.709795Z [info     ] Not time to refresh bundle dags-folder [airflow.dag_processing.manager.DagFileProcessorManager] loc=manager.py:843
dag-processor | 2026-07-26T20:29:16.733248Z [info     ] Not time to refresh bundle dags-folder [airflow.dag_processing.manager.DagFileProcessorManager] loc=manager.py:843
dag-processor | 2026-07-26T20:29:20.810455Z [info     ] Bulk-writing dags to db        [airflow.serialization.definitions.dag] count=1 loc=dag.py:210
dag-processor | 2026-07-26T20:29:20.813953Z [info     ] Getting latest run for non-partitioned Dag [airflow.dag_processing.collection] dag_id=Proyecto_FIFA_ETL loc=collection.py:200
dag-processor | 2026-07-26T20:29:20.815465Z [info     ] got latest run                 [airflow.dag_processing.collection] dag_id=Proyecto_FIFA_ETL loc=collection.py:203 logical_date='2026-07-26 00:00:00+00:00' partition_key=None
dag-processor | 2026-07-26T20:29:20.822587Z [info     ] get next_dagrun_info_v2        [airflow.serialization.definitions.dag] last_automated_run_info=DagRunInfo(run_after=DateTime(2026, 7, 26, 0, 0, 0, tzinfo=Timezone('UTC')), data_interval=DataInterval(start=DateTime(2026, 7, 26, 0, 0, 0, tzinfo=Timezone('UTC')), end=DateTime(2026, 7, 26, 0, 0, 0, tzinfo=Timezone('UTC'))), partition_date=None, partition_key=None) loc=dag.py:445 next_info=DagRunInfo(run_after=DateTime(2026, 7, 27, 0, 0, 0, tzinfo=Timezone('UTC')), data_interval=DataInterval(start=DateTime(2026, 7, 27, 0, 0, 0, tzinfo=Timezone('UTC')), end=DateTime(2026, 7, 27, 0, 0, 0, tzinfo=Timezone('UTC'))), partition_date=None, partition_key=None)
dag-processor | 2026-07-26T20:29:20.822953Z [info     ] setting next dagrun info       [airflow.models.dag] loc=dag.py:848 next_dagrun='2026-07-27 00:00:00+00:00' next_dagrun_create_after='2026-07-27 00:00:00+00:00' next_dagrun_data_interval_end='2026-07-27 00:00:00+00:00' next_dagrun_data_interval_start='2026-07-27 00:00:00+00:00' next_dagrun_partition_date=None next_dagrun_partition_key=None
dag-processor | 2026-07-26T20:29:21.816400Z [info     ] Not time to refresh bundle dags-folder [airflow.dag_processing.manager.DagFileProcessorManager] loc=manager.py:843
dag-processor | 2026-07-26T20:29:22.899946Z [info     ] Bulk-writing dags to db        [airflow.serialization.definitions.dag] count=1 loc=dag.py:210
dag-processor | 2026-07-26T20:29:22.903447Z [info     ] Getting latest run for non-partitioned Dag [airflow.dag_processing.collection] dag_id=Proyecto_FIFA_Sync_Raw_CSV loc=collection.py:200
dag-processor | 2026-07-26T20:29:22.904834Z [info     ] got latest run                 [airflow.dag_processing.collection] dag_id=Proyecto_FIFA_Sync_Raw_CSV loc=collection.py:203 logical_date='2026-07-26 20:00:00+00:00' partition_key=None
dag-processor | 2026-07-26T20:29:22.912724Z [info     ] get next_dagrun_info_v2        [airflow.serialization.definitions.dag] last_automated_run_info=DagRunInfo(run_after=DateTime(2026, 7, 26, 20, 0, 0, tzinfo=Timezone('UTC')), data_interval=DataInterval(start=DateTime(2026, 7, 26, 20, 0, 0, tzinfo=Timezone('UTC')), end=DateTime(2026, 7, 26, 20, 0, 0, tzinfo=Timezone('UTC'))), partition_date=None, partition_key=None) loc=dag.py:445 next_info=DagRunInfo(run_after=DateTime(2026, 7, 26, 21, 0, 0, tzinfo=Timezone('UTC')), data_interval=DataInterval(start=DateTime(2026, 7, 26, 21, 0, 0, tzinfo=Timezone('UTC')), end=DateTime(2026, 7, 26, 21, 0, 0, tzinfo=Timezone('UTC'))), partition_date=None, partition_key=None)
dag-processor | 2026-07-26T20:29:22.912989Z [info     ] setting next dagrun info       [airflow.models.dag] loc=dag.py:848 next_dagrun='2026-07-26 21:00:00+00:00' next_dagrun_create_after='2026-07-26 21:00:00+00:00' next_dagrun_data_interval_end='2026-07-26 21:00:00+00:00' next_dagrun_data_interval_start='2026-07-26 21:00:00+00:00' next_dagrun_partition_date=None next_dagrun_partition_key=None
triggerer  | 2026-07-26T20:29:25.073957Z [info     ] 0 triggers currently running   [airflow.jobs.triggerer_job_runner] loc=triggerer_job_runner.py:1036
triggerer  | 2026-07-26T20:29:25.074067Z [info     ] 0 watchers currently running   [airflow.jobs.triggerer_job_runner] loc=triggerer_job_runner.py:1036
dag-processor | 2026-07-26T20:29:26.916765Z [info     ] Not time to refresh bundle dags-folder [airflow.dag_processing.manager.DagFileProcessorManager] loc=manager.py:843
dag-processor | 2026-07-26T20:29:31.941206Z [info     ] Not time to refresh bundle dags-folder [airflow.dag_processing.manager.DagFileProcessorManager] loc=manager.py:843
dag-processor | 2026-07-26T20:29:37.024521Z [info     ] Not time to refresh bundle dags-folder [airflow.dag_processing.manager.DagFileProcessorManager] loc=manager.py:843
dag-processor | 2026-07-26T20:29:39.030821Z [info     ]
dag-processor | ================================================================================
dag-processor | DAG File Processing Stats
dag-processor | Bundle       File Path             PID    Current Duration      # DAGs    # Errors  Last Duration    Last Run At
dag-processor | -----------  --------------------  -----  ------------------  --------  ----------  ---------------  -------------------
dag-processor | dags-folder  fifa_etl_dag.py                                         1           0  0.06s            2026-07-26T20:29:20
dag-processor | dags-folder  fifa_sync_raw_dag.py                                    1           0  0.06s            2026-07-26T20:29:22
dag-processor | ================================================================================ [airflow.dag_processing.manager.DagFileProcessorManager] loc=manager.py:1123
dag-processor | 2026-07-26T20:29:42.046148Z [info     ] Not time to refresh bundle dags-folder [airflow.dag_processing.manager.DagFileProcessorManager] loc=manager.py:843
dag-processor | 2026-07-26T20:29:47.249791Z [info     ] Not time to refresh bundle dags-folder [airflow.dag_processing.manager.DagFileProcessorManager] loc=manager.py:843
dag-processor | 2026-07-26T20:29:51.333348Z [info     ] Bulk-writing dags to db        [airflow.serialization.definitions.dag] count=1 loc=dag.py:210
dag-processor | 2026-07-26T20:29:51.338979Z [info     ] Getting latest run for non-partitioned Dag [airflow.dag_processing.collection] dag_id=Proyecto_FIFA_ETL loc=collection.py:200
dag-processor | 2026-07-26T20:29:51.341816Z [info     ] got latest run                 [airflow.dag_processing.collection] dag_id=Proyecto_FIFA_ETL loc=collection.py:203 logical_date='2026-07-26 00:00:00+00:00' partition_key=None
dag-processor | 2026-07-26T20:29:51.352339Z [info     ] get next_dagrun_info_v2        [airflow.serialization.definitions.dag] last_automated_run_info=DagRunInfo(run_after=DateTime(2026, 7, 26, 0, 0, 0, tzinfo=Timezone('UTC')), data_interval=DataInterval(start=DateTime(2026, 7, 26, 0, 0, 0, tzinfo=Timezone('UTC')), end=DateTime(2026, 7, 26, 0, 0, 0, tzinfo=Timezone('UTC'))), partition_date=None, partition_key=None) loc=dag.py:445 next_info=DagRunInfo(run_after=DateTime(2026, 7, 27, 0, 0, 0, tzinfo=Timezone('UTC')), data_interval=DataInterval(start=DateTime(2026, 7, 27, 0, 0, 0, tzinfo=Timezone('UTC')), end=DateTime(2026, 7, 27, 0, 0, 0, tzinfo=Timezone('UTC'))), partition_date=None, partition_key=None)
dag-processor | 2026-07-26T20:29:51.352781Z [info     ] setting next dagrun info       [airflow.models.dag] loc=dag.py:848 next_dagrun='2026-07-27 00:00:00+00:00' next_dagrun_create_after='2026-07-27 00:00:00+00:00' next_dagrun_data_interval_end='2026-07-27 00:00:00+00:00' next_dagrun_data_interval_start='2026-07-27 00:00:00+00:00' next_dagrun_partition_date=None next_dagrun_partition_key=None
dag-processor | 2026-07-26T20:29:52.338166Z [info     ] Not time to refresh bundle dags-folder [airflow.dag_processing.manager.DagFileProcessorManager] loc=manager.py:843
dag-processor | 2026-07-26T20:29:53.427533Z [info     ] Bulk-writing dags to db        [airflow.serialization.definitions.dag] count=1 loc=dag.py:210
dag-processor | 2026-07-26T20:29:53.431043Z [info     ] Getting latest run for non-partitioned Dag [airflow.dag_processing.collection] dag_id=Proyecto_FIFA_Sync_Raw_CSV loc=collection.py:200
dag-processor | 2026-07-26T20:29:53.432674Z [info     ] got latest run                 [airflow.dag_processing.collection] dag_id=Proyecto_FIFA_Sync_Raw_CSV loc=collection.py:203 logical_date='2026-07-26 20:00:00+00:00' partition_key=None
dag-processor | 2026-07-26T20:29:53.440501Z [info     ] get next_dagrun_info_v2        [airflow.serialization.definitions.dag] last_automated_run_info=DagRunInfo(run_after=DateTime(2026, 7, 26, 20, 0, 0, tzinfo=Timezone('UTC')), data_interval=DataInterval(start=DateTime(2026, 7, 26, 20, 0, 0, tzinfo=Timezone('UTC')), end=DateTime(2026, 7, 26, 20, 0, 0, tzinfo=Timezone('UTC'))), partition_date=None, partition_key=None) loc=dag.py:445 next_info=DagRunInfo(run_after=DateTime(2026, 7, 26, 21, 0, 0, tzinfo=Timezone('UTC')), data_interval=DataInterval(start=DateTime(2026, 7, 26, 21, 0, 0, tzinfo=Timezone('UTC')), end=DateTime(2026, 7, 26, 21, 0, 0, tzinfo=Timezone('UTC'))), partition_date=None, partition_key=None)
dag-processor | 2026-07-26T20:29:53.440730Z [info     ] setting next dagrun info       [airflow.models.dag] loc=dag.py:848 next_dagrun='2026-07-26 21:00:00+00:00' next_dagrun_create_after='2026-07-26 21:00:00+00:00' next_dagrun_data_interval_end='2026-07-26 21:00:00+00:00' next_dagrun_data_interval_start='2026-07-26 21:00:00+00:00' next_dagrun_partition_date=None next_dagrun_partition_key=None
dag-processor | 2026-07-26T20:29:57.444820Z [info     ] Not time to refresh bundle dags-folder [airflow.dag_processing.manager.DagFileProcessorManager] loc=manager.py:843
dag-processor | 2026-07-26T20:30:02.470868Z [info     ] Not time to refresh bundle dags-folder [airflow.dag_processing.manager.DagFileProcessorManager] loc=manager.py:843
dag-processor | 2026-07-26T20:30:07.495107Z [info     ] Not time to refresh bundle dags-folder [airflow.dag_processing.manager.DagFileProcessorManager] loc=manager.py:843
dag-processor | 2026-07-26T20:30:09.504444Z [info     ]
dag-processor | ================================================================================
dag-processor | DAG File Processing Stats
dag-processor | Bundle       File Path             PID    Current Duration      # DAGs    # Errors  Last Duration    Last Run At
dag-processor | -----------  --------------------  -----  ------------------  --------  ----------  ---------------  -------------------
dag-processor | dags-folder  fifa_etl_dag.py                                         1           0  0.06s            2026-07-26T20:29:51
dag-processor | dags-folder  fifa_sync_raw_dag.py                                    1           0  0.06s            2026-07-26T20:29:53
dag-processor | ================================================================================ [airflow.dag_processing.manager.DagFileProcessorManager] loc=manager.py:1123
dag-processor | 2026-07-26T20:30:12.522750Z [info     ] Not time to refresh bundle dags-folder [airflow.dag_processing.manager.DagFileProcessorManager] loc=manager.py:843
scheduler  | 2026-07-26T20:30:16.900256Z [info     ] checking for stale bundle versions locally [airflow.dag_processing.bundles.base] loc=base.py:223
scheduler  | 2026-07-26T20:30:17.086569Z [info     ] DAG bundles loaded: dags-folder [airflow.dag_processing.bundles.manager.DagBundlesManager] loc=manager.py:271
scheduler  | 2026-07-26T20:30:17.087403Z [info     ] Adopting or resetting orphaned tasks for active dag runs [airflow.jobs.scheduler_job_runner.SchedulerJobRunner] loc=scheduler_job_runner.py:3244
dag-processor | 2026-07-26T20:30:17.579011Z [info     ] Not time to refresh bundle dags-folder [airflow.dag_processing.manager.DagFileProcessorManager] loc=manager.py:843
dag-processor | 2026-07-26T20:30:21.661968Z [info     ] Bulk-writing dags to db        [airflow.serialization.definitions.dag] count=1 loc=dag.py:210
dag-processor | 2026-07-26T20:30:21.666729Z [info     ] Getting latest run for non-partitioned Dag [airflow.dag_processing.collection] dag_id=Proyecto_FIFA_ETL loc=collection.py:200
dag-processor | 2026-07-26T20:30:21.668354Z [info     ] got latest run                 [airflow.dag_processing.collection] dag_id=Proyecto_FIFA_ETL loc=collection.py:203 logical_date='2026-07-26 00:00:00+00:00' partition_key=None
dag-processor | 2026-07-26T20:30:21.675723Z [info     ] get next_dagrun_info_v2        [airflow.serialization.definitions.dag] last_automated_run_info=DagRunInfo(run_after=DateTime(2026, 7, 26, 0, 0, 0, tzinfo=Timezone('UTC')), data_interval=DataInterval(start=DateTime(2026, 7, 26, 0, 0, 0, tzinfo=Timezone('UTC')), end=DateTime(2026, 7, 26, 0, 0, 0, tzinfo=Timezone('UTC'))), partition_date=None, partition_key=None) loc=dag.py:445 next_info=DagRunInfo(run_after=DateTime(2026, 7, 27, 0, 0, 0, tzinfo=Timezone('UTC')), data_interval=DataInterval(start=DateTime(2026, 7, 27, 0, 0, 0, tzinfo=Timezone('UTC')), end=DateTime(2026, 7, 27, 0, 0, 0, tzinfo=Timezone('UTC'))), partition_date=None, partition_key=None)
dag-processor | 2026-07-26T20:30:21.676036Z [info     ] setting next dagrun info       [airflow.models.dag] loc=dag.py:848 next_dagrun='2026-07-27 00:00:00+00:00' next_dagrun_create_after='2026-07-27 00:00:00+00:00' next_dagrun_data_interval_end='2026-07-27 00:00:00+00:00' next_dagrun_data_interval_start='2026-07-27 00:00:00+00:00' next_dagrun_partition_date=None next_dagrun_partition_key=None
dag-processor | 2026-07-26T20:30:22.665461Z [info     ] Not time to refresh bundle dags-folder [airflow.dag_processing.manager.DagFileProcessorManager] loc=manager.py:843
dag-processor | 2026-07-26T20:30:23.777056Z [info     ] Bulk-writing dags to db        [airflow.serialization.definitions.dag] count=1 loc=dag.py:210
dag-processor | 2026-07-26T20:30:23.780671Z [info     ] Getting latest run for non-partitioned Dag [airflow.dag_processing.collection] dag_id=Proyecto_FIFA_Sync_Raw_CSV loc=collection.py:200
dag-processor | 2026-07-26T20:30:23.782169Z [info     ] got latest run                 [airflow.dag_processing.collection] dag_id=Proyecto_FIFA_Sync_Raw_CSV loc=collection.py:203 logical_date='2026-07-26 20:00:00+00:00' partition_key=None
dag-processor | 2026-07-26T20:30:23.790229Z [info     ] get next_dagrun_info_v2        [airflow.serialization.definitions.dag] last_automated_run_info=DagRunInfo(run_after=DateTime(2026, 7, 26, 20, 0, 0, tzinfo=Timezone('UTC')), data_interval=DataInterval(start=DateTime(2026, 7, 26, 20, 0, 0, tzinfo=Timezone('UTC')), end=DateTime(2026, 7, 26, 20, 0, 0, tzinfo=Timezone('UTC'))), partition_date=None, partition_key=None) loc=dag.py:445 next_info=DagRunInfo(run_after=DateTime(2026, 7, 26, 21, 0, 0, tzinfo=Timezone('UTC')), data_interval=DataInterval(start=DateTime(2026, 7, 26, 21, 0, 0, tzinfo=Timezone('UTC')), end=DateTime(2026, 7, 26, 21, 0, 0, tzinfo=Timezone('UTC'))), partition_date=None, partition_key=None)
dag-processor | 2026-07-26T20:30:23.790503Z [info     ] setting next dagrun info       [airflow.models.dag] loc=dag.py:848 next_dagrun='2026-07-26 21:00:00+00:00' next_dagrun_create_after='2026-07-26 21:00:00+00:00' next_dagrun_data_interval_end='2026-07-26 21:00:00+00:00' next_dagrun_data_interval_start='2026-07-26 21:00:00+00:00' next_dagrun_partition_date=None next_dagrun_partition_key=None
triggerer  | 2026-07-26T20:30:25.263543Z [info     ] 0 triggers currently running   [airflow.jobs.triggerer_job_runner] loc=triggerer_job_runner.py:1036
triggerer  | 2026-07-26T20:30:25.263648Z [info     ] 0 watchers currently running   [airflow.jobs.triggerer_job_runner] loc=triggerer_job_runner.py:1036
dag-processor | 2026-07-26T20:30:27.796616Z [info     ] Not time to refresh bundle dags-folder [airflow.dag_processing.manager.DagFileProcessorManager] loc=manager.py:843
dag-processor | 2026-07-26T20:30:32.822676Z [info     ] Refreshing bundle dags-folder  [airflow.dag_processing.manager.DagFileProcessorManager] loc=manager.py:846
dag-processor | 2026-07-26T20:30:32.844003Z [info     ] Searching for files in dags-folder at /home/sebastian2/airflow/dags [airflow.dag_processing.manager.DagFileProcessorManager] loc=manager.py:914
dag-processor | 2026-07-26T20:30:32.845465Z [info     ] Found 2 files for bundle dags-folder [airflow.dag_processing.manager.DagFileProcessorManager] loc=manager.py:916
dag-processor | 2026-07-26T20:30:37.845657Z [info     ] Not time to refresh bundle dags-folder [airflow.dag_processing.manager.DagFileProcessorManager] loc=manager.py:843
dag-processor | 2026-07-26T20:30:39.853930Z [info     ]
dag-processor | ================================================================================
dag-processor | DAG File Processing Stats
dag-processor | Bundle       File Path             PID    Current Duration      # DAGs    # Errors  Last Duration    Last Run At
dag-processor | -----------  --------------------  -----  ------------------  --------  ----------  ---------------  -------------------
dag-processor | dags-folder  fifa_sync_raw_dag.py                                    1           0  0.06s            2026-07-26T20:30:23
dag-processor | dags-folder  fifa_etl_dag.py                                         1           0  0.06s            2026-07-26T20:30:21
dag-processor | ================================================================================ [airflow.dag_processing.manager.DagFileProcessorManager] loc=manager.py:1123
dag-processor | 2026-07-26T20:30:42.868324Z [info     ] Not time to refresh bundle dags-folder [airflow.dag_processing.manager.DagFileProcessorManager] loc=manager.py:843
dag-processor | 2026-07-26T20:30:47.893296Z [info     ] Not time to refresh bundle dags-folder [airflow.dag_processing.manager.DagFileProcessorManager] loc=manager.py:843
dag-processor | 2026-07-26T20:30:51.977849Z [info     ] Bulk-writing dags to db        [airflow.serialization.definitions.dag] count=1 loc=dag.py:210
dag-processor | 2026-07-26T20:30:51.981305Z [info     ] Getting latest run for non-partitioned Dag [airflow.dag_processing.collection] dag_id=Proyecto_FIFA_ETL loc=collection.py:200
dag-processor | 2026-07-26T20:30:51.982751Z [info     ] got latest run                 [airflow.dag_processing.collection] dag_id=Proyecto_FIFA_ETL loc=collection.py:203 logical_date='2026-07-26 00:00:00+00:00' partition_key=None
dag-processor | 2026-07-26T20:30:51.990851Z [info     ] get next_dagrun_info_v2        [airflow.serialization.definitions.dag] last_automated_run_info=DagRunInfo(run_after=DateTime(2026, 7, 26, 0, 0, 0, tzinfo=Timezone('UTC')), data_interval=DataInterval(start=DateTime(2026, 7, 26, 0, 0, 0, tzinfo=Timezone('UTC')), end=DateTime(2026, 7, 26, 0, 0, 0, tzinfo=Timezone('UTC'))), partition_date=None, partition_key=None) loc=dag.py:445 next_info=DagRunInfo(run_after=DateTime(2026, 7, 27, 0, 0, 0, tzinfo=Timezone('UTC')), data_interval=DataInterval(start=DateTime(2026, 7, 27, 0, 0, 0, tzinfo=Timezone('UTC')), end=DateTime(2026, 7, 27, 0, 0, 0, tzinfo=Timezone('UTC'))), partition_date=None, partition_key=None)
dag-processor | 2026-07-26T20:30:51.991267Z [info     ] setting next dagrun info       [airflow.models.dag] loc=dag.py:848 next_dagrun='2026-07-27 00:00:00+00:00' next_dagrun_create_after='2026-07-27 00:00:00+00:00' next_dagrun_data_interval_end='2026-07-27 00:00:00+00:00' next_dagrun_data_interval_start='2026-07-27 00:00:00+00:00' next_dagrun_partition_date=None next_dagrun_partition_key=None
dag-processor | 2026-07-26T20:30:52.981661Z [info     ] Not time to refresh bundle dags-folder [airflow.dag_processing.manager.DagFileProcessorManager] loc=manager.py:843
dag-processor | 2026-07-26T20:30:54.106205Z [info     ] Bulk-writing dags to db        [airflow.serialization.definitions.dag] count=1 loc=dag.py:210
dag-processor | 2026-07-26T20:30:54.110321Z [info     ] Getting latest run for non-partitioned Dag [airflow.dag_processing.collection] dag_id=Proyecto_FIFA_Sync_Raw_CSV loc=collection.py:200
dag-processor | 2026-07-26T20:30:54.111927Z [info     ] got latest run                 [airflow.dag_processing.collection] dag_id=Proyecto_FIFA_Sync_Raw_CSV loc=collection.py:203 logical_date='2026-07-26 20:00:00+00:00' partition_key=None
dag-processor | 2026-07-26T20:30:54.119891Z [info     ] get next_dagrun_info_v2        [airflow.serialization.definitions.dag] last_automated_run_info=DagRunInfo(run_after=DateTime(2026, 7, 26, 20, 0, 0, tzinfo=Timezone('UTC')), data_interval=DataInterval(start=DateTime(2026, 7, 26, 20, 0, 0, tzinfo=Timezone('UTC')), end=DateTime(2026, 7, 26, 20, 0, 0, tzinfo=Timezone('UTC'))), partition_date=None, partition_key=None) loc=dag.py:445 next_info=DagRunInfo(run_after=DateTime(2026, 7, 26, 21, 0, 0, tzinfo=Timezone('UTC')), data_interval=DataInterval(start=DateTime(2026, 7, 26, 21, 0, 0, tzinfo=Timezone('UTC')), end=DateTime(2026, 7, 26, 21, 0, 0, tzinfo=Timezone('UTC'))), partition_date=None, partition_key=None)
dag-processor | 2026-07-26T20:30:54.120502Z [info     ] setting next dagrun info       [airflow.models.dag] loc=dag.py:848 next_dagrun='2026-07-26 21:00:00+00:00' next_dagrun_create_after='2026-07-26 21:00:00+00:00' next_dagrun_data_interval_end='2026-07-26 21:00:00+00:00' next_dagrun_data_interval_start='2026-07-26 21:00:00+00:00' next_dagrun_partition_date=None next_dagrun_partition_key=None
dag-processor | 2026-07-26T20:30:58.121500Z [info     ] Not time to refresh bundle dags-folder [airflow.dag_processing.manager.DagFileProcessorManager] loc=manager.py:843
dag-processor | 2026-07-26T20:31:03.147355Z [info     ] Not time to refresh bundle dags-folder [airflow.dag_processing.manager.DagFileProcessorManager] loc=manager.py:843
dag-processor | 2026-07-26T20:31:08.166272Z [info     ] Not time to refresh bundle dags-folder [airflow.dag_processing.manager.DagFileProcessorManager] loc=manager.py:843
dag-processor | 2026-07-26T20:31:10.178108Z [info     ]
dag-processor | ================================================================================
dag-processor | DAG File Processing Stats
dag-processor | Bundle       File Path             PID    Current Duration      # DAGs    # Errors  Last Duration    Last Run At
dag-processor | -----------  --------------------  -----  ------------------  --------  ----------  ---------------  -------------------
dag-processor | dags-folder  fifa_sync_raw_dag.py                                    1           0  0.06s            2026-07-26T20:30:54
dag-processor | dags-folder  fifa_etl_dag.py                                         1           0  0.06s            2026-07-26T20:30:51
dag-processor | ================================================================================ [airflow.dag_processing.manager.DagFileProcessorManager] loc=manager.py:1123
dag-processor | 2026-07-26T20:31:13.191567Z [info     ] Not time to refresh bundle dags-folder [airflow.dag_processing.manager.DagFileProcessorManager] loc=manager.py:843
dag-processor | 2026-07-26T20:31:18.213580Z [info     ] Not time to refresh bundle dags-folder [airflow.dag_processing.manager.DagFileProcessorManager] loc=manager.py:843
dag-processor | 2026-07-26T20:31:22.302997Z [info     ] Bulk-writing dags to db        [airflow.serialization.definitions.dag] count=1 loc=dag.py:210
dag-processor | 2026-07-26T20:31:22.307121Z [info     ] Getting latest run for non-partitioned Dag [airflow.dag_processing.collection] dag_id=Proyecto_FIFA_ETL loc=collection.py:200
dag-processor | 2026-07-26T20:31:22.308799Z [info     ] got latest run                 [airflow.dag_processing.collection] dag_id=Proyecto_FIFA_ETL loc=collection.py:203 logical_date='2026-07-26 00:00:00+00:00' partition_key=None
dag-processor | 2026-07-26T20:31:22.316679Z [info     ] get next_dagrun_info_v2        [airflow.serialization.definitions.dag] last_automated_run_info=DagRunInfo(run_after=DateTime(2026, 7, 26, 0, 0, 0, tzinfo=Timezone('UTC')), data_interval=DataInterval(start=DateTime(2026, 7, 26, 0, 0, 0, tzinfo=Timezone('UTC')), end=DateTime(2026, 7, 26, 0, 0, 0, tzinfo=Timezone('UTC'))), partition_date=None, partition_key=None) loc=dag.py:445 next_info=DagRunInfo(run_after=DateTime(2026, 7, 27, 0, 0, 0, tzinfo=Timezone('UTC')), data_interval=DataInterval(start=DateTime(2026, 7, 27, 0, 0, 0, tzinfo=Timezone('UTC')), end=DateTime(2026, 7, 27, 0, 0, 0, tzinfo=Timezone('UTC'))), partition_date=None, partition_key=None)
dag-processor | 2026-07-26T20:31:22.316952Z [info     ] setting next dagrun info       [airflow.models.dag] loc=dag.py:848 next_dagrun='2026-07-27 00:00:00+00:00' next_dagrun_create_after='2026-07-27 00:00:00+00:00' next_dagrun_data_interval_end='2026-07-27 00:00:00+00:00' next_dagrun_data_interval_start='2026-07-27 00:00:00+00:00' next_dagrun_partition_date=None next_dagrun_partition_key=None
dag-processor | 2026-07-26T20:31:23.306377Z [info     ] Not time to refresh bundle dags-folder [airflow.dag_processing.manager.DagFileProcessorManager] loc=manager.py:843
dag-processor | 2026-07-26T20:31:24.433583Z [info     ] Bulk-writing dags to db        [airflow.serialization.definitions.dag] count=1 loc=dag.py:210
dag-processor | 2026-07-26T20:31:24.440733Z [info     ] Getting latest run for non-partitioned Dag [airflow.dag_processing.collection] dag_id=Proyecto_FIFA_Sync_Raw_CSV loc=collection.py:200
dag-processor | 2026-07-26T20:31:24.442747Z [info     ] got latest run                 [airflow.dag_processing.collection] dag_id=Proyecto_FIFA_Sync_Raw_CSV loc=collection.py:203 logical_date='2026-07-26 20:00:00+00:00' partition_key=None
dag-processor | 2026-07-26T20:31:24.450342Z [info     ] get next_dagrun_info_v2        [airflow.serialization.definitions.dag] last_automated_run_info=DagRunInfo(run_after=DateTime(2026, 7, 26, 20, 0, 0, tzinfo=Timezone('UTC')), data_interval=DataInterval(start=DateTime(2026, 7, 26, 20, 0, 0, tzinfo=Timezone('UTC')), end=DateTime(2026, 7, 26, 20, 0, 0, tzinfo=Timezone('UTC'))), partition_date=None, partition_key=None) loc=dag.py:445 next_info=DagRunInfo(run_after=DateTime(2026, 7, 26, 21, 0, 0, tzinfo=Timezone('UTC')), data_interval=DataInterval(start=DateTime(2026, 7, 26, 21, 0, 0, tzinfo=Timezone('UTC')), end=DateTime(2026, 7, 26, 21, 0, 0, tzinfo=Timezone('UTC'))), partition_date=None, partition_key=None)
dag-processor | 2026-07-26T20:31:24.450806Z [info     ] setting next dagrun info       [airflow.models.dag] loc=dag.py:848 next_dagrun='2026-07-26 21:00:00+00:00' next_dagrun_create_after='2026-07-26 21:00:00+00:00' next_dagrun_data_interval_end='2026-07-26 21:00:00+00:00' next_dagrun_data_interval_start='2026-07-26 21:00:00+00:00' next_dagrun_partition_date=None next_dagrun_partition_key=None
triggerer  | 2026-07-26T20:31:25.460254Z [info     ] 0 triggers currently running   [airflow.jobs.triggerer_job_runner] loc=triggerer_job_runner.py:1036
triggerer  | 2026-07-26T20:31:25.460462Z [info     ] 0 watchers currently running   [airflow.jobs.triggerer_job_runner] loc=triggerer_job_runner.py:1036
dag-processor | 2026-07-26T20:31:28.453141Z [info     ] Not time to refresh bundle dags-folder [airflow.dag_processing.manager.DagFileProcessorManager] loc=manager.py:843
dag-processor | 2026-07-26T20:31:33.474789Z [info     ] Not time to refresh bundle dags-folder [airflow.dag_processing.manager.DagFileProcessorManager] loc=manager.py:843
dag-processor | 2026-07-26T20:31:38.498535Z [info     ] Not time to refresh bundle dags-folder [airflow.dag_processing.manager.DagFileProcessorManager] loc=manager.py:843
dag-processor | 2026-07-26T20:31:40.511887Z [info     ]
dag-processor | ================================================================================
dag-processor | DAG File Processing Stats
dag-processor | Bundle       File Path             PID    Current Duration      # DAGs    # Errors  Last Duration    Last Run At
dag-processor | -----------  --------------------  -----  ------------------  --------  ----------  ---------------  -------------------
dag-processor | dags-folder  fifa_sync_raw_dag.py                                    1           0  0.07s            2026-07-26T20:31:24
dag-processor | dags-folder  fifa_etl_dag.py                                         1           0  0.07s            2026-07-26T20:31:22
dag-processor | ================================================================================ [airflow.dag_processing.manager.DagFileProcessorManager] loc=manager.py:1123
dag-processor | 2026-07-26T20:31:43.547032Z [info     ] Not time to refresh bundle dags-folder [airflow.dag_processing.manager.DagFileProcessorManager] loc=manager.py:843
dag-processor | 2026-07-26T20:31:48.569668Z [info     ] Not time to refresh bundle dags-folder [airflow.dag_processing.manager.DagFileProcessorManager] loc=manager.py:843
dag-processor | 2026-07-26T20:31:52.652144Z [info     ] Bulk-writing dags to db        [airflow.serialization.definitions.dag] count=1 loc=dag.py:210
dag-processor | 2026-07-26T20:31:52.656155Z [info     ] Getting latest run for non-partitioned Dag [airflow.dag_processing.collection] dag_id=Proyecto_FIFA_ETL loc=collection.py:200
dag-processor | 2026-07-26T20:31:52.657737Z [info     ] got latest run                 [airflow.dag_processing.collection] dag_id=Proyecto_FIFA_ETL loc=collection.py:203 logical_date='2026-07-26 00:00:00+00:00' partition_key=None
dag-processor | 2026-07-26T20:31:52.665868Z [info     ] get next_dagrun_info_v2        [airflow.serialization.definitions.dag] last_automated_run_info=DagRunInfo(run_after=DateTime(2026, 7, 26, 0, 0, 0, tzinfo=Timezone('UTC')), data_interval=DataInterval(start=DateTime(2026, 7, 26, 0, 0, 0, tzinfo=Timezone('UTC')), end=DateTime(2026, 7, 26, 0, 0, 0, tzinfo=Timezone('UTC'))), partition_date=None, partition_key=None) loc=dag.py:445 next_info=DagRunInfo(run_after=DateTime(2026, 7, 27, 0, 0, 0, tzinfo=Timezone('UTC')), data_interval=DataInterval(start=DateTime(2026, 7, 27, 0, 0, 0, tzinfo=Timezone('UTC')), end=DateTime(2026, 7, 27, 0, 0, 0, tzinfo=Timezone('UTC'))), partition_date=None, partition_key=None)
dag-processor | 2026-07-26T20:31:52.666173Z [info     ] setting next dagrun info       [airflow.models.dag] loc=dag.py:848 next_dagrun='2026-07-27 00:00:00+00:00' next_dagrun_create_after='2026-07-27 00:00:00+00:00' next_dagrun_data_interval_end='2026-07-27 00:00:00+00:00' next_dagrun_data_interval_start='2026-07-27 00:00:00+00:00' next_dagrun_partition_date=None next_dagrun_partition_key=None
dag-processor | 2026-07-26T20:31:53.656322Z [info     ] Not time to refresh bundle dags-folder [airflow.dag_processing.manager.DagFileProcessorManager] loc=manager.py:843
dag-processor | 2026-07-26T20:31:54.788905Z [info     ] Bulk-writing dags to db        [airflow.serialization.definitions.dag] count=1 loc=dag.py:210
dag-processor | 2026-07-26T20:31:54.792585Z [info     ] Getting latest run for non-partitioned Dag [airflow.dag_processing.collection] dag_id=Proyecto_FIFA_Sync_Raw_CSV loc=collection.py:200
dag-processor | 2026-07-26T20:31:54.794122Z [info     ] got latest run                 [airflow.dag_processing.collection] dag_id=Proyecto_FIFA_Sync_Raw_CSV loc=collection.py:203 logical_date='2026-07-26 20:00:00+00:00' partition_key=None
dag-processor | 2026-07-26T20:31:54.801914Z [info     ] get next_dagrun_info_v2        [airflow.serialization.definitions.dag] last_automated_run_info=DagRunInfo(run_after=DateTime(2026, 7, 26, 20, 0, 0, tzinfo=Timezone('UTC')), data_interval=DataInterval(start=DateTime(2026, 7, 26, 20, 0, 0, tzinfo=Timezone('UTC')), end=DateTime(2026, 7, 26, 20, 0, 0, tzinfo=Timezone('UTC'))), partition_date=None, partition_key=None) loc=dag.py:445 next_info=DagRunInfo(run_after=DateTime(2026, 7, 26, 21, 0, 0, tzinfo=Timezone('UTC')), data_interval=DataInterval(start=DateTime(2026, 7, 26, 21, 0, 0, tzinfo=Timezone('UTC')), end=DateTime(2026, 7, 26, 21, 0, 0, tzinfo=Timezone('UTC'))), partition_date=None, partition_key=None)
dag-processor | 2026-07-26T20:31:54.802165Z [info     ] setting next dagrun info       [airflow.models.dag] loc=dag.py:848 next_dagrun='2026-07-26 21:00:00+00:00' next_dagrun_create_after='2026-07-26 21:00:00+00:00' next_dagrun_data_interval_end='2026-07-26 21:00:00+00:00' next_dagrun_data_interval_start='2026-07-26 21:00:00+00:00' next_dagrun_partition_date=None next_dagrun_partition_key=None
dag-processor | 2026-07-26T20:31:58.810147Z [info     ] Not time to refresh bundle dags-folder [airflow.dag_processing.manager.DagFileProcessorManager] loc=manager.py:843
dag-processor | 2026-07-26T20:32:03.832377Z [info     ] Not time to refresh bundle dags-folder [airflow.dag_processing.manager.DagFileProcessorManager] loc=manager.py:843
dag-processor | 2026-07-26T20:32:08.857939Z [info     ] Not time to refresh bundle dags-folder [airflow.dag_processing.manager.DagFileProcessorManager] loc=manager.py:843
dag-processor | 2026-07-26T20:32:10.866850Z [info     ]
dag-processor | ================================================================================
dag-processor | DAG File Processing Stats
dag-processor | Bundle       File Path             PID    Current Duration      # DAGs    # Errors  Last Duration    Last Run At
dag-processor | -----------  --------------------  -----  ------------------  --------  ----------  ---------------  -------------------
dag-processor | dags-folder  fifa_sync_raw_dag.py                                    1           0  0.07s            2026-07-26T20:31:54
dag-processor | dags-folder  fifa_etl_dag.py                                         1           0  0.06s            2026-07-26T20:31:52
dag-processor | ================================================================================ [airflow.dag_processing.manager.DagFileProcessorManager] loc=manager.py:1123
dag-processor | 2026-07-26T20:32:13.883349Z [info     ] Not time to refresh bundle dags-folder [airflow.dag_processing.manager.DagFileProcessorManager] loc=manager.py:843
dag-processor | 2026-07-26T20:32:18.904129Z [info     ] Not time to refresh bundle dags-folder [airflow.dag_processing.manager.DagFileProcessorManager] loc=manager.py:843
dag-processor | 2026-07-26T20:32:22.999465Z [info     ] Bulk-writing dags to db        [airflow.serialization.definitions.dag] count=1 loc=dag.py:210
dag-processor | 2026-07-26T20:32:23.005619Z [info     ] Getting latest run for non-partitioned Dag [airflow.dag_processing.collection] dag_id=Proyecto_FIFA_ETL loc=collection.py:200
dag-processor | 2026-07-26T20:32:23.007904Z [info     ] got latest run                 [airflow.dag_processing.collection] dag_id=Proyecto_FIFA_ETL loc=collection.py:203 logical_date='2026-07-26 00:00:00+00:00' partition_key=None
dag-processor | 2026-07-26T20:32:23.018515Z [info     ] get next_dagrun_info_v2        [airflow.serialization.definitions.dag] last_automated_run_info=DagRunInfo(run_after=DateTime(2026, 7, 26, 0, 0, 0, tzinfo=Timezone('UTC')), data_interval=DataInterval(start=DateTime(2026, 7, 26, 0, 0, 0, tzinfo=Timezone('UTC')), end=DateTime(2026, 7, 26, 0, 0, 0, tzinfo=Timezone('UTC'))), partition_date=None, partition_key=None) loc=dag.py:445 next_info=DagRunInfo(run_after=DateTime(2026, 7, 27, 0, 0, 0, tzinfo=Timezone('UTC')), data_interval=DataInterval(start=DateTime(2026, 7, 27, 0, 0, 0, tzinfo=Timezone('UTC')), end=DateTime(2026, 7, 27, 0, 0, 0, tzinfo=Timezone('UTC'))), partition_date=None, partition_key=None)
dag-processor | 2026-07-26T20:32:23.018868Z [info     ] setting next dagrun info       [airflow.models.dag] loc=dag.py:848 next_dagrun='2026-07-27 00:00:00+00:00' next_dagrun_create_after='2026-07-27 00:00:00+00:00' next_dagrun_data_interval_end='2026-07-27 00:00:00+00:00' next_dagrun_data_interval_start='2026-07-27 00:00:00+00:00' next_dagrun_partition_date=None next_dagrun_partition_key=None
dag-processor | 2026-07-26T20:32:24.003574Z [info     ] Not time to refresh bundle dags-folder [airflow.dag_processing.manager.DagFileProcessorManager] loc=manager.py:843
dag-processor | 2026-07-26T20:32:25.091215Z [info     ] Bulk-writing dags to db        [airflow.serialization.definitions.dag] count=1 loc=dag.py:210
dag-processor | 2026-07-26T20:32:25.096558Z [info     ] Getting latest run for non-partitioned Dag [airflow.dag_processing.collection] dag_id=Proyecto_FIFA_Sync_Raw_CSV loc=collection.py:200
dag-processor | 2026-07-26T20:32:25.098668Z [info     ] got latest run                 [airflow.dag_processing.collection] dag_id=Proyecto_FIFA_Sync_Raw_CSV loc=collection.py:203 logical_date='2026-07-26 20:00:00+00:00' partition_key=None
dag-processor | 2026-07-26T20:32:25.107604Z [info     ] get next_dagrun_info_v2        [airflow.serialization.definitions.dag] last_automated_run_info=DagRunInfo(run_after=DateTime(2026, 7, 26, 20, 0, 0, tzinfo=Timezone('UTC')), data_interval=DataInterval(start=DateTime(2026, 7, 26, 20, 0, 0, tzinfo=Timezone('UTC')), end=DateTime(2026, 7, 26, 20, 0, 0, tzinfo=Timezone('UTC'))), partition_date=None, partition_key=None) loc=dag.py:445 next_info=DagRunInfo(run_after=DateTime(2026, 7, 26, 21, 0, 0, tzinfo=Timezone('UTC')), data_interval=DataInterval(start=DateTime(2026, 7, 26, 21, 0, 0, tzinfo=Timezone('UTC')), end=DateTime(2026, 7, 26, 21, 0, 0, tzinfo=Timezone('UTC'))), partition_date=None, partition_key=None)
dag-processor | 2026-07-26T20:32:25.107900Z [info     ] setting next dagrun info       [airflow.models.dag] loc=dag.py:848 next_dagrun='2026-07-26 21:00:00+00:00' next_dagrun_create_after='2026-07-26 21:00:00+00:00' next_dagrun_data_interval_end='2026-07-26 21:00:00+00:00' next_dagrun_data_interval_start='2026-07-26 21:00:00+00:00' next_dagrun_partition_date=None next_dagrun_partition_key=None
triggerer  | 2026-07-26T20:32:25.655341Z [info     ] 0 triggers currently running   [airflow.jobs.triggerer_job_runner] loc=triggerer_job_runner.py:1036
triggerer  | 2026-07-26T20:32:25.655446Z [info     ] 0 watchers currently running   [airflow.jobs.triggerer_job_runner] loc=triggerer_job_runner.py:1036
dag-processor | 2026-07-26T20:32:29.110708Z [info     ] Not time to refresh bundle dags-folder [airflow.dag_processing.manager.DagFileProcessorManager] loc=manager.py:843
dag-processor | 2026-07-26T20:32:34.132071Z [info     ] Not time to refresh bundle dags-folder [airflow.dag_processing.manager.DagFileProcessorManager] loc=manager.py:843
dag-processor | 2026-07-26T20:32:39.153653Z [info     ] Not time to refresh bundle dags-folder [airflow.dag_processing.manager.DagFileProcessorManager] loc=manager.py:843
dag-processor | 2026-07-26T20:32:41.159900Z [info     ]
dag-processor | ================================================================================
dag-processor | DAG File Processing Stats
dag-processor | Bundle       File Path             PID    Current Duration      # DAGs    # Errors  Last Duration    Last Run At
dag-processor | -----------  --------------------  -----  ------------------  --------  ----------  ---------------  -------------------
dag-processor | dags-folder  fifa_etl_dag.py                                         1           0  0.07s            2026-07-26T20:32:22
dag-processor | dags-folder  fifa_sync_raw_dag.py                                    1           0  0.07s            2026-07-26T20:32:25
dag-processor | ================================================================================ [airflow.dag_processing.manager.DagFileProcessorManager] loc=manager.py:1123
dag-processor | 2026-07-26T20:32:44.172409Z [info     ] Not time to refresh bundle dags-folder [airflow.dag_processing.manager.DagFileProcessorManager] loc=manager.py:843
dag-processor | 2026-07-26T20:32:49.195077Z [info     ] Not time to refresh bundle dags-folder [airflow.dag_processing.manager.DagFileProcessorManager] loc=manager.py:843
dag-processor | 2026-07-26T20:32:53.276803Z [info     ] Bulk-writing dags to db        [airflow.serialization.definitions.dag] count=1 loc=dag.py:210
dag-processor | 2026-07-26T20:32:53.281044Z [info     ] Getting latest run for non-partitioned Dag [airflow.dag_processing.collection] dag_id=Proyecto_FIFA_ETL loc=collection.py:200
dag-processor | 2026-07-26T20:32:53.283862Z [info     ] got latest run                 [airflow.dag_processing.collection] dag_id=Proyecto_FIFA_ETL loc=collection.py:203 logical_date='2026-07-26 00:00:00+00:00' partition_key=None
dag-processor | 2026-07-26T20:32:53.292082Z [info     ] get next_dagrun_info_v2        [airflow.serialization.definitions.dag] last_automated_run_info=DagRunInfo(run_after=DateTime(2026, 7, 26, 0, 0, 0, tzinfo=Timezone('UTC')), data_interval=DataInterval(start=DateTime(2026, 7, 26, 0, 0, 0, tzinfo=Timezone('UTC')), end=DateTime(2026, 7, 26, 0, 0, 0, tzinfo=Timezone('UTC'))), partition_date=None, partition_key=None) loc=dag.py:445 next_info=DagRunInfo(run_after=DateTime(2026, 7, 27, 0, 0, 0, tzinfo=Timezone('UTC')), data_interval=DataInterval(start=DateTime(2026, 7, 27, 0, 0, 0, tzinfo=Timezone('UTC')), end=DateTime(2026, 7, 27, 0, 0, 0, tzinfo=Timezone('UTC'))), partition_date=None, partition_key=None)
dag-processor | 2026-07-26T20:32:53.292319Z [info     ] setting next dagrun info       [airflow.models.dag] loc=dag.py:848 next_dagrun='2026-07-27 00:00:00+00:00' next_dagrun_create_after='2026-07-27 00:00:00+00:00' next_dagrun_data_interval_end='2026-07-27 00:00:00+00:00' next_dagrun_data_interval_start='2026-07-27 00:00:00+00:00' next_dagrun_partition_date=None next_dagrun_partition_key=None
dag-processor | 2026-07-26T20:32:54.282646Z [info     ] Not time to refresh bundle dags-folder [airflow.dag_processing.manager.DagFileProcessorManager] loc=manager.py:843
dag-processor | 2026-07-26T20:32:55.370314Z [info     ] Bulk-writing dags to db        [airflow.serialization.definitions.dag] count=1 loc=dag.py:210
dag-processor | 2026-07-26T20:32:55.373960Z [info     ] Getting latest run for non-partitioned Dag [airflow.dag_processing.collection] dag_id=Proyecto_FIFA_Sync_Raw_CSV loc=collection.py:200
dag-processor | 2026-07-26T20:32:55.375354Z [info     ] got latest run                 [airflow.dag_processing.collection] dag_id=Proyecto_FIFA_Sync_Raw_CSV loc=collection.py:203 logical_date='2026-07-26 20:00:00+00:00' partition_key=None
dag-processor | 2026-07-26T20:32:55.384433Z [info     ] get next_dagrun_info_v2        [airflow.serialization.definitions.dag] last_automated_run_info=DagRunInfo(run_after=DateTime(2026, 7, 26, 20, 0, 0, tzinfo=Timezone('UTC')), data_interval=DataInterval(start=DateTime(2026, 7, 26, 20, 0, 0, tzinfo=Timezone('UTC')), end=DateTime(2026, 7, 26, 20, 0, 0, tzinfo=Timezone('UTC'))), partition_date=None, partition_key=None) loc=dag.py:445 next_info=DagRunInfo(run_after=DateTime(2026, 7, 26, 21, 0, 0, tzinfo=Timezone('UTC')), data_interval=DataInterval(start=DateTime(2026, 7, 26, 21, 0, 0, tzinfo=Timezone('UTC')), end=DateTime(2026, 7, 26, 21, 0, 0, tzinfo=Timezone('UTC'))), partition_date=None, partition_key=None)
dag-processor | 2026-07-26T20:32:55.384867Z [info     ] setting next dagrun info       [airflow.models.dag] loc=dag.py:848 next_dagrun='2026-07-26 21:00:00+00:00' next_dagrun_create_after='2026-07-26 21:00:00+00:00' next_dagrun_data_interval_end='2026-07-26 21:00:00+00:00' next_dagrun_data_interval_start='2026-07-26 21:00:00+00:00' next_dagrun_partition_date=None next_dagrun_partition_key=None
dag-processor | 2026-07-26T20:32:59.391604Z [info     ] Not time to refresh bundle dags-folder [airflow.dag_processing.manager.DagFileProcessorManager] loc=manager.py:843
dag-processor | 2026-07-26T20:33:04.413501Z [info     ] Not time to refresh bundle dags-folder [airflow.dag_processing.manager.DagFileProcessorManager] loc=manager.py:843
dag-processor | 2026-07-26T20:33:09.436416Z [info     ] Not time to refresh bundle dags-folder [airflow.dag_processing.manager.DagFileProcessorManager] loc=manager.py:843
dag-processor | 2026-07-26T20:33:11.442889Z [info     ]
dag-processor | ================================================================================
dag-processor | DAG File Processing Stats
dag-processor | Bundle       File Path             PID    Current Duration      # DAGs    # Errors  Last Duration    Last Run At
dag-processor | -----------  --------------------  -----  ------------------  --------  ----------  ---------------  -------------------
dag-processor | dags-folder  fifa_sync_raw_dag.py                                    1           0  0.06s            2026-07-26T20:32:55
dag-processor | dags-folder  fifa_etl_dag.py                                         1           0  0.06s            2026-07-26T20:32:53
dag-processor | ================================================================================ [airflow.dag_processing.manager.DagFileProcessorManager] loc=manager.py:1123
dag-processor | 2026-07-26T20:33:14.457305Z [info     ] Not time to refresh bundle dags-folder [airflow.dag_processing.manager.DagFileProcessorManager] loc=manager.py:843
dag-processor | 2026-07-26T20:33:19.479343Z [info     ] Not time to refresh bundle dags-folder [airflow.dag_processing.manager.DagFileProcessorManager] loc=manager.py:843
dag-processor | 2026-07-26T20:33:23.553449Z [info     ] Bulk-writing dags to db        [airflow.serialization.definitions.dag] count=1 loc=dag.py:210
dag-processor | 2026-07-26T20:33:23.556968Z [info     ] Getting latest run for non-partitioned Dag [airflow.dag_processing.collection] dag_id=Proyecto_FIFA_ETL loc=collection.py:200
dag-processor | 2026-07-26T20:33:23.558422Z [info     ] got latest run                 [airflow.dag_processing.collection] dag_id=Proyecto_FIFA_ETL loc=collection.py:203 logical_date='2026-07-26 00:00:00+00:00' partition_key=None
dag-processor | 2026-07-26T20:33:23.565752Z [info     ] get next_dagrun_info_v2        [airflow.serialization.definitions.dag] last_automated_run_info=DagRunInfo(run_after=DateTime(2026, 7, 26, 0, 0, 0, tzinfo=Timezone('UTC')), data_interval=DataInterval(start=DateTime(2026, 7, 26, 0, 0, 0, tzinfo=Timezone('UTC')), end=DateTime(2026, 7, 26, 0, 0, 0, tzinfo=Timezone('UTC'))), partition_date=None, partition_key=None) loc=dag.py:445 next_info=DagRunInfo(run_after=DateTime(2026, 7, 27, 0, 0, 0, tzinfo=Timezone('UTC')), data_interval=DataInterval(start=DateTime(2026, 7, 27, 0, 0, 0, tzinfo=Timezone('UTC')), end=DateTime(2026, 7, 27, 0, 0, 0, tzinfo=Timezone('UTC'))), partition_date=None, partition_key=None)
dag-processor | 2026-07-26T20:33:23.566053Z [info     ] setting next dagrun info       [airflow.models.dag] loc=dag.py:848 next_dagrun='2026-07-27 00:00:00+00:00' next_dagrun_create_after='2026-07-27 00:00:00+00:00' next_dagrun_data_interval_end='2026-07-27 00:00:00+00:00' next_dagrun_data_interval_start='2026-07-27 00:00:00+00:00' next_dagrun_partition_date=None next_dagrun_partition_key=None
dag-processor | 2026-07-26T20:33:24.558357Z [info     ] Not time to refresh bundle dags-folder [airflow.dag_processing.manager.DagFileProcessorManager] loc=manager.py:843
dag-processor | 2026-07-26T20:33:25.627782Z [info     ] Bulk-writing dags to db        [airflow.serialization.definitions.dag] count=1 loc=dag.py:210
dag-processor | 2026-07-26T20:33:25.632219Z [info     ] Getting latest run for non-partitioned Dag [airflow.dag_processing.collection] dag_id=Proyecto_FIFA_Sync_Raw_CSV loc=collection.py:200
dag-processor | 2026-07-26T20:33:25.633694Z [info     ] got latest run                 [airflow.dag_processing.collection] dag_id=Proyecto_FIFA_Sync_Raw_CSV loc=collection.py:203 logical_date='2026-07-26 20:00:00+00:00' partition_key=None
dag-processor | 2026-07-26T20:33:25.641222Z [info     ] get next_dagrun_info_v2        [airflow.serialization.definitions.dag] last_automated_run_info=DagRunInfo(run_after=DateTime(2026, 7, 26, 20, 0, 0, tzinfo=Timezone('UTC')), data_interval=DataInterval(start=DateTime(2026, 7, 26, 20, 0, 0, tzinfo=Timezone('UTC')), end=DateTime(2026, 7, 26, 20, 0, 0, tzinfo=Timezone('UTC'))), partition_date=None, partition_key=None) loc=dag.py:445 next_info=DagRunInfo(run_after=DateTime(2026, 7, 26, 21, 0, 0, tzinfo=Timezone('UTC')), data_interval=DataInterval(start=DateTime(2026, 7, 26, 21, 0, 0, tzinfo=Timezone('UTC')), end=DateTime(2026, 7, 26, 21, 0, 0, tzinfo=Timezone('UTC'))), partition_date=None, partition_key=None)
dag-processor | 2026-07-26T20:33:25.641440Z [info     ] setting next dagrun info       [airflow.models.dag] loc=dag.py:848 next_dagrun='2026-07-26 21:00:00+00:00' next_dagrun_create_after='2026-07-26 21:00:00+00:00' next_dagrun_data_interval_end='2026-07-26 21:00:00+00:00' next_dagrun_data_interval_start='2026-07-26 21:00:00+00:00' next_dagrun_partition_date=None next_dagrun_partition_key=None
triggerer  | 2026-07-26T20:33:25.863929Z [info     ] 0 triggers currently running   [airflow.jobs.triggerer_job_runner] loc=triggerer_job_runner.py:1036
triggerer  | 2026-07-26T20:33:25.864149Z [info     ] 0 watchers currently running   [airflow.jobs.triggerer_job_runner] loc=triggerer_job_runner.py:1036
dag-processor | 2026-07-26T20:33:29.646533Z [info     ] Not time to refresh bundle dags-folder [airflow.dag_processing.manager.DagFileProcessorManager] loc=manager.py:843
dag-processor | 2026-07-26T20:33:34.673195Z [info     ] Not time to refresh bundle dags-folder [airflow.dag_processing.manager.DagFileProcessorManager] loc=manager.py:843
dag-processor | 2026-07-26T20:33:39.698239Z [info     ] Not time to refresh bundle dags-folder [airflow.dag_processing.manager.DagFileProcessorManager] loc=manager.py:843
dag-processor | 2026-07-26T20:33:41.706130Z [info     ]
dag-processor | ================================================================================
dag-processor | DAG File Processing Stats
dag-processor | Bundle       File Path             PID    Current Duration      # DAGs    # Errors  Last Duration    Last Run At
dag-processor | -----------  --------------------  -----  ------------------  --------  ----------  ---------------  -------------------
dag-processor | dags-folder  fifa_sync_raw_dag.py                                    1           0  0.05s            2026-07-26T20:33:25
dag-processor | dags-folder  fifa_etl_dag.py                                         1           0  0.05s            2026-07-26T20:33:23
dag-processor | ================================================================================ [airflow.dag_processing.manager.DagFileProcessorManager] loc=manager.py:1123
dag-processor | 2026-07-26T20:33:44.720605Z [info     ] Not time to refresh bundle dags-folder [airflow.dag_processing.manager.DagFileProcessorManager] loc=manager.py:843
dag-processor | 2026-07-26T20:33:49.739823Z [info     ] Not time to refresh bundle dags-folder [airflow.dag_processing.manager.DagFileProcessorManager] loc=manager.py:843
dag-processor | 2026-07-26T20:33:53.814145Z [info     ] Bulk-writing dags to db        [airflow.serialization.definitions.dag] count=1 loc=dag.py:210
dag-processor | 2026-07-26T20:33:53.818193Z [info     ] Getting latest run for non-partitioned Dag [airflow.dag_processing.collection] dag_id=Proyecto_FIFA_ETL loc=collection.py:200
dag-processor | 2026-07-26T20:33:53.819725Z [info     ] got latest run                 [airflow.dag_processing.collection] dag_id=Proyecto_FIFA_ETL loc=collection.py:203 logical_date='2026-07-26 00:00:00+00:00' partition_key=None
dag-processor | 2026-07-26T20:33:53.826899Z [info     ] get next_dagrun_info_v2        [airflow.serialization.definitions.dag] last_automated_run_info=DagRunInfo(run_after=DateTime(2026, 7, 26, 0, 0, 0, tzinfo=Timezone('UTC')), data_interval=DataInterval(start=DateTime(2026, 7, 26, 0, 0, 0, tzinfo=Timezone('UTC')), end=DateTime(2026, 7, 26, 0, 0, 0, tzinfo=Timezone('UTC'))), partition_date=None, partition_key=None) loc=dag.py:445 next_info=DagRunInfo(run_after=DateTime(2026, 7, 27, 0, 0, 0, tzinfo=Timezone('UTC')), data_interval=DataInterval(start=DateTime(2026, 7, 27, 0, 0, 0, tzinfo=Timezone('UTC')), end=DateTime(2026, 7, 27, 0, 0, 0, tzinfo=Timezone('UTC'))), partition_date=None, partition_key=None)
dag-processor | 2026-07-26T20:33:53.827191Z [info     ] setting next dagrun info       [airflow.models.dag] loc=dag.py:848 next_dagrun='2026-07-27 00:00:00+00:00' next_dagrun_create_after='2026-07-27 00:00:00+00:00' next_dagrun_data_interval_end='2026-07-27 00:00:00+00:00' next_dagrun_data_interval_start='2026-07-27 00:00:00+00:00' next_dagrun_partition_date=None next_dagrun_partition_key=None
dag-processor | 2026-07-26T20:33:54.820391Z [info     ] Not time to refresh bundle dags-folder [airflow.dag_processing.manager.DagFileProcessorManager] loc=manager.py:843
dag-processor | 2026-07-26T20:33:55.908143Z [info     ] Bulk-writing dags to db        [airflow.serialization.definitions.dag] count=1 loc=dag.py:210
dag-processor | 2026-07-26T20:33:55.912869Z [info     ] Getting latest run for non-partitioned Dag [airflow.dag_processing.collection] dag_id=Proyecto_FIFA_Sync_Raw_CSV loc=collection.py:200
dag-processor | 2026-07-26T20:33:55.914311Z [info     ] got latest run                 [airflow.dag_processing.collection] dag_id=Proyecto_FIFA_Sync_Raw_CSV loc=collection.py:203 logical_date='2026-07-26 20:00:00+00:00' partition_key=None
dag-processor | 2026-07-26T20:33:55.921583Z [info     ] get next_dagrun_info_v2        [airflow.serialization.definitions.dag] last_automated_run_info=DagRunInfo(run_after=DateTime(2026, 7, 26, 20, 0, 0, tzinfo=Timezone('UTC')), data_interval=DataInterval(start=DateTime(2026, 7, 26, 20, 0, 0, tzinfo=Timezone('UTC')), end=DateTime(2026, 7, 26, 20, 0, 0, tzinfo=Timezone('UTC'))), partition_date=None, partition_key=None) loc=dag.py:445 next_info=DagRunInfo(run_after=DateTime(2026, 7, 26, 21, 0, 0, tzinfo=Timezone('UTC')), data_interval=DataInterval(start=DateTime(2026, 7, 26, 21, 0, 0, tzinfo=Timezone('UTC')), end=DateTime(2026, 7, 26, 21, 0, 0, tzinfo=Timezone('UTC'))), partition_date=None, partition_key=None)
dag-processor | 2026-07-26T20:33:55.921792Z [info     ] setting next dagrun info       [airflow.models.dag] loc=dag.py:848 next_dagrun='2026-07-26 21:00:00+00:00' next_dagrun_create_after='2026-07-26 21:00:00+00:00' next_dagrun_data_interval_end='2026-07-26 21:00:00+00:00' next_dagrun_data_interval_start='2026-07-26 21:00:00+00:00' next_dagrun_partition_date=None next_dagrun_partition_key=None
dag-processor | 2026-07-26T20:33:59.924832Z [info     ] Not time to refresh bundle dags-folder [airflow.dag_processing.manager.DagFileProcessorManager] loc=manager.py:843
dag-processor | 2026-07-26T20:34:04.950971Z [info     ] Not time to refresh bundle dags-folder [airflow.dag_processing.manager.DagFileProcessorManager] loc=manager.py:843
dag-processor | 2026-07-26T20:34:09.972279Z [info     ] Not time to refresh bundle dags-folder [airflow.dag_processing.manager.DagFileProcessorManager] loc=manager.py:843
dag-processor | 2026-07-26T20:34:11.980827Z [info     ]
dag-processor | ================================================================================
dag-processor | DAG File Processing Stats
dag-processor | Bundle       File Path             PID    Current Duration      # DAGs    # Errors  Last Duration    Last Run At
dag-processor | -----------  --------------------  -----  ------------------  --------  ----------  ---------------  -------------------
dag-processor | dags-folder  fifa_sync_raw_dag.py                                    1           0  0.06s            2026-07-26T20:33:55
dag-processor | dags-folder  fifa_etl_dag.py                                         1           0  0.05s            2026-07-26T20:33:53
dag-processor | ================================================================================ [airflow.dag_processing.manager.DagFileProcessorManager] loc=manager.py:1123
dag-processor | 2026-07-26T20:34:14.995998Z [info     ] Not time to refresh bundle dags-folder [airflow.dag_processing.manager.DagFileProcessorManager] loc=manager.py:843
dag-processor | 2026-07-26T20:34:20.017326Z [info     ] Not time to refresh bundle dags-folder [airflow.dag_processing.manager.DagFileProcessorManager] loc=manager.py:843
dag-processor | 2026-07-26T20:34:24.099836Z [info     ] Bulk-writing dags to db        [airflow.serialization.definitions.dag] count=1 loc=dag.py:210
dag-processor | 2026-07-26T20:34:24.106301Z [info     ] Getting latest run for non-partitioned Dag [airflow.dag_processing.collection] dag_id=Proyecto_FIFA_ETL loc=collection.py:200
dag-processor | 2026-07-26T20:34:24.108635Z [info     ] got latest run                 [airflow.dag_processing.collection] dag_id=Proyecto_FIFA_ETL loc=collection.py:203 logical_date='2026-07-26 00:00:00+00:00' partition_key=None
dag-processor | 2026-07-26T20:34:24.116682Z [info     ] get next_dagrun_info_v2        [airflow.serialization.definitions.dag] last_automated_run_info=DagRunInfo(run_after=DateTime(2026, 7, 26, 0, 0, 0, tzinfo=Timezone('UTC')), data_interval=DataInterval(start=DateTime(2026, 7, 26, 0, 0, 0, tzinfo=Timezone('UTC')), end=DateTime(2026, 7, 26, 0, 0, 0, tzinfo=Timezone('UTC'))), partition_date=None, partition_key=None) loc=dag.py:445 next_info=DagRunInfo(run_after=DateTime(2026, 7, 27, 0, 0, 0, tzinfo=Timezone('UTC')), data_interval=DataInterval(start=DateTime(2026, 7, 27, 0, 0, 0, tzinfo=Timezone('UTC')), end=DateTime(2026, 7, 27, 0, 0, 0, tzinfo=Timezone('UTC'))), partition_date=None, partition_key=None)
dag-processor | 2026-07-26T20:34:24.116973Z [info     ] setting next dagrun info       [airflow.models.dag] loc=dag.py:848 next_dagrun='2026-07-27 00:00:00+00:00' next_dagrun_create_after='2026-07-27 00:00:00+00:00' next_dagrun_data_interval_end='2026-07-27 00:00:00+00:00' next_dagrun_data_interval_start='2026-07-27 00:00:00+00:00' next_dagrun_partition_date=None next_dagrun_partition_key=None
dag-processor | 2026-07-26T20:34:25.102712Z [info     ] Not time to refresh bundle dags-folder [airflow.dag_processing.manager.DagFileProcessorManager] loc=manager.py:843
triggerer  | 2026-07-26T20:34:26.060554Z [info     ] 0 triggers currently running   [airflow.jobs.triggerer_job_runner] loc=triggerer_job_runner.py:1036
triggerer  | 2026-07-26T20:34:26.060647Z [info     ] 0 watchers currently running   [airflow.jobs.triggerer_job_runner] loc=triggerer_job_runner.py:1036
dag-processor | 2026-07-26T20:34:26.179083Z [info     ] Bulk-writing dags to db        [airflow.serialization.definitions.dag] count=1 loc=dag.py:210
dag-processor | 2026-07-26T20:34:26.183102Z [info     ] Getting latest run for non-partitioned Dag [airflow.dag_processing.collection] dag_id=Proyecto_FIFA_Sync_Raw_CSV loc=collection.py:200
dag-processor | 2026-07-26T20:34:26.184687Z [info     ] got latest run                 [airflow.dag_processing.collection] dag_id=Proyecto_FIFA_Sync_Raw_CSV loc=collection.py:203 logical_date='2026-07-26 20:00:00+00:00' partition_key=None
dag-processor | 2026-07-26T20:34:26.192114Z [info     ] get next_dagrun_info_v2        [airflow.serialization.definitions.dag] last_automated_run_info=DagRunInfo(run_after=DateTime(2026, 7, 26, 20, 0, 0, tzinfo=Timezone('UTC')), data_interval=DataInterval(start=DateTime(2026, 7, 26, 20, 0, 0, tzinfo=Timezone('UTC')), end=DateTime(2026, 7, 26, 20, 0, 0, tzinfo=Timezone('UTC'))), partition_date=None, partition_key=None) loc=dag.py:445 next_info=DagRunInfo(run_after=DateTime(2026, 7, 26, 21, 0, 0, tzinfo=Timezone('UTC')), data_interval=DataInterval(start=DateTime(2026, 7, 26, 21, 0, 0, tzinfo=Timezone('UTC')), end=DateTime(2026, 7, 26, 21, 0, 0, tzinfo=Timezone('UTC'))), partition_date=None, partition_key=None)
dag-processor | 2026-07-26T20:34:26.192414Z [info     ] setting next dagrun info       [airflow.models.dag] loc=dag.py:848 next_dagrun='2026-07-26 21:00:00+00:00' next_dagrun_create_after='2026-07-26 21:00:00+00:00' next_dagrun_data_interval_end='2026-07-26 21:00:00+00:00' next_dagrun_data_interval_start='2026-07-26 21:00:00+00:00' next_dagrun_partition_date=None next_dagrun_partition_key=None
dag-processor | 2026-07-26T20:34:30.196613Z [info     ] Not time to refresh bundle dags-folder [airflow.dag_processing.manager.DagFileProcessorManager] loc=manager.py:843
dag-processor | 2026-07-26T20:34:35.218253Z [info     ] Not time to refresh bundle dags-folder [airflow.dag_processing.manager.DagFileProcessorManager] loc=manager.py:843
dag-processor | 2026-07-26T20:34:40.246265Z [info     ] Not time to refresh bundle dags-folder [airflow.dag_processing.manager.DagFileProcessorManager] loc=manager.py:843
dag-processor | 2026-07-26T20:34:42.252945Z [info     ]
dag-processor | ================================================================================
dag-processor | DAG File Processing Stats
dag-processor | Bundle       File Path             PID    Current Duration      # DAGs    # Errors  Last Duration    Last Run At
dag-processor | -----------  --------------------  -----  ------------------  --------  ----------  ---------------  -------------------
dag-processor | dags-folder  fifa_etl_dag.py                                         1           0  0.06s            2026-07-26T20:34:24
dag-processor | dags-folder  fifa_sync_raw_dag.py                                    1           0  0.06s            2026-07-26T20:34:26
dag-processor | ================================================================================ [airflow.dag_processing.manager.DagFileProcessorManager] loc=manager.py:1123
dag-processor | 2026-07-26T20:34:45.269877Z [info     ] Not time to refresh bundle dags-folder [airflow.dag_processing.manager.DagFileProcessorManager] loc=manager.py:843
dag-processor | 2026-07-26T20:34:50.288416Z [info     ] Not time to refresh bundle dags-folder [airflow.dag_processing.manager.DagFileProcessorManager] loc=manager.py:843
dag-processor | 2026-07-26T20:34:54.361893Z [info     ] Bulk-writing dags to db        [airflow.serialization.definitions.dag] count=1 loc=dag.py:210
dag-processor | 2026-07-26T20:34:54.365306Z [info     ] Getting latest run for non-partitioned Dag [airflow.dag_processing.collection] dag_id=Proyecto_FIFA_ETL loc=collection.py:200
dag-processor | 2026-07-26T20:34:54.366844Z [info     ] got latest run                 [airflow.dag_processing.collection] dag_id=Proyecto_FIFA_ETL loc=collection.py:203 logical_date='2026-07-26 00:00:00+00:00' partition_key=None
dag-processor | 2026-07-26T20:34:54.373910Z [info     ] get next_dagrun_info_v2        [airflow.serialization.definitions.dag] last_automated_run_info=DagRunInfo(run_after=DateTime(2026, 7, 26, 0, 0, 0, tzinfo=Timezone('UTC')), data_interval=DataInterval(start=DateTime(2026, 7, 26, 0, 0, 0, tzinfo=Timezone('UTC')), end=DateTime(2026, 7, 26, 0, 0, 0, tzinfo=Timezone('UTC'))), partition_date=None, partition_key=None) loc=dag.py:445 next_info=DagRunInfo(run_after=DateTime(2026, 7, 27, 0, 0, 0, tzinfo=Timezone('UTC')), data_interval=DataInterval(start=DateTime(2026, 7, 27, 0, 0, 0, tzinfo=Timezone('UTC')), end=DateTime(2026, 7, 27, 0, 0, 0, tzinfo=Timezone('UTC'))), partition_date=None, partition_key=None)
dag-processor | 2026-07-26T20:34:54.374114Z [info     ] setting next dagrun info       [airflow.models.dag] loc=dag.py:848 next_dagrun='2026-07-27 00:00:00+00:00' next_dagrun_create_after='2026-07-27 00:00:00+00:00' next_dagrun_data_interval_end='2026-07-27 00:00:00+00:00' next_dagrun_data_interval_start='2026-07-27 00:00:00+00:00' next_dagrun_partition_date=None next_dagrun_partition_key=None
dag-processor | 2026-07-26T20:34:55.365814Z [info     ] Not time to refresh bundle dags-folder [airflow.dag_processing.manager.DagFileProcessorManager] loc=manager.py:843
dag-processor | 2026-07-26T20:34:56.444056Z [info     ] Bulk-writing dags to db        [airflow.serialization.definitions.dag] count=1 loc=dag.py:210
dag-processor | 2026-07-26T20:34:56.448548Z [info     ] Getting latest run for non-partitioned Dag [airflow.dag_processing.collection] dag_id=Proyecto_FIFA_Sync_Raw_CSV loc=collection.py:200
dag-processor | 2026-07-26T20:34:56.449967Z [info     ] got latest run                 [airflow.dag_processing.collection] dag_id=Proyecto_FIFA_Sync_Raw_CSV loc=collection.py:203 logical_date='2026-07-26 20:00:00+00:00' partition_key=None
dag-processor | 2026-07-26T20:34:56.457419Z [info     ] get next_dagrun_info_v2        [airflow.serialization.definitions.dag] last_automated_run_info=DagRunInfo(run_after=DateTime(2026, 7, 26, 20, 0, 0, tzinfo=Timezone('UTC')), data_interval=DataInterval(start=DateTime(2026, 7, 26, 20, 0, 0, tzinfo=Timezone('UTC')), end=DateTime(2026, 7, 26, 20, 0, 0, tzinfo=Timezone('UTC'))), partition_date=None, partition_key=None) loc=dag.py:445 next_info=DagRunInfo(run_after=DateTime(2026, 7, 26, 21, 0, 0, tzinfo=Timezone('UTC')), data_interval=DataInterval(start=DateTime(2026, 7, 26, 21, 0, 0, tzinfo=Timezone('UTC')), end=DateTime(2026, 7, 26, 21, 0, 0, tzinfo=Timezone('UTC'))), partition_date=None, partition_key=None)
dag-processor | 2026-07-26T20:34:56.457629Z [info     ] setting next dagrun info       [airflow.models.dag] loc=dag.py:848 next_dagrun='2026-07-26 21:00:00+00:00' next_dagrun_create_after='2026-07-26 21:00:00+00:00' next_dagrun_data_interval_end='2026-07-26 21:00:00+00:00' next_dagrun_data_interval_start='2026-07-26 21:00:00+00:00' next_dagrun_partition_date=None next_dagrun_partition_key=None
dag-processor | 2026-07-26T20:35:00.460168Z [info     ] Not time to refresh bundle dags-folder [airflow.dag_processing.manager.DagFileProcessorManager] loc=manager.py:843
dag-processor | 2026-07-26T20:35:05.480921Z [info     ] Not time to refresh bundle dags-folder [airflow.dag_processing.manager.DagFileProcessorManager] loc=manager.py:843
dag-processor | 2026-07-26T20:35:10.502323Z [info     ] Not time to refresh bundle dags-folder [airflow.dag_processing.manager.DagFileProcessorManager] loc=manager.py:843
dag-processor | 2026-07-26T20:35:12.509895Z [info     ]
dag-processor | ================================================================================
dag-processor | DAG File Processing Stats
dag-processor | Bundle       File Path             PID    Current Duration      # DAGs    # Errors  Last Duration    Last Run At
dag-processor | -----------  --------------------  -----  ------------------  --------  ----------  ---------------  -------------------
dag-processor | dags-folder  fifa_etl_dag.py                                         1           0  0.05s            2026-07-26T20:34:54
dag-processor | dags-folder  fifa_sync_raw_dag.py                                    1           0  0.05s            2026-07-26T20:34:56
dag-processor | ================================================================================ [airflow.dag_processing.manager.DagFileProcessorManager] loc=manager.py:1123
dag-processor | 2026-07-26T20:35:15.523856Z [info     ] Not time to refresh bundle dags-folder [airflow.dag_processing.manager.DagFileProcessorManager] loc=manager.py:843
scheduler  | 2026-07-26T20:35:17.110267Z [info     ] Adopting or resetting orphaned tasks for active dag runs [airflow.jobs.scheduler_job_runner.SchedulerJobRunner] loc=scheduler_job_runner.py:3244
dag-processor | 2026-07-26T20:35:20.544879Z [info     ] Not time to refresh bundle dags-folder [airflow.dag_processing.manager.DagFileProcessorManager] loc=manager.py:843
dag-processor | 2026-07-26T20:35:24.620687Z [info     ] Bulk-writing dags to db        [airflow.serialization.definitions.dag] count=1 loc=dag.py:210
dag-processor | 2026-07-26T20:35:24.624603Z [info     ] Getting latest run for non-partitioned Dag [airflow.dag_processing.collection] dag_id=Proyecto_FIFA_ETL loc=collection.py:200
dag-processor | 2026-07-26T20:35:24.626058Z [info     ] got latest run                 [airflow.dag_processing.collection] dag_id=Proyecto_FIFA_ETL loc=collection.py:203 logical_date='2026-07-26 00:00:00+00:00' partition_key=None
dag-processor | 2026-07-26T20:35:24.633713Z [info     ] get next_dagrun_info_v2        [airflow.serialization.definitions.dag] last_automated_run_info=DagRunInfo(run_after=DateTime(2026, 7, 26, 0, 0, 0, tzinfo=Timezone('UTC')), data_interval=DataInterval(start=DateTime(2026, 7, 26, 0, 0, 0, tzinfo=Timezone('UTC')), end=DateTime(2026, 7, 26, 0, 0, 0, tzinfo=Timezone('UTC'))), partition_date=None, partition_key=None) loc=dag.py:445 next_info=DagRunInfo(run_after=DateTime(2026, 7, 27, 0, 0, 0, tzinfo=Timezone('UTC')), data_interval=DataInterval(start=DateTime(2026, 7, 27, 0, 0, 0, tzinfo=Timezone('UTC')), end=DateTime(2026, 7, 27, 0, 0, 0, tzinfo=Timezone('UTC'))), partition_date=None, partition_key=None)
dag-processor | 2026-07-26T20:35:24.633928Z [info     ] setting next dagrun info       [airflow.models.dag] loc=dag.py:848 next_dagrun='2026-07-27 00:00:00+00:00' next_dagrun_create_after='2026-07-27 00:00:00+00:00' next_dagrun_data_interval_end='2026-07-27 00:00:00+00:00' next_dagrun_data_interval_start='2026-07-27 00:00:00+00:00' next_dagrun_partition_date=None next_dagrun_partition_key=None
dag-processor | 2026-07-26T20:35:25.625864Z [info     ] Not time to refresh bundle dags-folder [airflow.dag_processing.manager.DagFileProcessorManager] loc=manager.py:843
triggerer  | 2026-07-26T20:35:26.252225Z [info     ] 0 triggers currently running   [airflow.jobs.triggerer_job_runner] loc=triggerer_job_runner.py:1036
triggerer  | 2026-07-26T20:35:26.252401Z [info     ] 0 watchers currently running   [airflow.jobs.triggerer_job_runner] loc=triggerer_job_runner.py:1036
dag-processor | 2026-07-26T20:35:26.699110Z [info     ] Bulk-writing dags to db        [airflow.serialization.definitions.dag] count=1 loc=dag.py:210
dag-processor | 2026-07-26T20:35:26.704083Z [info     ] Getting latest run for non-partitioned Dag [airflow.dag_processing.collection] dag_id=Proyecto_FIFA_Sync_Raw_CSV loc=collection.py:200
dag-processor | 2026-07-26T20:35:26.705636Z [info     ] got latest run                 [airflow.dag_processing.collection] dag_id=Proyecto_FIFA_Sync_Raw_CSV loc=collection.py:203 logical_date='2026-07-26 20:00:00+00:00' partition_key=None
dag-processor | 2026-07-26T20:35:26.712952Z [info     ] get next_dagrun_info_v2        [airflow.serialization.definitions.dag] last_automated_run_info=DagRunInfo(run_after=DateTime(2026, 7, 26, 20, 0, 0, tzinfo=Timezone('UTC')), data_interval=DataInterval(start=DateTime(2026, 7, 26, 20, 0, 0, tzinfo=Timezone('UTC')), end=DateTime(2026, 7, 26, 20, 0, 0, tzinfo=Timezone('UTC'))), partition_date=None, partition_key=None) loc=dag.py:445 next_info=DagRunInfo(run_after=DateTime(2026, 7, 26, 21, 0, 0, tzinfo=Timezone('UTC')), data_interval=DataInterval(start=DateTime(2026, 7, 26, 21, 0, 0, tzinfo=Timezone('UTC')), end=DateTime(2026, 7, 26, 21, 0, 0, tzinfo=Timezone('UTC'))), partition_date=None, partition_key=None)
dag-processor | 2026-07-26T20:35:26.713191Z [info     ] setting next dagrun info       [airflow.models.dag] loc=dag.py:848 next_dagrun='2026-07-26 21:00:00+00:00' next_dagrun_create_after='2026-07-26 21:00:00+00:00' next_dagrun_data_interval_end='2026-07-26 21:00:00+00:00' next_dagrun_data_interval_start='2026-07-26 21:00:00+00:00' next_dagrun_partition_date=None next_dagrun_partition_key=None
dag-processor | 2026-07-26T20:35:30.714655Z [info     ] Not time to refresh bundle dags-folder [airflow.dag_processing.manager.DagFileProcessorManager] loc=manager.py:843
dag-processor | 2026-07-26T20:35:35.735233Z [info     ] Refreshing bundle dags-folder  [airflow.dag_processing.manager.DagFileProcessorManager] loc=manager.py:846
dag-processor | 2026-07-26T20:35:35.737602Z [info     ] Searching for files in dags-folder at /home/sebastian2/airflow/dags [airflow.dag_processing.manager.DagFileProcessorManager] loc=manager.py:914
dag-processor | 2026-07-26T20:35:35.738994Z [info     ] Found 2 files for bundle dags-folder [airflow.dag_processing.manager.DagFileProcessorManager] loc=manager.py:916
dag-processor | 2026-07-26T20:35:40.762198Z [info     ] Not time to refresh bundle dags-folder [airflow.dag_processing.manager.DagFileProcessorManager] loc=manager.py:843
dag-processor | 2026-07-26T20:35:42.769848Z [info     ]
dag-processor | ================================================================================
dag-processor | DAG File Processing Stats
dag-processor | Bundle       File Path             PID    Current Duration      # DAGs    # Errors  Last Duration    Last Run At
dag-processor | -----------  --------------------  -----  ------------------  --------  ----------  ---------------  -------------------
dag-processor | dags-folder  fifa_sync_raw_dag.py                                    1           0  0.06s            2026-07-26T20:35:26
dag-processor | dags-folder  fifa_etl_dag.py                                         1           0  0.05s            2026-07-26T20:35:24
dag-processor | ================================================================================ [airflow.dag_processing.manager.DagFileProcessorManager] loc=manager.py:1123
dag-processor | 2026-07-26T20:35:45.786580Z [info     ] Not time to refresh bundle dags-folder [airflow.dag_processing.manager.DagFileProcessorManager] loc=manager.py:843
dag-processor | 2026-07-26T20:35:50.809150Z [info     ] Not time to refresh bundle dags-folder [airflow.dag_processing.manager.DagFileProcessorManager] loc=manager.py:843
dag-processor | 2026-07-26T20:35:54.884103Z [info     ] Bulk-writing dags to db        [airflow.serialization.definitions.dag] count=1 loc=dag.py:210
dag-processor | 2026-07-26T20:35:54.889799Z [info     ] Getting latest run for non-partitioned Dag [airflow.dag_processing.collection] dag_id=Proyecto_FIFA_ETL loc=collection.py:200
dag-processor | 2026-07-26T20:35:54.892367Z [info     ] got latest run                 [airflow.dag_processing.collection] dag_id=Proyecto_FIFA_ETL loc=collection.py:203 logical_date='2026-07-26 00:00:00+00:00' partition_key=None
dag-processor | 2026-07-26T20:35:54.901427Z [info     ] get next_dagrun_info_v2        [airflow.serialization.definitions.dag] last_automated_run_info=DagRunInfo(run_after=DateTime(2026, 7, 26, 0, 0, 0, tzinfo=Timezone('UTC')), data_interval=DataInterval(start=DateTime(2026, 7, 26, 0, 0, 0, tzinfo=Timezone('UTC')), end=DateTime(2026, 7, 26, 0, 0, 0, tzinfo=Timezone('UTC'))), partition_date=None, partition_key=None) loc=dag.py:445 next_info=DagRunInfo(run_after=DateTime(2026, 7, 27, 0, 0, 0, tzinfo=Timezone('UTC')), data_interval=DataInterval(start=DateTime(2026, 7, 27, 0, 0, 0, tzinfo=Timezone('UTC')), end=DateTime(2026, 7, 27, 0, 0, 0, tzinfo=Timezone('UTC'))), partition_date=None, partition_key=None)
dag-processor | 2026-07-26T20:35:54.901652Z [info     ] setting next dagrun info       [airflow.models.dag] loc=dag.py:848 next_dagrun='2026-07-27 00:00:00+00:00' next_dagrun_create_after='2026-07-27 00:00:00+00:00' next_dagrun_data_interval_end='2026-07-27 00:00:00+00:00' next_dagrun_data_interval_start='2026-07-27 00:00:00+00:00' next_dagrun_partition_date=None next_dagrun_partition_key=None
dag-processor | 2026-07-26T20:35:55.886425Z [info     ] Not time to refresh bundle dags-folder [airflow.dag_processing.manager.DagFileProcessorManager] loc=manager.py:843
dag-processor | 2026-07-26T20:35:56.974393Z [info     ] Bulk-writing dags to db        [airflow.serialization.definitions.dag] count=1 loc=dag.py:210
dag-processor | 2026-07-26T20:35:56.977925Z [info     ] Getting latest run for non-partitioned Dag [airflow.dag_processing.collection] dag_id=Proyecto_FIFA_Sync_Raw_CSV loc=collection.py:200
dag-processor | 2026-07-26T20:35:56.979475Z [info     ] got latest run                 [airflow.dag_processing.collection] dag_id=Proyecto_FIFA_Sync_Raw_CSV loc=collection.py:203 logical_date='2026-07-26 20:00:00+00:00' partition_key=None
dag-processor | 2026-07-26T20:35:56.986821Z [info     ] get next_dagrun_info_v2        [airflow.serialization.definitions.dag] last_automated_run_info=DagRunInfo(run_after=DateTime(2026, 7, 26, 20, 0, 0, tzinfo=Timezone('UTC')), data_interval=DataInterval(start=DateTime(2026, 7, 26, 20, 0, 0, tzinfo=Timezone('UTC')), end=DateTime(2026, 7, 26, 20, 0, 0, tzinfo=Timezone('UTC'))), partition_date=None, partition_key=None) loc=dag.py:445 next_info=DagRunInfo(run_after=DateTime(2026, 7, 26, 21, 0, 0, tzinfo=Timezone('UTC')), data_interval=DataInterval(start=DateTime(2026, 7, 26, 21, 0, 0, tzinfo=Timezone('UTC')), end=DateTime(2026, 7, 26, 21, 0, 0, tzinfo=Timezone('UTC'))), partition_date=None, partition_key=None)
dag-processor | 2026-07-26T20:35:56.987040Z [info     ] setting next dagrun info       [airflow.models.dag] loc=dag.py:848 next_dagrun='2026-07-26 21:00:00+00:00' next_dagrun_create_after='2026-07-26 21:00:00+00:00' next_dagrun_data_interval_end='2026-07-26 21:00:00+00:00' next_dagrun_data_interval_start='2026-07-26 21:00:00+00:00' next_dagrun_partition_date=None next_dagrun_partition_key=None
dag-processor | 2026-07-26T20:36:01.531363Z [info     ] Not time to refresh bundle dags-folder [airflow.dag_processing.manager.DagFileProcessorManager] loc=manager.py:843
dag-processor | 2026-07-26T20:36:06.556701Z [info     ] Not time to refresh bundle dags-folder [airflow.dag_processing.manager.DagFileProcessorManager] loc=manager.py:843
dag-processor | 2026-07-26T20:36:11.578030Z [info     ] Not time to refresh bundle dags-folder [airflow.dag_processing.manager.DagFileProcessorManager] loc=manager.py:843
dag-processor | 2026-07-26T20:36:13.587061Z [info     ]
dag-processor | ================================================================================
dag-processor | DAG File Processing Stats
dag-processor | Bundle       File Path             PID    Current Duration      # DAGs    # Errors  Last Duration    Last Run At
dag-processor | -----------  --------------------  -----  ------------------  --------  ----------  ---------------  -------------------
dag-processor | dags-folder  fifa_sync_raw_dag.py                                    1           0  0.06s            2026-07-26T20:35:56
dag-processor | dags-folder  fifa_etl_dag.py                                         1           0  0.06s            2026-07-26T20:35:54
dag-processor | ================================================================================ [airflow.dag_processing.manager.DagFileProcessorManager] loc=manager.py:1123
dag-processor | 2026-07-26T20:36:16.657950Z [info     ] Not time to refresh bundle dags-folder [airflow.dag_processing.manager.DagFileProcessorManager] loc=manager.py:843
dag-processor | 2026-07-26T20:36:21.681238Z [info     ] Not time to refresh bundle dags-folder [airflow.dag_processing.manager.DagFileProcessorManager] loc=manager.py:843
dag-processor | 2026-07-26T20:36:25.755700Z [info     ] Bulk-writing dags to db        [airflow.serialization.definitions.dag] count=1 loc=dag.py:210
dag-processor | 2026-07-26T20:36:25.759165Z [info     ] Getting latest run for non-partitioned Dag [airflow.dag_processing.collection] dag_id=Proyecto_FIFA_ETL loc=collection.py:200
dag-processor | 2026-07-26T20:36:25.760680Z [info     ] got latest run                 [airflow.dag_processing.collection] dag_id=Proyecto_FIFA_ETL loc=collection.py:203 logical_date='2026-07-26 00:00:00+00:00' partition_key=None
dag-processor | 2026-07-26T20:36:25.767793Z [info     ] get next_dagrun_info_v2        [airflow.serialization.definitions.dag] last_automated_run_info=DagRunInfo(run_after=DateTime(2026, 7, 26, 0, 0, 0, tzinfo=Timezone('UTC')), data_interval=DataInterval(start=DateTime(2026, 7, 26, 0, 0, 0, tzinfo=Timezone('UTC')), end=DateTime(2026, 7, 26, 0, 0, 0, tzinfo=Timezone('UTC'))), partition_date=None, partition_key=None) loc=dag.py:445 next_info=DagRunInfo(run_after=DateTime(2026, 7, 27, 0, 0, 0, tzinfo=Timezone('UTC')), data_interval=DataInterval(start=DateTime(2026, 7, 27, 0, 0, 0, tzinfo=Timezone('UTC')), end=DateTime(2026, 7, 27, 0, 0, 0, tzinfo=Timezone('UTC'))), partition_date=None, partition_key=None)
dag-processor | 2026-07-26T20:36:25.768003Z [info     ] setting next dagrun info       [airflow.models.dag] loc=dag.py:848 next_dagrun='2026-07-27 00:00:00+00:00' next_dagrun_create_after='2026-07-27 00:00:00+00:00' next_dagrun_data_interval_end='2026-07-27 00:00:00+00:00' next_dagrun_data_interval_start='2026-07-27 00:00:00+00:00' next_dagrun_partition_date=None next_dagrun_partition_key=None
triggerer  | 2026-07-26T20:36:26.449074Z [info     ] 0 triggers currently running   [airflow.jobs.triggerer_job_runner] loc=triggerer_job_runner.py:1036
triggerer  | 2026-07-26T20:36:26.449199Z [info     ] 0 watchers currently running   [airflow.jobs.triggerer_job_runner] loc=triggerer_job_runner.py:1036
dag-processor | 2026-07-26T20:36:26.759868Z [info     ] Not time to refresh bundle dags-folder [airflow.dag_processing.manager.DagFileProcessorManager] loc=manager.py:843
dag-processor | 2026-07-26T20:36:27.826617Z [info     ] Bulk-writing dags to db        [airflow.serialization.definitions.dag] count=1 loc=dag.py:210
dag-processor | 2026-07-26T20:36:27.830277Z [info     ] Getting latest run for non-partitioned Dag [airflow.dag_processing.collection] dag_id=Proyecto_FIFA_Sync_Raw_CSV loc=collection.py:200
dag-processor | 2026-07-26T20:36:27.831740Z [info     ] got latest run                 [airflow.dag_processing.collection] dag_id=Proyecto_FIFA_Sync_Raw_CSV loc=collection.py:203 logical_date='2026-07-26 20:00:00+00:00' partition_key=None
dag-processor | 2026-07-26T20:36:27.839060Z [info     ] get next_dagrun_info_v2        [airflow.serialization.definitions.dag] last_automated_run_info=DagRunInfo(run_after=DateTime(2026, 7, 26, 20, 0, 0, tzinfo=Timezone('UTC')), data_interval=DataInterval(start=DateTime(2026, 7, 26, 20, 0, 0, tzinfo=Timezone('UTC')), end=DateTime(2026, 7, 26, 20, 0, 0, tzinfo=Timezone('UTC'))), partition_date=None, partition_key=None) loc=dag.py:445 next_info=DagRunInfo(run_after=DateTime(2026, 7, 26, 21, 0, 0, tzinfo=Timezone('UTC')), data_interval=DataInterval(start=DateTime(2026, 7, 26, 21, 0, 0, tzinfo=Timezone('UTC')), end=DateTime(2026, 7, 26, 21, 0, 0, tzinfo=Timezone('UTC'))), partition_date=None, partition_key=None)
dag-processor | 2026-07-26T20:36:27.839359Z [info     ] setting next dagrun info       [airflow.models.dag] loc=dag.py:848 next_dagrun='2026-07-26 21:00:00+00:00' next_dagrun_create_after='2026-07-26 21:00:00+00:00' next_dagrun_data_interval_end='2026-07-26 21:00:00+00:00' next_dagrun_data_interval_start='2026-07-26 21:00:00+00:00' next_dagrun_partition_date=None next_dagrun_partition_key=None
dag-processor | 2026-07-26T20:36:31.846263Z [info     ] Not time to refresh bundle dags-folder [airflow.dag_processing.manager.DagFileProcessorManager] loc=manager.py:843
dag-processor | 2026-07-26T20:36:36.872631Z [info     ] Not time to refresh bundle dags-folder [airflow.dag_processing.manager.DagFileProcessorManager] loc=manager.py:843
dag-processor | 2026-07-26T20:36:41.894954Z [info     ] Not time to refresh bundle dags-folder [airflow.dag_processing.manager.DagFileProcessorManager] loc=manager.py:843
dag-processor | 2026-07-26T20:36:43.904937Z [info     ]
dag-processor | ================================================================================
dag-processor | DAG File Processing Stats
dag-processor | Bundle       File Path             PID    Current Duration      # DAGs    # Errors  Last Duration    Last Run At
dag-processor | -----------  --------------------  -----  ------------------  --------  ----------  ---------------  -------------------
dag-processor | dags-folder  fifa_sync_raw_dag.py                                    1           0  0.05s            2026-07-26T20:36:27
dag-processor | dags-folder  fifa_etl_dag.py                                         1           0  0.05s            2026-07-26T20:36:25
dag-processor | ================================================================================ [airflow.dag_processing.manager.DagFileProcessorManager] loc=manager.py:1123
dag-processor | 2026-07-26T20:36:46.919963Z [info     ] Not time to refresh bundle dags-folder [airflow.dag_processing.manager.DagFileProcessorManager] loc=manager.py:843
dag-processor | 2026-07-26T20:36:52.086236Z [info     ] Not time to refresh bundle dags-folder [airflow.dag_processing.manager.DagFileProcessorManager] loc=manager.py:843
dag-processor | 2026-07-26T20:36:56.163865Z [info     ] Bulk-writing dags to db        [airflow.serialization.definitions.dag] count=1 loc=dag.py:210
dag-processor | 2026-07-26T20:36:56.167715Z [info     ] Getting latest run for non-partitioned Dag [airflow.dag_processing.collection] dag_id=Proyecto_FIFA_ETL loc=collection.py:200
dag-processor | 2026-07-26T20:36:56.169205Z [info     ] got latest run                 [airflow.dag_processing.collection] dag_id=Proyecto_FIFA_ETL loc=collection.py:203 logical_date='2026-07-26 00:00:00+00:00' partition_key=None
dag-processor | 2026-07-26T20:36:56.176901Z [info     ] get next_dagrun_info_v2        [airflow.serialization.definitions.dag] last_automated_run_info=DagRunInfo(run_after=DateTime(2026, 7, 26, 0, 0, 0, tzinfo=Timezone('UTC')), data_interval=DataInterval(start=DateTime(2026, 7, 26, 0, 0, 0, tzinfo=Timezone('UTC')), end=DateTime(2026, 7, 26, 0, 0, 0, tzinfo=Timezone('UTC'))), partition_date=None, partition_key=None) loc=dag.py:445 next_info=DagRunInfo(run_after=DateTime(2026, 7, 27, 0, 0, 0, tzinfo=Timezone('UTC')), data_interval=DataInterval(start=DateTime(2026, 7, 27, 0, 0, 0, tzinfo=Timezone('UTC')), end=DateTime(2026, 7, 27, 0, 0, 0, tzinfo=Timezone('UTC'))), partition_date=None, partition_key=None)
dag-processor | 2026-07-26T20:36:56.177223Z [info     ] setting next dagrun info       [airflow.models.dag] loc=dag.py:848 next_dagrun='2026-07-27 00:00:00+00:00' next_dagrun_create_after='2026-07-27 00:00:00+00:00' next_dagrun_data_interval_end='2026-07-27 00:00:00+00:00' next_dagrun_data_interval_start='2026-07-27 00:00:00+00:00' next_dagrun_partition_date=None next_dagrun_partition_key=None
dag-processor | 2026-07-26T20:36:57.169419Z [info     ] Not time to refresh bundle dags-folder [airflow.dag_processing.manager.DagFileProcessorManager] loc=manager.py:843
dag-processor | 2026-07-26T20:36:58.244390Z [info     ] Bulk-writing dags to db        [airflow.serialization.definitions.dag] count=1 loc=dag.py:210
dag-processor | 2026-07-26T20:36:58.248836Z [info     ] Getting latest run for non-partitioned Dag [airflow.dag_processing.collection] dag_id=Proyecto_FIFA_Sync_Raw_CSV loc=collection.py:200
dag-processor | 2026-07-26T20:36:58.250458Z [info     ] got latest run                 [airflow.dag_processing.collection] dag_id=Proyecto_FIFA_Sync_Raw_CSV loc=collection.py:203 logical_date='2026-07-26 20:00:00+00:00' partition_key=None
dag-processor | 2026-07-26T20:36:58.258127Z [info     ] get next_dagrun_info_v2        [airflow.serialization.definitions.dag] last_automated_run_info=DagRunInfo(run_after=DateTime(2026, 7, 26, 20, 0, 0, tzinfo=Timezone('UTC')), data_interval=DataInterval(start=DateTime(2026, 7, 26, 20, 0, 0, tzinfo=Timezone('UTC')), end=DateTime(2026, 7, 26, 20, 0, 0, tzinfo=Timezone('UTC'))), partition_date=None, partition_key=None) loc=dag.py:445 next_info=DagRunInfo(run_after=DateTime(2026, 7, 26, 21, 0, 0, tzinfo=Timezone('UTC')), data_interval=DataInterval(start=DateTime(2026, 7, 26, 21, 0, 0, tzinfo=Timezone('UTC')), end=DateTime(2026, 7, 26, 21, 0, 0, tzinfo=Timezone('UTC'))), partition_date=None, partition_key=None)
dag-processor | 2026-07-26T20:36:58.258386Z [info     ] setting next dagrun info       [airflow.models.dag] loc=dag.py:848 next_dagrun='2026-07-26 21:00:00+00:00' next_dagrun_create_after='2026-07-26 21:00:00+00:00' next_dagrun_data_interval_end='2026-07-26 21:00:00+00:00' next_dagrun_data_interval_start='2026-07-26 21:00:00+00:00' next_dagrun_partition_date=None next_dagrun_partition_key=None
dag-processor | 2026-07-26T20:37:02.265526Z [info     ] Not time to refresh bundle dags-folder [airflow.dag_processing.manager.DagFileProcessorManager] loc=manager.py:843
dag-processor | 2026-07-26T20:37:07.291292Z [info     ] Not time to refresh bundle dags-folder [airflow.dag_processing.manager.DagFileProcessorManager] loc=manager.py:843
dag-processor | 2026-07-26T20:37:12.317830Z [info     ] Not time to refresh bundle dags-folder [airflow.dag_processing.manager.DagFileProcessorManager] loc=manager.py:843
dag-processor | 2026-07-26T20:37:14.326162Z [info     ]
dag-processor | ================================================================================
dag-processor | DAG File Processing Stats
dag-processor | Bundle       File Path             PID    Current Duration      # DAGs    # Errors  Last Duration    Last Run At
dag-processor | -----------  --------------------  -----  ------------------  --------  ----------  ---------------  -------------------
dag-processor | dags-folder  fifa_sync_raw_dag.py                                    1           0  0.06s            2026-07-26T20:36:58
dag-processor | dags-folder  fifa_etl_dag.py                                         1           0  0.05s            2026-07-26T20:36:56
dag-processor | ================================================================================ [airflow.dag_processing.manager.DagFileProcessorManager] loc=manager.py:1123
dag-processor | 2026-07-26T20:37:17.342006Z [info     ] Not time to refresh bundle dags-folder [airflow.dag_processing.manager.DagFileProcessorManager] loc=manager.py:843
dag-processor | 2026-07-26T20:37:22.362422Z [info     ] Not time to refresh bundle dags-folder [airflow.dag_processing.manager.DagFileProcessorManager] loc=manager.py:843
dag-processor | 2026-07-26T20:37:26.439285Z [info     ] Bulk-writing dags to db        [airflow.serialization.definitions.dag] count=1 loc=dag.py:210
dag-processor | 2026-07-26T20:37:26.443229Z [info     ] Getting latest run for non-partitioned Dag [airflow.dag_processing.collection] dag_id=Proyecto_FIFA_ETL loc=collection.py:200
dag-processor | 2026-07-26T20:37:26.444691Z [info     ] got latest run                 [airflow.dag_processing.collection] dag_id=Proyecto_FIFA_ETL loc=collection.py:203 logical_date='2026-07-26 00:00:00+00:00' partition_key=None
dag-processor | 2026-07-26T20:37:26.451962Z [info     ] get next_dagrun_info_v2        [airflow.serialization.definitions.dag] last_automated_run_info=DagRunInfo(run_after=DateTime(2026, 7, 26, 0, 0, 0, tzinfo=Timezone('UTC')), data_interval=DataInterval(start=DateTime(2026, 7, 26, 0, 0, 0, tzinfo=Timezone('UTC')), end=DateTime(2026, 7, 26, 0, 0, 0, tzinfo=Timezone('UTC'))), partition_date=None, partition_key=None) loc=dag.py:445 next_info=DagRunInfo(run_after=DateTime(2026, 7, 27, 0, 0, 0, tzinfo=Timezone('UTC')), data_interval=DataInterval(start=DateTime(2026, 7, 27, 0, 0, 0, tzinfo=Timezone('UTC')), end=DateTime(2026, 7, 27, 0, 0, 0, tzinfo=Timezone('UTC'))), partition_date=None, partition_key=None)
dag-processor | 2026-07-26T20:37:26.452217Z [info     ] setting next dagrun info       [airflow.models.dag] loc=dag.py:848 next_dagrun='2026-07-27 00:00:00+00:00' next_dagrun_create_after='2026-07-27 00:00:00+00:00' next_dagrun_data_interval_end='2026-07-27 00:00:00+00:00' next_dagrun_data_interval_start='2026-07-27 00:00:00+00:00' next_dagrun_partition_date=None next_dagrun_partition_key=None
triggerer  | 2026-07-26T20:37:26.647932Z [info     ] 0 triggers currently running   [airflow.jobs.triggerer_job_runner] loc=triggerer_job_runner.py:1036
triggerer  | 2026-07-26T20:37:26.648033Z [info     ] 0 watchers currently running   [airflow.jobs.triggerer_job_runner] loc=triggerer_job_runner.py:1036
dag-processor | 2026-07-26T20:37:27.444585Z [info     ] Not time to refresh bundle dags-folder [airflow.dag_processing.manager.DagFileProcessorManager] loc=manager.py:843
dag-processor | 2026-07-26T20:37:28.514475Z [info     ] Bulk-writing dags to db        [airflow.serialization.definitions.dag] count=1 loc=dag.py:210
dag-processor | 2026-07-26T20:37:28.517931Z [info     ] Getting latest run for non-partitioned Dag [airflow.dag_processing.collection] dag_id=Proyecto_FIFA_Sync_Raw_CSV loc=collection.py:200
dag-processor | 2026-07-26T20:37:28.519459Z [info     ] got latest run                 [airflow.dag_processing.collection] dag_id=Proyecto_FIFA_Sync_Raw_CSV loc=collection.py:203 logical_date='2026-07-26 20:00:00+00:00' partition_key=None
dag-processor | 2026-07-26T20:37:28.526822Z [info     ] get next_dagrun_info_v2        [airflow.serialization.definitions.dag] last_automated_run_info=DagRunInfo(run_after=DateTime(2026, 7, 26, 20, 0, 0, tzinfo=Timezone('UTC')), data_interval=DataInterval(start=DateTime(2026, 7, 26, 20, 0, 0, tzinfo=Timezone('UTC')), end=DateTime(2026, 7, 26, 20, 0, 0, tzinfo=Timezone('UTC'))), partition_date=None, partition_key=None) loc=dag.py:445 next_info=DagRunInfo(run_after=DateTime(2026, 7, 26, 21, 0, 0, tzinfo=Timezone('UTC')), data_interval=DataInterval(start=DateTime(2026, 7, 26, 21, 0, 0, tzinfo=Timezone('UTC')), end=DateTime(2026, 7, 26, 21, 0, 0, tzinfo=Timezone('UTC'))), partition_date=None, partition_key=None)
dag-processor | 2026-07-26T20:37:28.527049Z [info     ] setting next dagrun info       [airflow.models.dag] loc=dag.py:848 next_dagrun='2026-07-26 21:00:00+00:00' next_dagrun_create_after='2026-07-26 21:00:00+00:00' next_dagrun_data_interval_end='2026-07-26 21:00:00+00:00' next_dagrun_data_interval_start='2026-07-26 21:00:00+00:00' next_dagrun_partition_date=None next_dagrun_partition_key=None
dag-processor | 2026-07-26T20:37:32.535579Z [info     ] Not time to refresh bundle dags-folder [airflow.dag_processing.manager.DagFileProcessorManager] loc=manager.py:843
dag-processor | 2026-07-26T20:37:37.557286Z [info     ] Not time to refresh bundle dags-folder [airflow.dag_processing.manager.DagFileProcessorManager] loc=manager.py:843
dag-processor | 2026-07-26T20:37:42.581002Z [info     ] Not time to refresh bundle dags-folder [airflow.dag_processing.manager.DagFileProcessorManager] loc=manager.py:843
dag-processor | 2026-07-26T20:37:44.589107Z [info     ]
dag-processor | ================================================================================
dag-processor | DAG File Processing Stats
dag-processor | Bundle       File Path             PID    Current Duration      # DAGs    # Errors  Last Duration    Last Run At
dag-processor | -----------  --------------------  -----  ------------------  --------  ----------  ---------------  -------------------
dag-processor | dags-folder  fifa_sync_raw_dag.py                                    1           0  0.06s            2026-07-26T20:37:28
dag-processor | dags-folder  fifa_etl_dag.py                                         1           0  0.06s            2026-07-26T20:37:26
dag-processor | ================================================================================ [airflow.dag_processing.manager.DagFileProcessorManager] loc=manager.py:1123
dag-processor | 2026-07-26T20:37:47.606119Z [info     ] Not time to refresh bundle dags-folder [airflow.dag_processing.manager.DagFileProcessorManager] loc=manager.py:843
dag-processor | 2026-07-26T20:37:52.630452Z [info     ] Not time to refresh bundle dags-folder [airflow.dag_processing.manager.DagFileProcessorManager] loc=manager.py:843
dag-processor | 2026-07-26T20:37:56.706214Z [info     ] Bulk-writing dags to db        [airflow.serialization.definitions.dag] count=1 loc=dag.py:210
dag-processor | 2026-07-26T20:37:56.709706Z [info     ] Getting latest run for non-partitioned Dag [airflow.dag_processing.collection] dag_id=Proyecto_FIFA_ETL loc=collection.py:200
dag-processor | 2026-07-26T20:37:56.711085Z [info     ] got latest run                 [airflow.dag_processing.collection] dag_id=Proyecto_FIFA_ETL loc=collection.py:203 logical_date='2026-07-26 00:00:00+00:00' partition_key=None
dag-processor | 2026-07-26T20:37:56.718314Z [info     ] get next_dagrun_info_v2        [airflow.serialization.definitions.dag] last_automated_run_info=DagRunInfo(run_after=DateTime(2026, 7, 26, 0, 0, 0, tzinfo=Timezone('UTC')), data_interval=DataInterval(start=DateTime(2026, 7, 26, 0, 0, 0, tzinfo=Timezone('UTC')), end=DateTime(2026, 7, 26, 0, 0, 0, tzinfo=Timezone('UTC'))), partition_date=None, partition_key=None) loc=dag.py:445 next_info=DagRunInfo(run_after=DateTime(2026, 7, 27, 0, 0, 0, tzinfo=Timezone('UTC')), data_interval=DataInterval(start=DateTime(2026, 7, 27, 0, 0, 0, tzinfo=Timezone('UTC')), end=DateTime(2026, 7, 27, 0, 0, 0, tzinfo=Timezone('UTC'))), partition_date=None, partition_key=None)
dag-processor | 2026-07-26T20:37:56.718577Z [info     ] setting next dagrun info       [airflow.models.dag] loc=dag.py:848 next_dagrun='2026-07-27 00:00:00+00:00' next_dagrun_create_after='2026-07-27 00:00:00+00:00' next_dagrun_data_interval_end='2026-07-27 00:00:00+00:00' next_dagrun_data_interval_start='2026-07-27 00:00:00+00:00' next_dagrun_partition_date=None next_dagrun_partition_key=None
dag-processor | 2026-07-26T20:37:57.712179Z [info     ] Not time to refresh bundle dags-folder [airflow.dag_processing.manager.DagFileProcessorManager] loc=manager.py:843
dag-processor | 2026-07-26T20:37:58.813895Z [info     ] Bulk-writing dags to db        [airflow.serialization.definitions.dag] count=1 loc=dag.py:210
dag-processor | 2026-07-26T20:37:58.817763Z [info     ] Getting latest run for non-partitioned Dag [airflow.dag_processing.collection] dag_id=Proyecto_FIFA_Sync_Raw_CSV loc=collection.py:200
dag-processor | 2026-07-26T20:37:58.819318Z [info     ] got latest run                 [airflow.dag_processing.collection] dag_id=Proyecto_FIFA_Sync_Raw_CSV loc=collection.py:203 logical_date='2026-07-26 20:00:00+00:00' partition_key=None
dag-processor | 2026-07-26T20:37:58.826561Z [info     ] get next_dagrun_info_v2        [airflow.serialization.definitions.dag] last_automated_run_info=DagRunInfo(run_after=DateTime(2026, 7, 26, 20, 0, 0, tzinfo=Timezone('UTC')), data_interval=DataInterval(start=DateTime(2026, 7, 26, 20, 0, 0, tzinfo=Timezone('UTC')), end=DateTime(2026, 7, 26, 20, 0, 0, tzinfo=Timezone('UTC'))), partition_date=None, partition_key=None) loc=dag.py:445 next_info=DagRunInfo(run_after=DateTime(2026, 7, 26, 21, 0, 0, tzinfo=Timezone('UTC')), data_interval=DataInterval(start=DateTime(2026, 7, 26, 21, 0, 0, tzinfo=Timezone('UTC')), end=DateTime(2026, 7, 26, 21, 0, 0, tzinfo=Timezone('UTC'))), partition_date=None, partition_key=None)
dag-processor | 2026-07-26T20:37:58.826789Z [info     ] setting next dagrun info       [airflow.models.dag] loc=dag.py:848 next_dagrun='2026-07-26 21:00:00+00:00' next_dagrun_create_after='2026-07-26 21:00:00+00:00' next_dagrun_data_interval_end='2026-07-26 21:00:00+00:00' next_dagrun_data_interval_start='2026-07-26 21:00:00+00:00' next_dagrun_partition_date=None next_dagrun_partition_key=None
dag-processor | 2026-07-26T20:38:02.834402Z [info     ] Not time to refresh bundle dags-folder [airflow.dag_processing.manager.DagFileProcessorManager] loc=manager.py:843
dag-processor | 2026-07-26T20:38:07.852202Z [info     ] Not time to refresh bundle dags-folder [airflow.dag_processing.manager.DagFileProcessorManager] loc=manager.py:843
dag-processor | 2026-07-26T20:38:12.875719Z [info     ] Not time to refresh bundle dags-folder [airflow.dag_processing.manager.DagFileProcessorManager] loc=manager.py:843
dag-processor | 2026-07-26T20:38:14.884232Z [info     ]
dag-processor | ================================================================================
dag-processor | DAG File Processing Stats
dag-processor | Bundle       File Path             PID    Current Duration      # DAGs    # Errors  Last Duration    Last Run At
dag-processor | -----------  --------------------  -----  ------------------  --------  ----------  ---------------  -------------------
dag-processor | dags-folder  fifa_etl_dag.py                                         1           0  0.06s            2026-07-26T20:37:56
dag-processor | dags-folder  fifa_sync_raw_dag.py                                    1           0  0.05s            2026-07-26T20:37:58
dag-processor | ================================================================================ [airflow.dag_processing.manager.DagFileProcessorManager] loc=manager.py:1123
dag-processor | 2026-07-26T20:38:17.897604Z [info     ] Not time to refresh bundle dags-folder [airflow.dag_processing.manager.DagFileProcessorManager] loc=manager.py:843
dag-processor | 2026-07-26T20:38:22.919305Z [info     ] Not time to refresh bundle dags-folder [airflow.dag_processing.manager.DagFileProcessorManager] loc=manager.py:843
triggerer  | 2026-07-26T20:38:26.831841Z [info     ] 0 triggers currently running   [airflow.jobs.triggerer_job_runner] loc=triggerer_job_runner.py:1036
triggerer  | 2026-07-26T20:38:26.831970Z [info     ] 0 watchers currently running   [airflow.jobs.triggerer_job_runner] loc=triggerer_job_runner.py:1036
dag-processor | 2026-07-26T20:38:26.992755Z [info     ] Bulk-writing dags to db        [airflow.serialization.definitions.dag] count=1 loc=dag.py:210
dag-processor | 2026-07-26T20:38:26.996990Z [info     ] Getting latest run for non-partitioned Dag [airflow.dag_processing.collection] dag_id=Proyecto_FIFA_ETL loc=collection.py:200
dag-processor | 2026-07-26T20:38:26.998486Z [info     ] got latest run                 [airflow.dag_processing.collection] dag_id=Proyecto_FIFA_ETL loc=collection.py:203 logical_date='2026-07-26 00:00:00+00:00' partition_key=None
dag-processor | 2026-07-26T20:38:27.006231Z [info     ] get next_dagrun_info_v2        [airflow.serialization.definitions.dag] last_automated_run_info=DagRunInfo(run_after=DateTime(2026, 7, 26, 0, 0, 0, tzinfo=Timezone('UTC')), data_interval=DataInterval(start=DateTime(2026, 7, 26, 0, 0, 0, tzinfo=Timezone('UTC')), end=DateTime(2026, 7, 26, 0, 0, 0, tzinfo=Timezone('UTC'))), partition_date=None, partition_key=None) loc=dag.py:445 next_info=DagRunInfo(run_after=DateTime(2026, 7, 27, 0, 0, 0, tzinfo=Timezone('UTC')), data_interval=DataInterval(start=DateTime(2026, 7, 27, 0, 0, 0, tzinfo=Timezone('UTC')), end=DateTime(2026, 7, 27, 0, 0, 0, tzinfo=Timezone('UTC'))), partition_date=None, partition_key=None)
dag-processor | 2026-07-26T20:38:27.006470Z [info     ] setting next dagrun info       [airflow.models.dag] loc=dag.py:848 next_dagrun='2026-07-27 00:00:00+00:00' next_dagrun_create_after='2026-07-27 00:00:00+00:00' next_dagrun_data_interval_end='2026-07-27 00:00:00+00:00' next_dagrun_data_interval_start='2026-07-27 00:00:00+00:00' next_dagrun_partition_date=None next_dagrun_partition_key=None
dag-processor | 2026-07-26T20:38:27.997245Z [info     ] Not time to refresh bundle dags-folder [airflow.dag_processing.manager.DagFileProcessorManager] loc=manager.py:843
dag-processor | 2026-07-26T20:38:29.129301Z [info     ] Bulk-writing dags to db        [airflow.serialization.definitions.dag] count=1 loc=dag.py:210
dag-processor | 2026-07-26T20:38:29.133997Z [info     ] Getting latest run for non-partitioned Dag [airflow.dag_processing.collection] dag_id=Proyecto_FIFA_Sync_Raw_CSV loc=collection.py:200
dag-processor | 2026-07-26T20:38:29.135494Z [info     ] got latest run                 [airflow.dag_processing.collection] dag_id=Proyecto_FIFA_Sync_Raw_CSV loc=collection.py:203 logical_date='2026-07-26 20:00:00+00:00' partition_key=None
dag-processor | 2026-07-26T20:38:29.142783Z [info     ] get next_dagrun_info_v2        [airflow.serialization.definitions.dag] last_automated_run_info=DagRunInfo(run_after=DateTime(2026, 7, 26, 20, 0, 0, tzinfo=Timezone('UTC')), data_interval=DataInterval(start=DateTime(2026, 7, 26, 20, 0, 0, tzinfo=Timezone('UTC')), end=DateTime(2026, 7, 26, 20, 0, 0, tzinfo=Timezone('UTC'))), partition_date=None, partition_key=None) loc=dag.py:445 next_info=DagRunInfo(run_after=DateTime(2026, 7, 26, 21, 0, 0, tzinfo=Timezone('UTC')), data_interval=DataInterval(start=DateTime(2026, 7, 26, 21, 0, 0, tzinfo=Timezone('UTC')), end=DateTime(2026, 7, 26, 21, 0, 0, tzinfo=Timezone('UTC'))), partition_date=None, partition_key=None)
dag-processor | 2026-07-26T20:38:29.143006Z [info     ] setting next dagrun info       [airflow.models.dag] loc=dag.py:848 next_dagrun='2026-07-26 21:00:00+00:00' next_dagrun_create_after='2026-07-26 21:00:00+00:00' next_dagrun_data_interval_end='2026-07-26 21:00:00+00:00' next_dagrun_data_interval_start='2026-07-26 21:00:00+00:00' next_dagrun_partition_date=None next_dagrun_partition_key=None
dag-processor | 2026-07-26T20:38:33.146701Z [info     ] Not time to refresh bundle dags-folder [airflow.dag_processing.manager.DagFileProcessorManager] loc=manager.py:843
dag-processor | 2026-07-26T20:38:38.175137Z [info     ] Not time to refresh bundle dags-folder [airflow.dag_processing.manager.DagFileProcessorManager] loc=manager.py:843
dag-processor | 2026-07-26T20:38:43.199335Z [info     ] Not time to refresh bundle dags-folder [airflow.dag_processing.manager.DagFileProcessorManager] loc=manager.py:843
dag-processor | 2026-07-26T20:38:45.206151Z [info     ]
dag-processor | ================================================================================
dag-processor | DAG File Processing Stats
dag-processor | Bundle       File Path             PID    Current Duration      # DAGs    # Errors  Last Duration    Last Run At
dag-processor | -----------  --------------------  -----  ------------------  --------  ----------  ---------------  -------------------
dag-processor | dags-folder  fifa_sync_raw_dag.py                                    1           0  0.06s            2026-07-26T20:38:29
dag-processor | dags-folder  fifa_etl_dag.py                                         1           0  0.05s            2026-07-26T20:38:26
dag-processor | ================================================================================ [airflow.dag_processing.manager.DagFileProcessorManager] loc=manager.py:1123
dag-processor | 2026-07-26T20:38:48.220184Z [info     ] Not time to refresh bundle dags-folder [airflow.dag_processing.manager.DagFileProcessorManager] loc=manager.py:843
dag-processor | 2026-07-26T20:38:53.243439Z [info     ] Not time to refresh bundle dags-folder [airflow.dag_processing.manager.DagFileProcessorManager] loc=manager.py:843
dag-processor | 2026-07-26T20:38:57.339334Z [info     ] Bulk-writing dags to db        [airflow.serialization.definitions.dag] count=1 loc=dag.py:210
dag-processor | 2026-07-26T20:38:57.346282Z [info     ] Getting latest run for non-partitioned Dag [airflow.dag_processing.collection] dag_id=Proyecto_FIFA_ETL loc=collection.py:200
dag-processor | 2026-07-26T20:38:57.349205Z [info     ] got latest run                 [airflow.dag_processing.collection] dag_id=Proyecto_FIFA_ETL loc=collection.py:203 logical_date='2026-07-26 00:00:00+00:00' partition_key=None
dag-processor | 2026-07-26T20:38:57.359194Z [info     ] get next_dagrun_info_v2        [airflow.serialization.definitions.dag] last_automated_run_info=DagRunInfo(run_after=DateTime(2026, 7, 26, 0, 0, 0, tzinfo=Timezone('UTC')), data_interval=DataInterval(start=DateTime(2026, 7, 26, 0, 0, 0, tzinfo=Timezone('UTC')), end=DateTime(2026, 7, 26, 0, 0, 0, tzinfo=Timezone('UTC'))), partition_date=None, partition_key=None) loc=dag.py:445 next_info=DagRunInfo(run_after=DateTime(2026, 7, 27, 0, 0, 0, tzinfo=Timezone('UTC')), data_interval=DataInterval(start=DateTime(2026, 7, 27, 0, 0, 0, tzinfo=Timezone('UTC')), end=DateTime(2026, 7, 27, 0, 0, 0, tzinfo=Timezone('UTC'))), partition_date=None, partition_key=None)
dag-processor | 2026-07-26T20:38:57.359512Z [info     ] setting next dagrun info       [airflow.models.dag] loc=dag.py:848 next_dagrun='2026-07-27 00:00:00+00:00' next_dagrun_create_after='2026-07-27 00:00:00+00:00' next_dagrun_data_interval_end='2026-07-27 00:00:00+00:00' next_dagrun_data_interval_start='2026-07-27 00:00:00+00:00' next_dagrun_partition_date=None next_dagrun_partition_key=None
dag-processor | 2026-07-26T20:38:58.344748Z [info     ] Not time to refresh bundle dags-folder [airflow.dag_processing.manager.DagFileProcessorManager] loc=manager.py:843
dag-processor | 2026-07-26T20:38:59.411000Z [info     ] Bulk-writing dags to db        [airflow.serialization.definitions.dag] count=1 loc=dag.py:210
dag-processor | 2026-07-26T20:38:59.414681Z [info     ] Getting latest run for non-partitioned Dag [airflow.dag_processing.collection] dag_id=Proyecto_FIFA_Sync_Raw_CSV loc=collection.py:200
dag-processor | 2026-07-26T20:38:59.416529Z [info     ] got latest run                 [airflow.dag_processing.collection] dag_id=Proyecto_FIFA_Sync_Raw_CSV loc=collection.py:203 logical_date='2026-07-26 20:00:00+00:00' partition_key=None
dag-processor | 2026-07-26T20:38:59.423996Z [info     ] get next_dagrun_info_v2        [airflow.serialization.definitions.dag] last_automated_run_info=DagRunInfo(run_after=DateTime(2026, 7, 26, 20, 0, 0, tzinfo=Timezone('UTC')), data_interval=DataInterval(start=DateTime(2026, 7, 26, 20, 0, 0, tzinfo=Timezone('UTC')), end=DateTime(2026, 7, 26, 20, 0, 0, tzinfo=Timezone('UTC'))), partition_date=None, partition_key=None) loc=dag.py:445 next_info=DagRunInfo(run_after=DateTime(2026, 7, 26, 21, 0, 0, tzinfo=Timezone('UTC')), data_interval=DataInterval(start=DateTime(2026, 7, 26, 21, 0, 0, tzinfo=Timezone('UTC')), end=DateTime(2026, 7, 26, 21, 0, 0, tzinfo=Timezone('UTC'))), partition_date=None, partition_key=None)
dag-processor | 2026-07-26T20:38:59.424232Z [info     ] setting next dagrun info       [airflow.models.dag] loc=dag.py:848 next_dagrun='2026-07-26 21:00:00+00:00' next_dagrun_create_after='2026-07-26 21:00:00+00:00' next_dagrun_data_interval_end='2026-07-26 21:00:00+00:00' next_dagrun_data_interval_start='2026-07-26 21:00:00+00:00' next_dagrun_partition_date=None next_dagrun_partition_key=None
dag-processor | 2026-07-26T20:39:03.431304Z [info     ] Not time to refresh bundle dags-folder [airflow.dag_processing.manager.DagFileProcessorManager] loc=manager.py:843
dag-processor | 2026-07-26T20:39:08.479465Z [info     ] Not time to refresh bundle dags-folder [airflow.dag_processing.manager.DagFileProcessorManager] loc=manager.py:843
dag-processor | 2026-07-26T20:39:13.503442Z [info     ] Not time to refresh bundle dags-folder [airflow.dag_processing.manager.DagFileProcessorManager] loc=manager.py:843
dag-processor | 2026-07-26T20:39:15.511234Z [info     ]
dag-processor | ================================================================================
dag-processor | DAG File Processing Stats
dag-processor | Bundle       File Path             PID    Current Duration      # DAGs    # Errors  Last Duration    Last Run At
dag-processor | -----------  --------------------  -----  ------------------  --------  ----------  ---------------  -------------------
dag-processor | dags-folder  fifa_etl_dag.py                                         1           0  0.07s            2026-07-26T20:38:57
dag-processor | dags-folder  fifa_sync_raw_dag.py                                    1           0  0.05s            2026-07-26T20:38:59
dag-processor | ================================================================================ [airflow.dag_processing.manager.DagFileProcessorManager] loc=manager.py:1123
dag-processor | 2026-07-26T20:39:18.525926Z [info     ] Not time to refresh bundle dags-folder [airflow.dag_processing.manager.DagFileProcessorManager] loc=manager.py:843
dag-processor | 2026-07-26T20:39:23.547235Z [info     ] Not time to refresh bundle dags-folder [airflow.dag_processing.manager.DagFileProcessorManager] loc=manager.py:843
triggerer  | 2026-07-26T20:39:27.046331Z [info     ] 0 triggers currently running   [airflow.jobs.triggerer_job_runner] loc=triggerer_job_runner.py:1036
triggerer  | 2026-07-26T20:39:27.046436Z [info     ] 0 watchers currently running   [airflow.jobs.triggerer_job_runner] loc=triggerer_job_runner.py:1036
dag-processor | 2026-07-26T20:39:27.637713Z [info     ] Bulk-writing dags to db        [airflow.serialization.definitions.dag] count=1 loc=dag.py:210
dag-processor | 2026-07-26T20:39:27.641332Z [info     ] Getting latest run for non-partitioned Dag [airflow.dag_processing.collection] dag_id=Proyecto_FIFA_ETL loc=collection.py:200
dag-processor | 2026-07-26T20:39:27.642936Z [info     ] got latest run                 [airflow.dag_processing.collection] dag_id=Proyecto_FIFA_ETL loc=collection.py:203 logical_date='2026-07-26 00:00:00+00:00' partition_key=None
dag-processor | 2026-07-26T20:39:27.650600Z [info     ] get next_dagrun_info_v2        [airflow.serialization.definitions.dag] last_automated_run_info=DagRunInfo(run_after=DateTime(2026, 7, 26, 0, 0, 0, tzinfo=Timezone('UTC')), data_interval=DataInterval(start=DateTime(2026, 7, 26, 0, 0, 0, tzinfo=Timezone('UTC')), end=DateTime(2026, 7, 26, 0, 0, 0, tzinfo=Timezone('UTC'))), partition_date=None, partition_key=None) loc=dag.py:445 next_info=DagRunInfo(run_after=DateTime(2026, 7, 27, 0, 0, 0, tzinfo=Timezone('UTC')), data_interval=DataInterval(start=DateTime(2026, 7, 27, 0, 0, 0, tzinfo=Timezone('UTC')), end=DateTime(2026, 7, 27, 0, 0, 0, tzinfo=Timezone('UTC'))), partition_date=None, partition_key=None)
dag-processor | 2026-07-26T20:39:27.650930Z [info     ] setting next dagrun info       [airflow.models.dag] loc=dag.py:848 next_dagrun='2026-07-27 00:00:00+00:00' next_dagrun_create_after='2026-07-27 00:00:00+00:00' next_dagrun_data_interval_end='2026-07-27 00:00:00+00:00' next_dagrun_data_interval_start='2026-07-27 00:00:00+00:00' next_dagrun_partition_date=None next_dagrun_partition_key=None
dag-processor | 2026-07-26T20:39:28.643302Z [info     ] Not time to refresh bundle dags-folder [airflow.dag_processing.manager.DagFileProcessorManager] loc=manager.py:843
dag-processor | 2026-07-26T20:39:29.715392Z [info     ] Bulk-writing dags to db        [airflow.serialization.definitions.dag] count=1 loc=dag.py:210
dag-processor | 2026-07-26T20:39:29.718933Z [info     ] Getting latest run for non-partitioned Dag [airflow.dag_processing.collection] dag_id=Proyecto_FIFA_Sync_Raw_CSV loc=collection.py:200
dag-processor | 2026-07-26T20:39:29.720287Z [info     ] got latest run                 [airflow.dag_processing.collection] dag_id=Proyecto_FIFA_Sync_Raw_CSV loc=collection.py:203 logical_date='2026-07-26 20:00:00+00:00' partition_key=None
dag-processor | 2026-07-26T20:39:29.727446Z [info     ] get next_dagrun_info_v2        [airflow.serialization.definitions.dag] last_automated_run_info=DagRunInfo(run_after=DateTime(2026, 7, 26, 20, 0, 0, tzinfo=Timezone('UTC')), data_interval=DataInterval(start=DateTime(2026, 7, 26, 20, 0, 0, tzinfo=Timezone('UTC')), end=DateTime(2026, 7, 26, 20, 0, 0, tzinfo=Timezone('UTC'))), partition_date=None, partition_key=None) loc=dag.py:445 next_info=DagRunInfo(run_after=DateTime(2026, 7, 26, 21, 0, 0, tzinfo=Timezone('UTC')), data_interval=DataInterval(start=DateTime(2026, 7, 26, 21, 0, 0, tzinfo=Timezone('UTC')), end=DateTime(2026, 7, 26, 21, 0, 0, tzinfo=Timezone('UTC'))), partition_date=None, partition_key=None)
dag-processor | 2026-07-26T20:39:29.727735Z [info     ] setting next dagrun info       [airflow.models.dag] loc=dag.py:848 next_dagrun='2026-07-26 21:00:00+00:00' next_dagrun_create_after='2026-07-26 21:00:00+00:00' next_dagrun_data_interval_end='2026-07-26 21:00:00+00:00' next_dagrun_data_interval_start='2026-07-26 21:00:00+00:00' next_dagrun_partition_date=None next_dagrun_partition_key=None
dag-processor | 2026-07-26T20:39:33.736231Z [info     ] Not time to refresh bundle dags-folder [airflow.dag_processing.manager.DagFileProcessorManager] loc=manager.py:843
dag-processor | 2026-07-26T20:39:38.762165Z [info     ] Not time to refresh bundle dags-folder [airflow.dag_processing.manager.DagFileProcessorManager] loc=manager.py:843
dag-processor | 2026-07-26T20:39:43.784426Z [info     ] Not time to refresh bundle dags-folder [airflow.dag_processing.manager.DagFileProcessorManager] loc=manager.py:843
dag-processor | 2026-07-26T20:39:45.792594Z [info     ]
dag-processor | ================================================================================
dag-processor | DAG File Processing Stats
dag-processor | Bundle       File Path             PID    Current Duration      # DAGs    # Errors  Last Duration    Last Run At
dag-processor | -----------  --------------------  -----  ------------------  --------  ----------  ---------------  -------------------
dag-processor | dags-folder  fifa_etl_dag.py                                         1           0  0.07s            2026-07-26T20:39:27
dag-processor | dags-folder  fifa_sync_raw_dag.py                                    1           0  0.06s            2026-07-26T20:39:29
dag-processor | ================================================================================ [airflow.dag_processing.manager.DagFileProcessorManager] loc=manager.py:1123
dag-processor | 2026-07-26T20:39:48.808301Z [info     ] Not time to refresh bundle dags-folder [airflow.dag_processing.manager.DagFileProcessorManager] loc=manager.py:843
dag-processor | 2026-07-26T20:39:53.835636Z [info     ] Not time to refresh bundle dags-folder [airflow.dag_processing.manager.DagFileProcessorManager] loc=manager.py:843
dag-processor | 2026-07-26T20:39:57.924069Z [info     ] Bulk-writing dags to db        [airflow.serialization.definitions.dag] count=1 loc=dag.py:210
dag-processor | 2026-07-26T20:39:57.929641Z [info     ] Getting latest run for non-partitioned Dag [airflow.dag_processing.collection] dag_id=Proyecto_FIFA_ETL loc=collection.py:200
dag-processor | 2026-07-26T20:39:57.932282Z [info     ] got latest run                 [airflow.dag_processing.collection] dag_id=Proyecto_FIFA_ETL loc=collection.py:203 logical_date='2026-07-26 00:00:00+00:00' partition_key=None
dag-processor | 2026-07-26T20:39:57.942947Z [info     ] get next_dagrun_info_v2        [airflow.serialization.definitions.dag] last_automated_run_info=DagRunInfo(run_after=DateTime(2026, 7, 26, 0, 0, 0, tzinfo=Timezone('UTC')), data_interval=DataInterval(start=DateTime(2026, 7, 26, 0, 0, 0, tzinfo=Timezone('UTC')), end=DateTime(2026, 7, 26, 0, 0, 0, tzinfo=Timezone('UTC'))), partition_date=None, partition_key=None) loc=dag.py:445 next_info=DagRunInfo(run_after=DateTime(2026, 7, 27, 0, 0, 0, tzinfo=Timezone('UTC')), data_interval=DataInterval(start=DateTime(2026, 7, 27, 0, 0, 0, tzinfo=Timezone('UTC')), end=DateTime(2026, 7, 27, 0, 0, 0, tzinfo=Timezone('UTC'))), partition_date=None, partition_key=None)
dag-processor | 2026-07-26T20:39:57.943222Z [info     ] setting next dagrun info       [airflow.models.dag] loc=dag.py:848 next_dagrun='2026-07-27 00:00:00+00:00' next_dagrun_create_after='2026-07-27 00:00:00+00:00' next_dagrun_data_interval_end='2026-07-27 00:00:00+00:00' next_dagrun_data_interval_start='2026-07-27 00:00:00+00:00' next_dagrun_partition_date=None next_dagrun_partition_key=None
dag-processor | 2026-07-26T20:39:58.929096Z [info     ] Not time to refresh bundle dags-folder [airflow.dag_processing.manager.DagFileProcessorManager] loc=manager.py:843
dag-processor | 2026-07-26T20:40:00.006283Z [info     ] Bulk-writing dags to db        [airflow.serialization.definitions.dag] count=1 loc=dag.py:210
dag-processor | 2026-07-26T20:40:00.010697Z [info     ] Getting latest run for non-partitioned Dag [airflow.dag_processing.collection] dag_id=Proyecto_FIFA_Sync_Raw_CSV loc=collection.py:200
dag-processor | 2026-07-26T20:40:00.012337Z [info     ] got latest run                 [airflow.dag_processing.collection] dag_id=Proyecto_FIFA_Sync_Raw_CSV loc=collection.py:203 logical_date='2026-07-26 20:00:00+00:00' partition_key=None
dag-processor | 2026-07-26T20:40:00.022246Z [info     ] get next_dagrun_info_v2        [airflow.serialization.definitions.dag] last_automated_run_info=DagRunInfo(run_after=DateTime(2026, 7, 26, 20, 0, 0, tzinfo=Timezone('UTC')), data_interval=DataInterval(start=DateTime(2026, 7, 26, 20, 0, 0, tzinfo=Timezone('UTC')), end=DateTime(2026, 7, 26, 20, 0, 0, tzinfo=Timezone('UTC'))), partition_date=None, partition_key=None) loc=dag.py:445 next_info=DagRunInfo(run_after=DateTime(2026, 7, 26, 21, 0, 0, tzinfo=Timezone('UTC')), data_interval=DataInterval(start=DateTime(2026, 7, 26, 21, 0, 0, tzinfo=Timezone('UTC')), end=DateTime(2026, 7, 26, 21, 0, 0, tzinfo=Timezone('UTC'))), partition_date=None, partition_key=None)
dag-processor | 2026-07-26T20:40:00.022516Z [info     ] setting next dagrun info       [airflow.models.dag] loc=dag.py:848 next_dagrun='2026-07-26 21:00:00+00:00' next_dagrun_create_after='2026-07-26 21:00:00+00:00' next_dagrun_data_interval_end='2026-07-26 21:00:00+00:00' next_dagrun_data_interval_start='2026-07-26 21:00:00+00:00' next_dagrun_partition_date=None next_dagrun_partition_key=None
dag-processor | 2026-07-26T20:40:04.026802Z [info     ] Not time to refresh bundle dags-folder [airflow.dag_processing.manager.DagFileProcessorManager] loc=manager.py:843
dag-processor | 2026-07-26T20:40:09.056798Z [info     ] Not time to refresh bundle dags-folder [airflow.dag_processing.manager.DagFileProcessorManager] loc=manager.py:843
dag-processor | 2026-07-26T20:40:14.085219Z [info     ] Not time to refresh bundle dags-folder [airflow.dag_processing.manager.DagFileProcessorManager] loc=manager.py:843
dag-processor | 2026-07-26T20:40:16.095148Z [info     ]
dag-processor | ================================================================================
dag-processor | DAG File Processing Stats
dag-processor | Bundle       File Path             PID    Current Duration      # DAGs    # Errors  Last Duration    Last Run At
dag-processor | -----------  --------------------  -----  ------------------  --------  ----------  ---------------  -------------------
dag-processor | dags-folder  fifa_sync_raw_dag.py                                    1           0  0.06s            2026-07-26T20:40:00
dag-processor | dags-folder  fifa_etl_dag.py                                         1           0  0.06s            2026-07-26T20:39:57
dag-processor | ================================================================================ [airflow.dag_processing.manager.DagFileProcessorManager] loc=manager.py:1123
scheduler  | 2026-07-26T20:40:17.131907Z [info     ] Adopting or resetting orphaned tasks for active dag runs [airflow.jobs.scheduler_job_runner.SchedulerJobRunner] loc=scheduler_job_runner.py:3244
dag-processor | 2026-07-26T20:40:19.109315Z [info     ] Not time to refresh bundle dags-folder [airflow.dag_processing.manager.DagFileProcessorManager] loc=manager.py:843
dag-processor | 2026-07-26T20:40:24.135284Z [info     ] Not time to refresh bundle dags-folder [airflow.dag_processing.manager.DagFileProcessorManager] loc=manager.py:843
triggerer  | 2026-07-26T20:40:27.253181Z [info     ] 0 triggers currently running   [airflow.jobs.triggerer_job_runner] loc=triggerer_job_runner.py:1036
triggerer  | 2026-07-26T20:40:27.253299Z [info     ] 0 watchers currently running   [airflow.jobs.triggerer_job_runner] loc=triggerer_job_runner.py:1036
dag-processor | 2026-07-26T20:40:28.215706Z [info     ] Bulk-writing dags to db        [airflow.serialization.definitions.dag] count=1 loc=dag.py:210
dag-processor | 2026-07-26T20:40:28.219332Z [info     ] Getting latest run for non-partitioned Dag [airflow.dag_processing.collection] dag_id=Proyecto_FIFA_ETL loc=collection.py:200
dag-processor | 2026-07-26T20:40:28.221021Z [info     ] got latest run                 [airflow.dag_processing.collection] dag_id=Proyecto_FIFA_ETL loc=collection.py:203 logical_date='2026-07-26 00:00:00+00:00' partition_key=None
dag-processor | 2026-07-26T20:40:28.228106Z [info     ] get next_dagrun_info_v2        [airflow.serialization.definitions.dag] last_automated_run_info=DagRunInfo(run_after=DateTime(2026, 7, 26, 0, 0, 0, tzinfo=Timezone('UTC')), data_interval=DataInterval(start=DateTime(2026, 7, 26, 0, 0, 0, tzinfo=Timezone('UTC')), end=DateTime(2026, 7, 26, 0, 0, 0, tzinfo=Timezone('UTC'))), partition_date=None, partition_key=None) loc=dag.py:445 next_info=DagRunInfo(run_after=DateTime(2026, 7, 27, 0, 0, 0, tzinfo=Timezone('UTC')), data_interval=DataInterval(start=DateTime(2026, 7, 27, 0, 0, 0, tzinfo=Timezone('UTC')), end=DateTime(2026, 7, 27, 0, 0, 0, tzinfo=Timezone('UTC'))), partition_date=None, partition_key=None)
dag-processor | 2026-07-26T20:40:28.228359Z [info     ] setting next dagrun info       [airflow.models.dag] loc=dag.py:848 next_dagrun='2026-07-27 00:00:00+00:00' next_dagrun_create_after='2026-07-27 00:00:00+00:00' next_dagrun_data_interval_end='2026-07-27 00:00:00+00:00' next_dagrun_data_interval_start='2026-07-27 00:00:00+00:00' next_dagrun_partition_date=None next_dagrun_partition_key=None
dag-processor | 2026-07-26T20:40:29.222358Z [info     ] Not time to refresh bundle dags-folder [airflow.dag_processing.manager.DagFileProcessorManager] loc=manager.py:843
dag-processor | 2026-07-26T20:40:30.298898Z [info     ] Bulk-writing dags to db        [airflow.serialization.definitions.dag] count=1 loc=dag.py:210
dag-processor | 2026-07-26T20:40:30.303235Z [info     ] Getting latest run for non-partitioned Dag [airflow.dag_processing.collection] dag_id=Proyecto_FIFA_Sync_Raw_CSV loc=collection.py:200
dag-processor | 2026-07-26T20:40:30.305134Z [info     ] got latest run                 [airflow.dag_processing.collection] dag_id=Proyecto_FIFA_Sync_Raw_CSV loc=collection.py:203 logical_date='2026-07-26 20:00:00+00:00' partition_key=None
dag-processor | 2026-07-26T20:40:30.314422Z [info     ] get next_dagrun_info_v2        [airflow.serialization.definitions.dag] last_automated_run_info=DagRunInfo(run_after=DateTime(2026, 7, 26, 20, 0, 0, tzinfo=Timezone('UTC')), data_interval=DataInterval(start=DateTime(2026, 7, 26, 20, 0, 0, tzinfo=Timezone('UTC')), end=DateTime(2026, 7, 26, 20, 0, 0, tzinfo=Timezone('UTC'))), partition_date=None, partition_key=None) loc=dag.py:445 next_info=DagRunInfo(run_after=DateTime(2026, 7, 26, 21, 0, 0, tzinfo=Timezone('UTC')), data_interval=DataInterval(start=DateTime(2026, 7, 26, 21, 0, 0, tzinfo=Timezone('UTC')), end=DateTime(2026, 7, 26, 21, 0, 0, tzinfo=Timezone('UTC'))), partition_date=None, partition_key=None)
dag-processor | 2026-07-26T20:40:30.314723Z [info     ] setting next dagrun info       [airflow.models.dag] loc=dag.py:848 next_dagrun='2026-07-26 21:00:00+00:00' next_dagrun_create_after='2026-07-26 21:00:00+00:00' next_dagrun_data_interval_end='2026-07-26 21:00:00+00:00' next_dagrun_data_interval_start='2026-07-26 21:00:00+00:00' next_dagrun_partition_date=None next_dagrun_partition_key=None
dag-processor | 2026-07-26T20:40:34.316676Z [info     ] Not time to refresh bundle dags-folder [airflow.dag_processing.manager.DagFileProcessorManager] loc=manager.py:843
dag-processor | 2026-07-26T20:40:39.338102Z [info     ] Refreshing bundle dags-folder  [airflow.dag_processing.manager.DagFileProcessorManager] loc=manager.py:846
dag-processor | 2026-07-26T20:40:39.350966Z [info     ] Searching for files in dags-folder at /home/sebastian2/airflow/dags [airflow.dag_processing.manager.DagFileProcessorManager] loc=manager.py:914
dag-processor | 2026-07-26T20:40:39.352355Z [info     ] Found 2 files for bundle dags-folder [airflow.dag_processing.manager.DagFileProcessorManager] loc=manager.py:916
dag-processor | 2026-07-26T20:40:44.358470Z [info     ] Not time to refresh bundle dags-folder [airflow.dag_processing.manager.DagFileProcessorManager] loc=manager.py:843
dag-processor | 2026-07-26T20:40:46.365682Z [info     ]
dag-processor | ================================================================================
dag-processor | DAG File Processing Stats
dag-processor | Bundle       File Path             PID    Current Duration      # DAGs    # Errors  Last Duration    Last Run At
dag-processor | -----------  --------------------  -----  ------------------  --------  ----------  ---------------  -------------------
dag-processor | dags-folder  fifa_sync_raw_dag.py                                    1           0  0.06s            2026-07-26T20:40:30
dag-processor | dags-folder  fifa_etl_dag.py                                         1           0  0.06s            2026-07-26T20:40:28
dag-processor | ================================================================================ [airflow.dag_processing.manager.DagFileProcessorManager] loc=manager.py:1123
dag-processor | 2026-07-26T20:40:49.380319Z [info     ] Not time to refresh bundle dags-folder [airflow.dag_processing.manager.DagFileProcessorManager] loc=manager.py:843
dag-processor | 2026-07-26T20:40:54.403469Z [info     ] Not time to refresh bundle dags-folder [airflow.dag_processing.manager.DagFileProcessorManager] loc=manager.py:843
dag-processor | 2026-07-26T20:40:58.484689Z [info     ] Bulk-writing dags to db        [airflow.serialization.definitions.dag] count=1 loc=dag.py:210
dag-processor | 2026-07-26T20:40:58.489143Z [info     ] Getting latest run for non-partitioned Dag [airflow.dag_processing.collection] dag_id=Proyecto_FIFA_ETL loc=collection.py:200
dag-processor | 2026-07-26T20:40:58.490894Z [info     ] got latest run                 [airflow.dag_processing.collection] dag_id=Proyecto_FIFA_ETL loc=collection.py:203 logical_date='2026-07-26 00:00:00+00:00' partition_key=None
dag-processor | 2026-07-26T20:40:58.500337Z [info     ] get next_dagrun_info_v2        [airflow.serialization.definitions.dag] last_automated_run_info=DagRunInfo(run_after=DateTime(2026, 7, 26, 0, 0, 0, tzinfo=Timezone('UTC')), data_interval=DataInterval(start=DateTime(2026, 7, 26, 0, 0, 0, tzinfo=Timezone('UTC')), end=DateTime(2026, 7, 26, 0, 0, 0, tzinfo=Timezone('UTC'))), partition_date=None, partition_key=None) loc=dag.py:445 next_info=DagRunInfo(run_after=DateTime(2026, 7, 27, 0, 0, 0, tzinfo=Timezone('UTC')), data_interval=DataInterval(start=DateTime(2026, 7, 27, 0, 0, 0, tzinfo=Timezone('UTC')), end=DateTime(2026, 7, 27, 0, 0, 0, tzinfo=Timezone('UTC'))), partition_date=None, partition_key=None)
dag-processor | 2026-07-26T20:40:58.500675Z [info     ] setting next dagrun info       [airflow.models.dag] loc=dag.py:848 next_dagrun='2026-07-27 00:00:00+00:00' next_dagrun_create_after='2026-07-27 00:00:00+00:00' next_dagrun_data_interval_end='2026-07-27 00:00:00+00:00' next_dagrun_data_interval_start='2026-07-27 00:00:00+00:00' next_dagrun_partition_date=None next_dagrun_partition_key=None
dag-processor | 2026-07-26T20:40:59.489845Z [info     ] Not time to refresh bundle dags-folder [airflow.dag_processing.manager.DagFileProcessorManager] loc=manager.py:843
dag-processor | 2026-07-26T20:41:00.599723Z [info     ] Bulk-writing dags to db        [airflow.serialization.definitions.dag] count=1 loc=dag.py:210
dag-processor | 2026-07-26T20:41:00.604070Z [info     ] Getting latest run for non-partitioned Dag [airflow.dag_processing.collection] dag_id=Proyecto_FIFA_Sync_Raw_CSV loc=collection.py:200
dag-processor | 2026-07-26T20:41:00.605881Z [info     ] got latest run                 [airflow.dag_processing.collection] dag_id=Proyecto_FIFA_Sync_Raw_CSV loc=collection.py:203 logical_date='2026-07-26 20:00:00+00:00' partition_key=None
dag-processor | 2026-07-26T20:41:00.614159Z [info     ] get next_dagrun_info_v2        [airflow.serialization.definitions.dag] last_automated_run_info=DagRunInfo(run_after=DateTime(2026, 7, 26, 20, 0, 0, tzinfo=Timezone('UTC')), data_interval=DataInterval(start=DateTime(2026, 7, 26, 20, 0, 0, tzinfo=Timezone('UTC')), end=DateTime(2026, 7, 26, 20, 0, 0, tzinfo=Timezone('UTC'))), partition_date=None, partition_key=None) loc=dag.py:445 next_info=DagRunInfo(run_after=DateTime(2026, 7, 26, 21, 0, 0, tzinfo=Timezone('UTC')), data_interval=DataInterval(start=DateTime(2026, 7, 26, 21, 0, 0, tzinfo=Timezone('UTC')), end=DateTime(2026, 7, 26, 21, 0, 0, tzinfo=Timezone('UTC'))), partition_date=None, partition_key=None)
dag-processor | 2026-07-26T20:41:00.614511Z [info     ] setting next dagrun info       [airflow.models.dag] loc=dag.py:848 next_dagrun='2026-07-26 21:00:00+00:00' next_dagrun_create_after='2026-07-26 21:00:00+00:00' next_dagrun_data_interval_end='2026-07-26 21:00:00+00:00' next_dagrun_data_interval_start='2026-07-26 21:00:00+00:00' next_dagrun_partition_date=None next_dagrun_partition_key=None
dag-processor | 2026-07-26T20:41:04.616514Z [info     ] Not time to refresh bundle dags-folder [airflow.dag_processing.manager.DagFileProcessorManager] loc=manager.py:843
dag-processor | 2026-07-26T20:41:09.638427Z [info     ] Not time to refresh bundle dags-folder [airflow.dag_processing.manager.DagFileProcessorManager] loc=manager.py:843
dag-processor | 2026-07-26T20:41:14.659249Z [info     ] Not time to refresh bundle dags-folder [airflow.dag_processing.manager.DagFileProcessorManager] loc=manager.py:843
dag-processor | 2026-07-26T20:41:16.667016Z [info     ]
dag-processor | ================================================================================
dag-processor | DAG File Processing Stats
dag-processor | Bundle       File Path             PID    Current Duration      # DAGs    # Errors  Last Duration    Last Run At
dag-processor | -----------  --------------------  -----  ------------------  --------  ----------  ---------------  -------------------
dag-processor | dags-folder  fifa_sync_raw_dag.py                                    1           0  0.07s            2026-07-26T20:41:00
dag-processor | dags-folder  fifa_etl_dag.py                                         1           0  0.06s            2026-07-26T20:40:58
dag-processor | ================================================================================ [airflow.dag_processing.manager.DagFileProcessorManager] loc=manager.py:1123
dag-processor | 2026-07-26T20:41:19.682012Z [info     ] Not time to refresh bundle dags-folder [airflow.dag_processing.manager.DagFileProcessorManager] loc=manager.py:843
dag-processor | 2026-07-26T20:41:24.706091Z [info     ] Not time to refresh bundle dags-folder [airflow.dag_processing.manager.DagFileProcessorManager] loc=manager.py:843
triggerer  | 2026-07-26T20:41:27.448423Z [info     ] 0 triggers currently running   [airflow.jobs.triggerer_job_runner] loc=triggerer_job_runner.py:1036
triggerer  | 2026-07-26T20:41:27.448535Z [info     ] 0 watchers currently running   [airflow.jobs.triggerer_job_runner] loc=triggerer_job_runner.py:1036
dag-processor | 2026-07-26T20:41:28.783872Z [info     ] Bulk-writing dags to db        [airflow.serialization.definitions.dag] count=1 loc=dag.py:210
dag-processor | 2026-07-26T20:41:28.787317Z [info     ] Getting latest run for non-partitioned Dag [airflow.dag_processing.collection] dag_id=Proyecto_FIFA_ETL loc=collection.py:200
dag-processor | 2026-07-26T20:41:28.788912Z [info     ] got latest run                 [airflow.dag_processing.collection] dag_id=Proyecto_FIFA_ETL loc=collection.py:203 logical_date='2026-07-26 00:00:00+00:00' partition_key=None
dag-processor | 2026-07-26T20:41:28.795938Z [info     ] get next_dagrun_info_v2        [airflow.serialization.definitions.dag] last_automated_run_info=DagRunInfo(run_after=DateTime(2026, 7, 26, 0, 0, 0, tzinfo=Timezone('UTC')), data_interval=DataInterval(start=DateTime(2026, 7, 26, 0, 0, 0, tzinfo=Timezone('UTC')), end=DateTime(2026, 7, 26, 0, 0, 0, tzinfo=Timezone('UTC'))), partition_date=None, partition_key=None) loc=dag.py:445 next_info=DagRunInfo(run_after=DateTime(2026, 7, 27, 0, 0, 0, tzinfo=Timezone('UTC')), data_interval=DataInterval(start=DateTime(2026, 7, 27, 0, 0, 0, tzinfo=Timezone('UTC')), end=DateTime(2026, 7, 27, 0, 0, 0, tzinfo=Timezone('UTC'))), partition_date=None, partition_key=None)
dag-processor | 2026-07-26T20:41:28.796162Z [info     ] setting next dagrun info       [airflow.models.dag] loc=dag.py:848 next_dagrun='2026-07-27 00:00:00+00:00' next_dagrun_create_after='2026-07-27 00:00:00+00:00' next_dagrun_data_interval_end='2026-07-27 00:00:00+00:00' next_dagrun_data_interval_start='2026-07-27 00:00:00+00:00' next_dagrun_partition_date=None next_dagrun_partition_key=None
dag-processor | 2026-07-26T20:41:29.788362Z [info     ] Not time to refresh bundle dags-folder [airflow.dag_processing.manager.DagFileProcessorManager] loc=manager.py:843
dag-processor | 2026-07-26T20:41:30.882804Z [info     ] Bulk-writing dags to db        [airflow.serialization.definitions.dag] count=1 loc=dag.py:210
dag-processor | 2026-07-26T20:41:30.887043Z [info     ] Getting latest run for non-partitioned Dag [airflow.dag_processing.collection] dag_id=Proyecto_FIFA_Sync_Raw_CSV loc=collection.py:200
dag-processor | 2026-07-26T20:41:30.888516Z [info     ] got latest run                 [airflow.dag_processing.collection] dag_id=Proyecto_FIFA_Sync_Raw_CSV loc=collection.py:203 logical_date='2026-07-26 20:00:00+00:00' partition_key=None
dag-processor | 2026-07-26T20:41:30.895666Z [info     ] get next_dagrun_info_v2        [airflow.serialization.definitions.dag] last_automated_run_info=DagRunInfo(run_after=DateTime(2026, 7, 26, 20, 0, 0, tzinfo=Timezone('UTC')), data_interval=DataInterval(start=DateTime(2026, 7, 26, 20, 0, 0, tzinfo=Timezone('UTC')), end=DateTime(2026, 7, 26, 20, 0, 0, tzinfo=Timezone('UTC'))), partition_date=None, partition_key=None) loc=dag.py:445 next_info=DagRunInfo(run_after=DateTime(2026, 7, 26, 21, 0, 0, tzinfo=Timezone('UTC')), data_interval=DataInterval(start=DateTime(2026, 7, 26, 21, 0, 0, tzinfo=Timezone('UTC')), end=DateTime(2026, 7, 26, 21, 0, 0, tzinfo=Timezone('UTC'))), partition_date=None, partition_key=None)
dag-processor | 2026-07-26T20:41:30.895897Z [info     ] setting next dagrun info       [airflow.models.dag] loc=dag.py:848 next_dagrun='2026-07-26 21:00:00+00:00' next_dagrun_create_after='2026-07-26 21:00:00+00:00' next_dagrun_data_interval_end='2026-07-26 21:00:00+00:00' next_dagrun_data_interval_start='2026-07-26 21:00:00+00:00' next_dagrun_partition_date=None next_dagrun_partition_key=None
dag-processor | 2026-07-26T20:41:34.902809Z [info     ] Not time to refresh bundle dags-folder [airflow.dag_processing.manager.DagFileProcessorManager] loc=manager.py:843
dag-processor | 2026-07-26T20:41:39.928065Z [info     ] Not time to refresh bundle dags-folder [airflow.dag_processing.manager.DagFileProcessorManager] loc=manager.py:843
dag-processor | 2026-07-26T20:41:44.951328Z [info     ] Not time to refresh bundle dags-folder [airflow.dag_processing.manager.DagFileProcessorManager] loc=manager.py:843
dag-processor | 2026-07-26T20:41:46.961155Z [info     ]
dag-processor | ================================================================================
dag-processor | DAG File Processing Stats
dag-processor | Bundle       File Path             PID    Current Duration      # DAGs    # Errors  Last Duration    Last Run At
dag-processor | -----------  --------------------  -----  ------------------  --------  ----------  ---------------  -------------------
dag-processor | dags-folder  fifa_sync_raw_dag.py                                    1           0  0.05s            2026-07-26T20:41:30
dag-processor | dags-folder  fifa_etl_dag.py                                         1           0  0.05s            2026-07-26T20:41:28
dag-processor | ================================================================================ [airflow.dag_processing.manager.DagFileProcessorManager] loc=manager.py:1123
dag-processor | 2026-07-26T20:41:49.978597Z [info     ] Not time to refresh bundle dags-folder [airflow.dag_processing.manager.DagFileProcessorManager] loc=manager.py:843
dag-processor | 2026-07-26T20:41:55.004738Z [info     ] Not time to refresh bundle dags-folder [airflow.dag_processing.manager.DagFileProcessorManager] loc=manager.py:843
dag-processor | 2026-07-26T20:41:59.084458Z [info     ] Bulk-writing dags to db        [airflow.serialization.definitions.dag] count=1 loc=dag.py:210
dag-processor | 2026-07-26T20:41:59.088190Z [info     ] Getting latest run for non-partitioned Dag [airflow.dag_processing.collection] dag_id=Proyecto_FIFA_ETL loc=collection.py:200
dag-processor | 2026-07-26T20:41:59.090234Z [info     ] got latest run                 [airflow.dag_processing.collection] dag_id=Proyecto_FIFA_ETL loc=collection.py:203 logical_date='2026-07-26 00:00:00+00:00' partition_key=None
dag-processor | 2026-07-26T20:41:59.098318Z [info     ] get next_dagrun_info_v2        [airflow.serialization.definitions.dag] last_automated_run_info=DagRunInfo(run_after=DateTime(2026, 7, 26, 0, 0, 0, tzinfo=Timezone('UTC')), data_interval=DataInterval(start=DateTime(2026, 7, 26, 0, 0, 0, tzinfo=Timezone('UTC')), end=DateTime(2026, 7, 26, 0, 0, 0, tzinfo=Timezone('UTC'))), partition_date=None, partition_key=None) loc=dag.py:445 next_info=DagRunInfo(run_after=DateTime(2026, 7, 27, 0, 0, 0, tzinfo=Timezone('UTC')), data_interval=DataInterval(start=DateTime(2026, 7, 27, 0, 0, 0, tzinfo=Timezone('UTC')), end=DateTime(2026, 7, 27, 0, 0, 0, tzinfo=Timezone('UTC'))), partition_date=None, partition_key=None)
dag-processor | 2026-07-26T20:41:59.098556Z [info     ] setting next dagrun info       [airflow.models.dag] loc=dag.py:848 next_dagrun='2026-07-27 00:00:00+00:00' next_dagrun_create_after='2026-07-27 00:00:00+00:00' next_dagrun_data_interval_end='2026-07-27 00:00:00+00:00' next_dagrun_data_interval_start='2026-07-27 00:00:00+00:00' next_dagrun_partition_date=None next_dagrun_partition_key=None
dag-processor | 2026-07-26T20:42:00.089840Z [info     ] Not time to refresh bundle dags-folder [airflow.dag_processing.manager.DagFileProcessorManager] loc=manager.py:843
dag-processor | 2026-07-26T20:42:01.237270Z [info     ] Bulk-writing dags to db        [airflow.serialization.definitions.dag] count=1 loc=dag.py:210
dag-processor | 2026-07-26T20:42:01.242991Z [info     ] Getting latest run for non-partitioned Dag [airflow.dag_processing.collection] dag_id=Proyecto_FIFA_Sync_Raw_CSV loc=collection.py:200
dag-processor | 2026-07-26T20:42:01.245077Z [info     ] got latest run                 [airflow.dag_processing.collection] dag_id=Proyecto_FIFA_Sync_Raw_CSV loc=collection.py:203 logical_date='2026-07-26 20:00:00+00:00' partition_key=None
dag-processor | 2026-07-26T20:42:01.254274Z [info     ] get next_dagrun_info_v2        [airflow.serialization.definitions.dag] last_automated_run_info=DagRunInfo(run_after=DateTime(2026, 7, 26, 20, 0, 0, tzinfo=Timezone('UTC')), data_interval=DataInterval(start=DateTime(2026, 7, 26, 20, 0, 0, tzinfo=Timezone('UTC')), end=DateTime(2026, 7, 26, 20, 0, 0, tzinfo=Timezone('UTC'))), partition_date=None, partition_key=None) loc=dag.py:445 next_info=DagRunInfo(run_after=DateTime(2026, 7, 26, 21, 0, 0, tzinfo=Timezone('UTC')), data_interval=DataInterval(start=DateTime(2026, 7, 26, 21, 0, 0, tzinfo=Timezone('UTC')), end=DateTime(2026, 7, 26, 21, 0, 0, tzinfo=Timezone('UTC'))), partition_date=None, partition_key=None)
dag-processor | 2026-07-26T20:42:01.254659Z [info     ] setting next dagrun info       [airflow.models.dag] loc=dag.py:848 next_dagrun='2026-07-26 21:00:00+00:00' next_dagrun_create_after='2026-07-26 21:00:00+00:00' next_dagrun_data_interval_end='2026-07-26 21:00:00+00:00' next_dagrun_data_interval_start='2026-07-26 21:00:00+00:00' next_dagrun_partition_date=None next_dagrun_partition_key=None
dag-processor | 2026-07-26T20:42:05.261568Z [info     ] Not time to refresh bundle dags-folder [airflow.dag_processing.manager.DagFileProcessorManager] loc=manager.py:843
dag-processor | 2026-07-26T20:42:10.287613Z [info     ] Not time to refresh bundle dags-folder [airflow.dag_processing.manager.DagFileProcessorManager] loc=manager.py:843
dag-processor | 2026-07-26T20:42:15.314805Z [info     ] Not time to refresh bundle dags-folder [airflow.dag_processing.manager.DagFileProcessorManager] loc=manager.py:843
dag-processor | 2026-07-26T20:42:17.323926Z [info     ]
dag-processor | ================================================================================
dag-processor | DAG File Processing Stats
dag-processor | Bundle       File Path             PID    Current Duration      # DAGs    # Errors  Last Duration    Last Run At
dag-processor | -----------  --------------------  -----  ------------------  --------  ----------  ---------------  -------------------
dag-processor | dags-folder  fifa_sync_raw_dag.py                                    1           0  0.06s            2026-07-26T20:42:01
dag-processor | dags-folder  fifa_etl_dag.py                                         1           0  0.06s            2026-07-26T20:41:59
dag-processor | ================================================================================ [airflow.dag_processing.manager.DagFileProcessorManager] loc=manager.py:1123
dag-processor | 2026-07-26T20:42:20.336828Z [info     ] Not time to refresh bundle dags-folder [airflow.dag_processing.manager.DagFileProcessorManager] loc=manager.py:843
dag-processor | 2026-07-26T20:42:25.360803Z [info     ] Not time to refresh bundle dags-folder [airflow.dag_processing.manager.DagFileProcessorManager] loc=manager.py:843
triggerer  | 2026-07-26T20:42:27.694183Z [info     ] 0 triggers currently running   [airflow.jobs.triggerer_job_runner] loc=triggerer_job_runner.py:1036
triggerer  | 2026-07-26T20:42:27.694311Z [info     ] 0 watchers currently running   [airflow.jobs.triggerer_job_runner] loc=triggerer_job_runner.py:1036
dag-processor | 2026-07-26T20:42:29.437682Z [info     ] Bulk-writing dags to db        [airflow.serialization.definitions.dag] count=1 loc=dag.py:210
dag-processor | 2026-07-26T20:42:29.441864Z [info     ] Getting latest run for non-partitioned Dag [airflow.dag_processing.collection] dag_id=Proyecto_FIFA_ETL loc=collection.py:200
dag-processor | 2026-07-26T20:42:29.443528Z [info     ] got latest run                 [airflow.dag_processing.collection] dag_id=Proyecto_FIFA_ETL loc=collection.py:203 logical_date='2026-07-26 00:00:00+00:00' partition_key=None
dag-processor | 2026-07-26T20:42:29.451762Z [info     ] get next_dagrun_info_v2        [airflow.serialization.definitions.dag] last_automated_run_info=DagRunInfo(run_after=DateTime(2026, 7, 26, 0, 0, 0, tzinfo=Timezone('UTC')), data_interval=DataInterval(start=DateTime(2026, 7, 26, 0, 0, 0, tzinfo=Timezone('UTC')), end=DateTime(2026, 7, 26, 0, 0, 0, tzinfo=Timezone('UTC'))), partition_date=None, partition_key=None) loc=dag.py:445 next_info=DagRunInfo(run_after=DateTime(2026, 7, 27, 0, 0, 0, tzinfo=Timezone('UTC')), data_interval=DataInterval(start=DateTime(2026, 7, 27, 0, 0, 0, tzinfo=Timezone('UTC')), end=DateTime(2026, 7, 27, 0, 0, 0, tzinfo=Timezone('UTC'))), partition_date=None, partition_key=None)
dag-processor | 2026-07-26T20:42:29.452048Z [info     ] setting next dagrun info       [airflow.models.dag] loc=dag.py:848 next_dagrun='2026-07-27 00:00:00+00:00' next_dagrun_create_after='2026-07-27 00:00:00+00:00' next_dagrun_data_interval_end='2026-07-27 00:00:00+00:00' next_dagrun_data_interval_start='2026-07-27 00:00:00+00:00' next_dagrun_partition_date=None next_dagrun_partition_key=None
dag-processor | 2026-07-26T20:42:30.444026Z [info     ] Not time to refresh bundle dags-folder [airflow.dag_processing.manager.DagFileProcessorManager] loc=manager.py:843
dag-processor | 2026-07-26T20:42:31.537108Z [info     ] Bulk-writing dags to db        [airflow.serialization.definitions.dag] count=1 loc=dag.py:210
dag-processor | 2026-07-26T20:42:31.541533Z [info     ] Getting latest run for non-partitioned Dag [airflow.dag_processing.collection] dag_id=Proyecto_FIFA_Sync_Raw_CSV loc=collection.py:200
dag-processor | 2026-07-26T20:42:31.543220Z [info     ] got latest run                 [airflow.dag_processing.collection] dag_id=Proyecto_FIFA_Sync_Raw_CSV loc=collection.py:203 logical_date='2026-07-26 20:00:00+00:00' partition_key=None
dag-processor | 2026-07-26T20:42:31.551083Z [info     ] get next_dagrun_info_v2        [airflow.serialization.definitions.dag] last_automated_run_info=DagRunInfo(run_after=DateTime(2026, 7, 26, 20, 0, 0, tzinfo=Timezone('UTC')), data_interval=DataInterval(start=DateTime(2026, 7, 26, 20, 0, 0, tzinfo=Timezone('UTC')), end=DateTime(2026, 7, 26, 20, 0, 0, tzinfo=Timezone('UTC'))), partition_date=None, partition_key=None) loc=dag.py:445 next_info=DagRunInfo(run_after=DateTime(2026, 7, 26, 21, 0, 0, tzinfo=Timezone('UTC')), data_interval=DataInterval(start=DateTime(2026, 7, 26, 21, 0, 0, tzinfo=Timezone('UTC')), end=DateTime(2026, 7, 26, 21, 0, 0, tzinfo=Timezone('UTC'))), partition_date=None, partition_key=None)
dag-processor | 2026-07-26T20:42:31.551425Z [info     ] setting next dagrun info       [airflow.models.dag] loc=dag.py:848 next_dagrun='2026-07-26 21:00:00+00:00' next_dagrun_create_after='2026-07-26 21:00:00+00:00' next_dagrun_data_interval_end='2026-07-26 21:00:00+00:00' next_dagrun_data_interval_start='2026-07-26 21:00:00+00:00' next_dagrun_partition_date=None next_dagrun_partition_key=None
dag-processor | 2026-07-26T20:42:35.558891Z [info     ] Not time to refresh bundle dags-folder [airflow.dag_processing.manager.DagFileProcessorManager] loc=manager.py:843
dag-processor | 2026-07-26T20:42:40.580475Z [info     ] Not time to refresh bundle dags-folder [airflow.dag_processing.manager.DagFileProcessorManager] loc=manager.py:843
dag-processor | 2026-07-26T20:42:45.604546Z [info     ] Not time to refresh bundle dags-folder [airflow.dag_processing.manager.DagFileProcessorManager] loc=manager.py:843
dag-processor | 2026-07-26T20:42:47.612287Z [info     ]
dag-processor | ================================================================================
dag-processor | DAG File Processing Stats
dag-processor | Bundle       File Path             PID    Current Duration      # DAGs    # Errors  Last Duration    Last Run At
dag-processor | -----------  --------------------  -----  ------------------  --------  ----------  ---------------  -------------------
dag-processor | dags-folder  fifa_sync_raw_dag.py                                    1           0  0.06s            2026-07-26T20:42:31
dag-processor | dags-folder  fifa_etl_dag.py                                         1           0  0.06s            2026-07-26T20:42:29
dag-processor | ================================================================================ [airflow.dag_processing.manager.DagFileProcessorManager] loc=manager.py:1123
dag-processor | 2026-07-26T20:42:50.626568Z [info     ] Not time to refresh bundle dags-folder [airflow.dag_processing.manager.DagFileProcessorManager] loc=manager.py:843
api-server | 2026-07-26T20:42:53.612722Z [info     ] request finished               [http.access] client_addr=192.168.56.1:56409 duration_us=29317 loc=http_access_log.py:130 method=GET path=/api/v2/dags/~/dagRuns query='limit=1&state=running&state=queued' status_code=200
dag-processor | 2026-07-26T20:42:55.654472Z [info     ] Not time to refresh bundle dags-folder [airflow.dag_processing.manager.DagFileProcessorManager] loc=manager.py:843
dag-processor | 2026-07-26T20:42:59.734914Z [info     ] Bulk-writing dags to db        [airflow.serialization.definitions.dag] count=1 loc=dag.py:210
dag-processor | 2026-07-26T20:42:59.739063Z [info     ] Getting latest run for non-partitioned Dag [airflow.dag_processing.collection] dag_id=Proyecto_FIFA_ETL loc=collection.py:200
dag-processor | 2026-07-26T20:42:59.741581Z [info     ] got latest run                 [airflow.dag_processing.collection] dag_id=Proyecto_FIFA_ETL loc=collection.py:203 logical_date='2026-07-26 00:00:00+00:00' partition_key=None
dag-processor | 2026-07-26T20:42:59.753460Z [info     ] get next_dagrun_info_v2        [airflow.serialization.definitions.dag] last_automated_run_info=DagRunInfo(run_after=DateTime(2026, 7, 26, 0, 0, 0, tzinfo=Timezone('UTC')), data_interval=DataInterval(start=DateTime(2026, 7, 26, 0, 0, 0, tzinfo=Timezone('UTC')), end=DateTime(2026, 7, 26, 0, 0, 0, tzinfo=Timezone('UTC'))), partition_date=None, partition_key=None) loc=dag.py:445 next_info=DagRunInfo(run_after=DateTime(2026, 7, 27, 0, 0, 0, tzinfo=Timezone('UTC')), data_interval=DataInterval(start=DateTime(2026, 7, 27, 0, 0, 0, tzinfo=Timezone('UTC')), end=DateTime(2026, 7, 27, 0, 0, 0, tzinfo=Timezone('UTC'))), partition_date=None, partition_key=None)
dag-processor | 2026-07-26T20:42:59.753795Z [info     ] setting next dagrun info       [airflow.models.dag] loc=dag.py:848 next_dagrun='2026-07-27 00:00:00+00:00' next_dagrun_create_after='2026-07-27 00:00:00+00:00' next_dagrun_data_interval_end='2026-07-27 00:00:00+00:00' next_dagrun_data_interval_start='2026-07-27 00:00:00+00:00' next_dagrun_partition_date=None next_dagrun_partition_key=None
dag-processor | 2026-07-26T20:43:00.742709Z [info     ] Not time to refresh bundle dags-folder [airflow.dag_processing.manager.DagFileProcessorManager] loc=manager.py:843
dag-processor | 2026-07-26T20:43:01.852415Z [info     ] Bulk-writing dags to db        [airflow.serialization.definitions.dag] count=1 loc=dag.py:210
dag-processor | 2026-07-26T20:43:01.857574Z [info     ] Getting latest run for non-partitioned Dag [airflow.dag_processing.collection] dag_id=Proyecto_FIFA_Sync_Raw_CSV loc=collection.py:200
dag-processor | 2026-07-26T20:43:01.860197Z [info     ] got latest run                 [airflow.dag_processing.collection] dag_id=Proyecto_FIFA_Sync_Raw_CSV loc=collection.py:203 logical_date='2026-07-26 20:00:00+00:00' partition_key=None
dag-processor | 2026-07-26T20:43:01.868822Z [info     ] get next_dagrun_info_v2        [airflow.serialization.definitions.dag] last_automated_run_info=DagRunInfo(run_after=DateTime(2026, 7, 26, 20, 0, 0, tzinfo=Timezone('UTC')), data_interval=DataInterval(start=DateTime(2026, 7, 26, 20, 0, 0, tzinfo=Timezone('UTC')), end=DateTime(2026, 7, 26, 20, 0, 0, tzinfo=Timezone('UTC'))), partition_date=None, partition_key=None) loc=dag.py:445 next_info=DagRunInfo(run_after=DateTime(2026, 7, 26, 21, 0, 0, tzinfo=Timezone('UTC')), data_interval=DataInterval(start=DateTime(2026, 7, 26, 21, 0, 0, tzinfo=Timezone('UTC')), end=DateTime(2026, 7, 26, 21, 0, 0, tzinfo=Timezone('UTC'))), partition_date=None, partition_key=None)
dag-processor | 2026-07-26T20:43:01.869090Z [info     ] setting next dagrun info       [airflow.models.dag] loc=dag.py:848 next_dagrun='2026-07-26 21:00:00+00:00' next_dagrun_create_after='2026-07-26 21:00:00+00:00' next_dagrun_data_interval_end='2026-07-26 21:00:00+00:00' next_dagrun_data_interval_start='2026-07-26 21:00:00+00:00' next_dagrun_partition_date=None next_dagrun_partition_key=None
dag-processor | 2026-07-26T20:43:05.878344Z [info     ] Not time to refresh bundle dags-folder [airflow.dag_processing.manager.DagFileProcessorManager] loc=manager.py:843
dag-processor | 2026-07-26T20:43:10.914703Z [info     ] Not time to refresh bundle dags-folder [airflow.dag_processing.manager.DagFileProcessorManager] loc=manager.py:843
dag-processor | 2026-07-26T20:43:15.938570Z [info     ] Not time to refresh bundle dags-folder [airflow.dag_processing.manager.DagFileProcessorManager] loc=manager.py:843
dag-processor | 2026-07-26T20:43:17.946871Z [info     ]
dag-processor | ================================================================================
dag-processor | DAG File Processing Stats
dag-processor | Bundle       File Path             PID    Current Duration      # DAGs    # Errors  Last Duration    Last Run At
dag-processor | -----------  --------------------  -----  ------------------  --------  ----------  ---------------  -------------------
dag-processor | dags-folder  fifa_sync_raw_dag.py                                    1           0  0.06s            2026-07-26T20:43:01
dag-processor | dags-folder  fifa_etl_dag.py                                         1           0  0.06s            2026-07-26T20:42:59
dag-processor | ================================================================================ [airflow.dag_processing.manager.DagFileProcessorManager] loc=manager.py:1123
dag-processor | 2026-07-26T20:43:21.096714Z [info     ] Not time to refresh bundle dags-folder [airflow.dag_processing.manager.DagFileProcessorManager] loc=manager.py:843
dag-processor | 2026-07-26T20:43:26.125020Z [info     ] Not time to refresh bundle dags-folder [airflow.dag_processing.manager.DagFileProcessorManager] loc=manager.py:843
triggerer  | 2026-07-26T20:43:27.914767Z [info     ] 0 triggers currently running   [airflow.jobs.triggerer_job_runner] loc=triggerer_job_runner.py:1036
triggerer  | 2026-07-26T20:43:27.914893Z [info     ] 0 watchers currently running   [airflow.jobs.triggerer_job_runner] loc=triggerer_job_runner.py:1036
dag-processor | 2026-07-26T20:43:31.150876Z [info     ] Not time to refresh bundle dags-folder [airflow.dag_processing.manager.DagFileProcessorManager] loc=manager.py:843
dag-processor | 2026-07-26T20:43:36.210839Z [info     ] Not time to refresh bundle dags-folder [airflow.dag_processing.manager.DagFileProcessorManager] loc=manager.py:843
dag-processor | 2026-07-26T20:43:41.665591Z [info     ] Not time to refresh bundle dags-folder [airflow.dag_processing.manager.DagFileProcessorManager] loc=manager.py:843
dag-processor | 2026-07-26T20:43:45.528666Z [info     ] Bulk-writing dags to db        [airflow.serialization.definitions.dag] count=1 loc=dag.py:210
dag-processor | 2026-07-26T20:43:45.534197Z [info     ] Getting latest run for non-partitioned Dag [airflow.dag_processing.collection] dag_id=Proyecto_FIFA_ETL loc=collection.py:200
dag-processor | 2026-07-26T20:43:45.536157Z [info     ] got latest run                 [airflow.dag_processing.collection] dag_id=Proyecto_FIFA_ETL loc=collection.py:203 logical_date='2026-07-26 00:00:00+00:00' partition_key=None
dag-processor | 2026-07-26T20:43:45.545077Z [info     ] get next_dagrun_info_v2        [airflow.serialization.definitions.dag] last_automated_run_info=DagRunInfo(run_after=DateTime(2026, 7, 26, 0, 0, 0, tzinfo=Timezone('UTC')), data_interval=DataInterval(start=DateTime(2026, 7, 26, 0, 0, 0, tzinfo=Timezone('UTC')), end=DateTime(2026, 7, 26, 0, 0, 0, tzinfo=Timezone('UTC'))), partition_date=None, partition_key=None) loc=dag.py:445 next_info=DagRunInfo(run_after=DateTime(2026, 7, 27, 0, 0, 0, tzinfo=Timezone('UTC')), data_interval=DataInterval(start=DateTime(2026, 7, 27, 0, 0, 0, tzinfo=Timezone('UTC')), end=DateTime(2026, 7, 27, 0, 0, 0, tzinfo=Timezone('UTC'))), partition_date=None, partition_key=None)
dag-processor | 2026-07-26T20:43:45.545319Z [info     ] setting next dagrun info       [airflow.models.dag] loc=dag.py:848 next_dagrun='2026-07-27 00:00:00+00:00' next_dagrun_create_after='2026-07-27 00:00:00+00:00' next_dagrun_data_interval_end='2026-07-27 00:00:00+00:00' next_dagrun_data_interval_start='2026-07-27 00:00:00+00:00' next_dagrun_partition_date=None next_dagrun_partition_key=None
dag-processor | 2026-07-26T20:43:45.594975Z [info     ] Bulk-writing dags to db        [airflow.serialization.definitions.dag] count=1 loc=dag.py:210
dag-processor | 2026-07-26T20:43:45.599850Z [info     ] Getting latest run for non-partitioned Dag [airflow.dag_processing.collection] dag_id=Proyecto_FIFA_Sync_Raw_CSV loc=collection.py:200
dag-processor | 2026-07-26T20:43:45.601512Z [info     ] got latest run                 [airflow.dag_processing.collection] dag_id=Proyecto_FIFA_Sync_Raw_CSV loc=collection.py:203 logical_date='2026-07-26 20:00:00+00:00' partition_key=None
dag-processor | 2026-07-26T20:43:45.610067Z [info     ] get next_dagrun_info_v2        [airflow.serialization.definitions.dag] last_automated_run_info=DagRunInfo(run_after=DateTime(2026, 7, 26, 20, 0, 0, tzinfo=Timezone('UTC')), data_interval=DataInterval(start=DateTime(2026, 7, 26, 20, 0, 0, tzinfo=Timezone('UTC')), end=DateTime(2026, 7, 26, 20, 0, 0, tzinfo=Timezone('UTC'))), partition_date=None, partition_key=None) loc=dag.py:445 next_info=DagRunInfo(run_after=DateTime(2026, 7, 26, 21, 0, 0, tzinfo=Timezone('UTC')), data_interval=DataInterval(start=DateTime(2026, 7, 26, 21, 0, 0, tzinfo=Timezone('UTC')), end=DateTime(2026, 7, 26, 21, 0, 0, tzinfo=Timezone('UTC'))), partition_date=None, partition_key=None)
dag-processor | 2026-07-26T20:43:45.610295Z [info     ] setting next dagrun info       [airflow.models.dag] loc=dag.py:848 next_dagrun='2026-07-26 21:00:00+00:00' next_dagrun_create_after='2026-07-26 21:00:00+00:00' next_dagrun_data_interval_end='2026-07-26 21:00:00+00:00' next_dagrun_data_interval_start='2026-07-26 21:00:00+00:00' next_dagrun_partition_date=None next_dagrun_partition_key=None
dag-processor | 2026-07-26T20:43:47.538400Z [info     ] Not time to refresh bundle dags-folder [airflow.dag_processing.manager.DagFileProcessorManager] loc=manager.py:843
dag-processor | 2026-07-26T20:43:48.544500Z [info     ]
dag-processor | ================================================================================
dag-processor | DAG File Processing Stats
dag-processor | Bundle       File Path             PID    Current Duration      # DAGs    # Errors  Last Duration    Last Run At
dag-processor | -----------  --------------------  -----  ------------------  --------  ----------  ---------------  -------------------
dag-processor | dags-folder  fifa_etl_dag.py                                         1           0  15.38s           2026-07-26T20:43:45
dag-processor | dags-folder  fifa_sync_raw_dag.py                                    1           0  11.98s           2026-07-26T20:43:45
dag-processor | ================================================================================ [airflow.dag_processing.manager.DagFileProcessorManager] loc=manager.py:1123
dag-processor | 2026-07-26T20:43:52.564273Z [info     ] Not time to refresh bundle dags-folder [airflow.dag_processing.manager.DagFileProcessorManager] loc=manager.py:843
dag-processor | 2026-07-26T20:43:57.584759Z [info     ] Not time to refresh bundle dags-folder [airflow.dag_processing.manager.DagFileProcessorManager] loc=manager.py:843
dag-processor | 2026-07-26T20:44:02.605680Z [info     ] Not time to refresh bundle dags-folder [airflow.dag_processing.manager.DagFileProcessorManager] loc=manager.py:843
dag-processor | 2026-07-26T20:44:07.627653Z [info     ] Not time to refresh bundle dags-folder [airflow.dag_processing.manager.DagFileProcessorManager] loc=manager.py:843
dag-processor | 2026-07-26T20:44:12.651962Z [info     ] Not time to refresh bundle dags-folder [airflow.dag_processing.manager.DagFileProcessorManager] loc=manager.py:843
dag-processor | 2026-07-26T20:44:15.931444Z [info     ] Bulk-writing dags to db        [airflow.serialization.definitions.dag] count=1 loc=dag.py:210
dag-processor | 2026-07-26T20:44:15.936501Z [info     ] Getting latest run for non-partitioned Dag [airflow.dag_processing.collection] dag_id=Proyecto_FIFA_Sync_Raw_CSV loc=collection.py:200
dag-processor | 2026-07-26T20:44:15.938585Z [info     ] got latest run                 [airflow.dag_processing.collection] dag_id=Proyecto_FIFA_Sync_Raw_CSV loc=collection.py:203 logical_date='2026-07-26 20:00:00+00:00' partition_key=None
dag-processor | 2026-07-26T20:44:15.946630Z [info     ] get next_dagrun_info_v2        [airflow.serialization.definitions.dag] last_automated_run_info=DagRunInfo(run_after=DateTime(2026, 7, 26, 20, 0, 0, tzinfo=Timezone('UTC')), data_interval=DataInterval(start=DateTime(2026, 7, 26, 20, 0, 0, tzinfo=Timezone('UTC')), end=DateTime(2026, 7, 26, 20, 0, 0, tzinfo=Timezone('UTC'))), partition_date=None, partition_key=None) loc=dag.py:445 next_info=DagRunInfo(run_after=DateTime(2026, 7, 26, 21, 0, 0, tzinfo=Timezone('UTC')), data_interval=DataInterval(start=DateTime(2026, 7, 26, 21, 0, 0, tzinfo=Timezone('UTC')), end=DateTime(2026, 7, 26, 21, 0, 0, tzinfo=Timezone('UTC'))), partition_date=None, partition_key=None)
dag-processor | 2026-07-26T20:44:15.946978Z [info     ] setting next dagrun info       [airflow.models.dag] loc=dag.py:848 next_dagrun='2026-07-26 21:00:00+00:00' next_dagrun_create_after='2026-07-26 21:00:00+00:00' next_dagrun_data_interval_end='2026-07-26 21:00:00+00:00' next_dagrun_data_interval_start='2026-07-26 21:00:00+00:00' next_dagrun_partition_date=None next_dagrun_partition_key=None
dag-processor | 2026-07-26T20:44:15.975185Z [info     ] Bulk-writing dags to db        [airflow.serialization.definitions.dag] count=1 loc=dag.py:210
dag-processor | 2026-07-26T20:44:15.977958Z [info     ] Getting latest run for non-partitioned Dag [airflow.dag_processing.collection] dag_id=Proyecto_FIFA_ETL loc=collection.py:200
dag-processor | 2026-07-26T20:44:15.979258Z [info     ] got latest run                 [airflow.dag_processing.collection] dag_id=Proyecto_FIFA_ETL loc=collection.py:203 logical_date='2026-07-26 00:00:00+00:00' partition_key=None
dag-processor | 2026-07-26T20:44:15.986028Z [info     ] get next_dagrun_info_v2        [airflow.serialization.definitions.dag] last_automated_run_info=DagRunInfo(run_after=DateTime(2026, 7, 26, 0, 0, 0, tzinfo=Timezone('UTC')), data_interval=DataInterval(start=DateTime(2026, 7, 26, 0, 0, 0, tzinfo=Timezone('UTC')), end=DateTime(2026, 7, 26, 0, 0, 0, tzinfo=Timezone('UTC'))), partition_date=None, partition_key=None) loc=dag.py:445 next_info=DagRunInfo(run_after=DateTime(2026, 7, 27, 0, 0, 0, tzinfo=Timezone('UTC')), data_interval=DataInterval(start=DateTime(2026, 7, 27, 0, 0, 0, tzinfo=Timezone('UTC')), end=DateTime(2026, 7, 27, 0, 0, 0, tzinfo=Timezone('UTC'))), partition_date=None, partition_key=None)
dag-processor | 2026-07-26T20:44:15.986258Z [info     ] setting next dagrun info       [airflow.models.dag] loc=dag.py:848 next_dagrun='2026-07-27 00:00:00+00:00' next_dagrun_create_after='2026-07-27 00:00:00+00:00' next_dagrun_data_interval_end='2026-07-27 00:00:00+00:00' next_dagrun_data_interval_start='2026-07-27 00:00:00+00:00' next_dagrun_partition_date=None next_dagrun_partition_key=None
dag-processor | 2026-07-26T20:44:17.983515Z [info     ] Not time to refresh bundle dags-folder [airflow.dag_processing.manager.DagFileProcessorManager] loc=manager.py:843
dag-processor | 2026-07-26T20:44:18.986963Z [info     ]
dag-processor | ================================================================================
dag-processor | DAG File Processing Stats
dag-processor | Bundle       File Path             PID    Current Duration      # DAGs    # Errors  Last Duration    Last Run At
dag-processor | -----------  --------------------  -----  ------------------  --------  ----------  ---------------  -------------------
dag-processor | dags-folder  fifa_etl_dag.py                                         1           0  0.30s            2026-07-26T20:44:15
dag-processor | dags-folder  fifa_sync_raw_dag.py                                    1           0  0.26s            2026-07-26T20:44:15
dag-processor | ================================================================================ [airflow.dag_processing.manager.DagFileProcessorManager] loc=manager.py:1123
dag-processor | 2026-07-26T20:44:23.003631Z [info     ] Not time to refresh bundle dags-folder [airflow.dag_processing.manager.DagFileProcessorManager] loc=manager.py:843
dag-processor | 2026-07-26T20:44:28.027236Z [info     ] Not time to refresh bundle dags-folder [airflow.dag_processing.manager.DagFileProcessorManager] loc=manager.py:843
triggerer  | 2026-07-26T20:44:28.640353Z [info     ] 0 triggers currently running   [airflow.jobs.triggerer_job_runner] loc=triggerer_job_runner.py:1036
triggerer  | 2026-07-26T20:44:28.640491Z [info     ] 0 watchers currently running   [airflow.jobs.triggerer_job_runner] loc=triggerer_job_runner.py:1036
dag-processor | 2026-07-26T20:44:33.049080Z [info     ] Not time to refresh bundle dags-folder [airflow.dag_processing.manager.DagFileProcessorManager] loc=manager.py:843
dag-processor | 2026-07-26T20:44:38.070262Z [info     ] Not time to refresh bundle dags-folder [airflow.dag_processing.manager.DagFileProcessorManager] loc=manager.py:843
dag-processor | 2026-07-26T20:44:43.089451Z [info     ] Not time to refresh bundle dags-folder [airflow.dag_processing.manager.DagFileProcessorManager] loc=manager.py:843
dag-processor | 2026-07-26T20:44:46.132577Z [info     ] Bulk-writing dags to db        [airflow.serialization.definitions.dag] count=1 loc=dag.py:210
dag-processor | 2026-07-26T20:44:46.139936Z [info     ] Getting latest run for non-partitioned Dag [airflow.dag_processing.collection] dag_id=Proyecto_FIFA_Sync_Raw_CSV loc=collection.py:200
dag-processor | 2026-07-26T20:44:46.142646Z [info     ] got latest run                 [airflow.dag_processing.collection] dag_id=Proyecto_FIFA_Sync_Raw_CSV loc=collection.py:203 logical_date='2026-07-26 20:00:00+00:00' partition_key=None
dag-processor | 2026-07-26T20:44:46.151210Z [info     ] get next_dagrun_info_v2        [airflow.serialization.definitions.dag] last_automated_run_info=DagRunInfo(run_after=DateTime(2026, 7, 26, 20, 0, 0, tzinfo=Timezone('UTC')), data_interval=DataInterval(start=DateTime(2026, 7, 26, 20, 0, 0, tzinfo=Timezone('UTC')), end=DateTime(2026, 7, 26, 20, 0, 0, tzinfo=Timezone('UTC'))), partition_date=None, partition_key=None) loc=dag.py:445 next_info=DagRunInfo(run_after=DateTime(2026, 7, 26, 21, 0, 0, tzinfo=Timezone('UTC')), data_interval=DataInterval(start=DateTime(2026, 7, 26, 21, 0, 0, tzinfo=Timezone('UTC')), end=DateTime(2026, 7, 26, 21, 0, 0, tzinfo=Timezone('UTC'))), partition_date=None, partition_key=None)
dag-processor | 2026-07-26T20:44:46.151647Z [info     ] setting next dagrun info       [airflow.models.dag] loc=dag.py:848 next_dagrun='2026-07-26 21:00:00+00:00' next_dagrun_create_after='2026-07-26 21:00:00+00:00' next_dagrun_data_interval_end='2026-07-26 21:00:00+00:00' next_dagrun_data_interval_start='2026-07-26 21:00:00+00:00' next_dagrun_partition_date=None next_dagrun_partition_key=None
dag-processor | 2026-07-26T20:44:46.345399Z [info     ] Bulk-writing dags to db        [airflow.serialization.definitions.dag] count=1 loc=dag.py:210
dag-processor | 2026-07-26T20:44:46.348738Z [info     ] Getting latest run for non-partitioned Dag [airflow.dag_processing.collection] dag_id=Proyecto_FIFA_ETL loc=collection.py:200
dag-processor | 2026-07-26T20:44:46.349961Z [info     ] got latest run                 [airflow.dag_processing.collection] dag_id=Proyecto_FIFA_ETL loc=collection.py:203 logical_date='2026-07-26 00:00:00+00:00' partition_key=None
dag-processor | 2026-07-26T20:44:46.357337Z [info     ] get next_dagrun_info_v2        [airflow.serialization.definitions.dag] last_automated_run_info=DagRunInfo(run_after=DateTime(2026, 7, 26, 0, 0, 0, tzinfo=Timezone('UTC')), data_interval=DataInterval(start=DateTime(2026, 7, 26, 0, 0, 0, tzinfo=Timezone('UTC')), end=DateTime(2026, 7, 26, 0, 0, 0, tzinfo=Timezone('UTC'))), partition_date=None, partition_key=None) loc=dag.py:445 next_info=DagRunInfo(run_after=DateTime(2026, 7, 27, 0, 0, 0, tzinfo=Timezone('UTC')), data_interval=DataInterval(start=DateTime(2026, 7, 27, 0, 0, 0, tzinfo=Timezone('UTC')), end=DateTime(2026, 7, 27, 0, 0, 0, tzinfo=Timezone('UTC'))), partition_date=None, partition_key=None)
dag-processor | 2026-07-26T20:44:46.357564Z [info     ] setting next dagrun info       [airflow.models.dag] loc=dag.py:848 next_dagrun='2026-07-27 00:00:00+00:00' next_dagrun_create_after='2026-07-27 00:00:00+00:00' next_dagrun_data_interval_end='2026-07-27 00:00:00+00:00' next_dagrun_data_interval_start='2026-07-27 00:00:00+00:00' next_dagrun_partition_date=None next_dagrun_partition_key=None
dag-processor | 2026-07-26T20:44:48.355009Z [info     ] Not time to refresh bundle dags-folder [airflow.dag_processing.manager.DagFileProcessorManager] loc=manager.py:843
dag-processor | 2026-07-26T20:44:49.359717Z [info     ]
dag-processor | ================================================================================
dag-processor | DAG File Processing Stats
dag-processor | Bundle       File Path             PID    Current Duration      # DAGs    # Errors  Last Duration    Last Run At
dag-processor | -----------  --------------------  -----  ------------------  --------  ----------  ---------------  -------------------
dag-processor | dags-folder  fifa_etl_dag.py                                         1           0  0.27s            2026-07-26T20:44:46
dag-processor | dags-folder  fifa_sync_raw_dag.py                                    1           0  0.07s            2026-07-26T20:44:46
dag-processor | ================================================================================ [airflow.dag_processing.manager.DagFileProcessorManager] loc=manager.py:1123
dag-processor | 2026-07-26T20:44:53.381673Z [info     ] Not time to refresh bundle dags-folder [airflow.dag_processing.manager.DagFileProcessorManager] loc=manager.py:843
dag-processor | 2026-07-26T20:44:58.402906Z [info     ] Not time to refresh bundle dags-folder [airflow.dag_processing.manager.DagFileProcessorManager] loc=manager.py:843
dag-processor | 2026-07-26T20:45:03.426051Z [info     ] Not time to refresh bundle dags-folder [airflow.dag_processing.manager.DagFileProcessorManager] loc=manager.py:843
dag-processor | 2026-07-26T20:45:08.449185Z [info     ] Not time to refresh bundle dags-folder [airflow.dag_processing.manager.DagFileProcessorManager] loc=manager.py:843
dag-processor | 2026-07-26T20:45:13.473230Z [info     ] Not time to refresh bundle dags-folder [airflow.dag_processing.manager.DagFileProcessorManager] loc=manager.py:843
dag-processor | 2026-07-26T20:45:16.547564Z [info     ] Bulk-writing dags to db        [airflow.serialization.definitions.dag] count=1 loc=dag.py:210
dag-processor | 2026-07-26T20:45:16.554451Z [info     ] Getting latest run for non-partitioned Dag [airflow.dag_processing.collection] dag_id=Proyecto_FIFA_Sync_Raw_CSV loc=collection.py:200
dag-processor | 2026-07-26T20:45:16.557402Z [info     ] got latest run                 [airflow.dag_processing.collection] dag_id=Proyecto_FIFA_Sync_Raw_CSV loc=collection.py:203 logical_date='2026-07-26 20:00:00+00:00' partition_key=None
dag-processor | 2026-07-26T20:45:16.567717Z [info     ] get next_dagrun_info_v2        [airflow.serialization.definitions.dag] last_automated_run_info=DagRunInfo(run_after=DateTime(2026, 7, 26, 20, 0, 0, tzinfo=Timezone('UTC')), data_interval=DataInterval(start=DateTime(2026, 7, 26, 20, 0, 0, tzinfo=Timezone('UTC')), end=DateTime(2026, 7, 26, 20, 0, 0, tzinfo=Timezone('UTC'))), partition_date=None, partition_key=None) loc=dag.py:445 next_info=DagRunInfo(run_after=DateTime(2026, 7, 26, 21, 0, 0, tzinfo=Timezone('UTC')), data_interval=DataInterval(start=DateTime(2026, 7, 26, 21, 0, 0, tzinfo=Timezone('UTC')), end=DateTime(2026, 7, 26, 21, 0, 0, tzinfo=Timezone('UTC'))), partition_date=None, partition_key=None)
dag-processor | 2026-07-26T20:45:16.567993Z [info     ] setting next dagrun info       [airflow.models.dag] loc=dag.py:848 next_dagrun='2026-07-26 21:00:00+00:00' next_dagrun_create_after='2026-07-26 21:00:00+00:00' next_dagrun_data_interval_end='2026-07-26 21:00:00+00:00' next_dagrun_data_interval_start='2026-07-26 21:00:00+00:00' next_dagrun_partition_date=None next_dagrun_partition_key=None
dag-processor | 2026-07-26T20:45:16.597430Z [info     ] Bulk-writing dags to db        [airflow.serialization.definitions.dag] count=1 loc=dag.py:210
dag-processor | 2026-07-26T20:45:16.600711Z [info     ] Getting latest run for non-partitioned Dag [airflow.dag_processing.collection] dag_id=Proyecto_FIFA_ETL loc=collection.py:200
dag-processor | 2026-07-26T20:45:16.602130Z [info     ] got latest run                 [airflow.dag_processing.collection] dag_id=Proyecto_FIFA_ETL loc=collection.py:203 logical_date='2026-07-26 00:00:00+00:00' partition_key=None
dag-processor | 2026-07-26T20:45:16.609056Z [info     ] get next_dagrun_info_v2        [airflow.serialization.definitions.dag] last_automated_run_info=DagRunInfo(run_after=DateTime(2026, 7, 26, 0, 0, 0, tzinfo=Timezone('UTC')), data_interval=DataInterval(start=DateTime(2026, 7, 26, 0, 0, 0, tzinfo=Timezone('UTC')), end=DateTime(2026, 7, 26, 0, 0, 0, tzinfo=Timezone('UTC'))), partition_date=None, partition_key=None) loc=dag.py:445 next_info=DagRunInfo(run_after=DateTime(2026, 7, 27, 0, 0, 0, tzinfo=Timezone('UTC')), data_interval=DataInterval(start=DateTime(2026, 7, 27, 0, 0, 0, tzinfo=Timezone('UTC')), end=DateTime(2026, 7, 27, 0, 0, 0, tzinfo=Timezone('UTC'))), partition_date=None, partition_key=None)
dag-processor | 2026-07-26T20:45:16.609284Z [info     ] setting next dagrun info       [airflow.models.dag] loc=dag.py:848 next_dagrun='2026-07-27 00:00:00+00:00' next_dagrun_create_after='2026-07-27 00:00:00+00:00' next_dagrun_data_interval_end='2026-07-27 00:00:00+00:00' next_dagrun_data_interval_start='2026-07-27 00:00:00+00:00' next_dagrun_partition_date=None next_dagrun_partition_key=None
scheduler  | 2026-07-26T20:45:17.152348Z [info     ] Adopting or resetting orphaned tasks for active dag runs [airflow.jobs.scheduler_job_runner.SchedulerJobRunner] loc=scheduler_job_runner.py:3244
dag-processor | 2026-07-26T20:45:18.607187Z [info     ] Not time to refresh bundle dags-folder [airflow.dag_processing.manager.DagFileProcessorManager] loc=manager.py:843
dag-processor | 2026-07-26T20:45:19.610073Z [info     ]
dag-processor | ================================================================================
dag-processor | DAG File Processing Stats
dag-processor | Bundle       File Path             PID    Current Duration      # DAGs    # Errors  Last Duration    Last Run At
dag-processor | -----------  --------------------  -----  ------------------  --------  ----------  ---------------  -------------------
dag-processor | dags-folder  fifa_etl_dag.py                                         1           0  0.10s            2026-07-26T20:45:16
dag-processor | dags-folder  fifa_sync_raw_dag.py                                    1           0  0.06s            2026-07-26T20:45:16
dag-processor | ================================================================================ [airflow.dag_processing.manager.DagFileProcessorManager] loc=manager.py:1123
dag-processor | 2026-07-26T20:45:23.625301Z [info     ] Not time to refresh bundle dags-folder [airflow.dag_processing.manager.DagFileProcessorManager] loc=manager.py:843
dag-processor | 2026-07-26T20:45:28.644926Z [info     ] Not time to refresh bundle dags-folder [airflow.dag_processing.manager.DagFileProcessorManager] loc=manager.py:843
triggerer  | 2026-07-26T20:45:28.846572Z [info     ] 0 triggers currently running   [airflow.jobs.triggerer_job_runner] loc=triggerer_job_runner.py:1036
triggerer  | 2026-07-26T20:45:28.846741Z [info     ] 0 watchers currently running   [airflow.jobs.triggerer_job_runner] loc=triggerer_job_runner.py:1036
dag-processor | 2026-07-26T20:45:33.672007Z [info     ] Not time to refresh bundle dags-folder [airflow.dag_processing.manager.DagFileProcessorManager] loc=manager.py:843
dag-processor | 2026-07-26T20:45:38.695919Z [info     ] Not time to refresh bundle dags-folder [airflow.dag_processing.manager.DagFileProcessorManager] loc=manager.py:843
dag-processor | 2026-07-26T20:45:43.718371Z [info     ] Refreshing bundle dags-folder  [airflow.dag_processing.manager.DagFileProcessorManager] loc=manager.py:846
dag-processor | 2026-07-26T20:45:43.783826Z [info     ] Searching for files in dags-folder at /home/sebastian2/airflow/dags [airflow.dag_processing.manager.DagFileProcessorManager] loc=manager.py:914
dag-processor | 2026-07-26T20:45:43.785514Z [info     ] Found 2 files for bundle dags-folder [airflow.dag_processing.manager.DagFileProcessorManager] loc=manager.py:916
dag-processor | 2026-07-26T20:45:46.798723Z [info     ] Bulk-writing dags to db        [airflow.serialization.definitions.dag] count=1 loc=dag.py:210
dag-processor | 2026-07-26T20:45:46.805065Z [info     ] Getting latest run for non-partitioned Dag [airflow.dag_processing.collection] dag_id=Proyecto_FIFA_Sync_Raw_CSV loc=collection.py:200
dag-processor | 2026-07-26T20:45:46.807354Z [info     ] got latest run                 [airflow.dag_processing.collection] dag_id=Proyecto_FIFA_Sync_Raw_CSV loc=collection.py:203 logical_date='2026-07-26 20:00:00+00:00' partition_key=None
dag-processor | 2026-07-26T20:45:46.815877Z [info     ] get next_dagrun_info_v2        [airflow.serialization.definitions.dag] last_automated_run_info=DagRunInfo(run_after=DateTime(2026, 7, 26, 20, 0, 0, tzinfo=Timezone('UTC')), data_interval=DataInterval(start=DateTime(2026, 7, 26, 20, 0, 0, tzinfo=Timezone('UTC')), end=DateTime(2026, 7, 26, 20, 0, 0, tzinfo=Timezone('UTC'))), partition_date=None, partition_key=None) loc=dag.py:445 next_info=DagRunInfo(run_after=DateTime(2026, 7, 26, 21, 0, 0, tzinfo=Timezone('UTC')), data_interval=DataInterval(start=DateTime(2026, 7, 26, 21, 0, 0, tzinfo=Timezone('UTC')), end=DateTime(2026, 7, 26, 21, 0, 0, tzinfo=Timezone('UTC'))), partition_date=None, partition_key=None)
dag-processor | 2026-07-26T20:45:46.816274Z [info     ] setting next dagrun info       [airflow.models.dag] loc=dag.py:848 next_dagrun='2026-07-26 21:00:00+00:00' next_dagrun_create_after='2026-07-26 21:00:00+00:00' next_dagrun_data_interval_end='2026-07-26 21:00:00+00:00' next_dagrun_data_interval_start='2026-07-26 21:00:00+00:00' next_dagrun_partition_date=None next_dagrun_partition_key=None
dag-processor | 2026-07-26T20:45:46.870357Z [info     ] Bulk-writing dags to db        [airflow.serialization.definitions.dag] count=1 loc=dag.py:210
dag-processor | 2026-07-26T20:45:46.873042Z [info     ] Getting latest run for non-partitioned Dag [airflow.dag_processing.collection] dag_id=Proyecto_FIFA_ETL loc=collection.py:200
dag-processor | 2026-07-26T20:45:46.874386Z [info     ] got latest run                 [airflow.dag_processing.collection] dag_id=Proyecto_FIFA_ETL loc=collection.py:203 logical_date='2026-07-26 00:00:00+00:00' partition_key=None
dag-processor | 2026-07-26T20:45:46.881466Z [info     ] get next_dagrun_info_v2        [airflow.serialization.definitions.dag] last_automated_run_info=DagRunInfo(run_after=DateTime(2026, 7, 26, 0, 0, 0, tzinfo=Timezone('UTC')), data_interval=DataInterval(start=DateTime(2026, 7, 26, 0, 0, 0, tzinfo=Timezone('UTC')), end=DateTime(2026, 7, 26, 0, 0, 0, tzinfo=Timezone('UTC'))), partition_date=None, partition_key=None) loc=dag.py:445 next_info=DagRunInfo(run_after=DateTime(2026, 7, 27, 0, 0, 0, tzinfo=Timezone('UTC')), data_interval=DataInterval(start=DateTime(2026, 7, 27, 0, 0, 0, tzinfo=Timezone('UTC')), end=DateTime(2026, 7, 27, 0, 0, 0, tzinfo=Timezone('UTC'))), partition_date=None, partition_key=None)
dag-processor | 2026-07-26T20:45:46.881676Z [info     ] setting next dagrun info       [airflow.models.dag] loc=dag.py:848 next_dagrun='2026-07-27 00:00:00+00:00' next_dagrun_create_after='2026-07-27 00:00:00+00:00' next_dagrun_data_interval_end='2026-07-27 00:00:00+00:00' next_dagrun_data_interval_start='2026-07-27 00:00:00+00:00' next_dagrun_partition_date=None next_dagrun_partition_key=None
dag-processor | 2026-07-26T20:45:48.880462Z [info     ] Not time to refresh bundle dags-folder [airflow.dag_processing.manager.DagFileProcessorManager] loc=manager.py:843
dag-processor | 2026-07-26T20:45:49.885136Z [info     ]
dag-processor | ================================================================================
dag-processor | DAG File Processing Stats
dag-processor | Bundle       File Path             PID    Current Duration      # DAGs    # Errors  Last Duration    Last Run At
dag-processor | -----------  --------------------  -----  ------------------  --------  ----------  ---------------  -------------------
dag-processor | dags-folder  fifa_etl_dag.py                                         1           0  0.13s            2026-07-26T20:45:46
dag-processor | dags-folder  fifa_sync_raw_dag.py                                    1           0  0.07s            2026-07-26T20:45:46
dag-processor | ================================================================================ [airflow.dag_processing.manager.DagFileProcessorManager] loc=manager.py:1123
dag-processor | 2026-07-26T20:45:53.908696Z [info     ] Not time to refresh bundle dags-folder [airflow.dag_processing.manager.DagFileProcessorManager] loc=manager.py:843
dag-processor | 2026-07-26T20:45:58.931088Z [info     ] Not time to refresh bundle dags-folder [airflow.dag_processing.manager.DagFileProcessorManager] loc=manager.py:843
dag-processor | 2026-07-26T20:46:03.952679Z [info     ] Not time to refresh bundle dags-folder [airflow.dag_processing.manager.DagFileProcessorManager] loc=manager.py:843
dag-processor | 2026-07-26T20:46:08.972287Z [info     ] Not time to refresh bundle dags-folder [airflow.dag_processing.manager.DagFileProcessorManager] loc=manager.py:843
dag-processor | 2026-07-26T20:46:13.993175Z [info     ] Not time to refresh bundle dags-folder [airflow.dag_processing.manager.DagFileProcessorManager] loc=manager.py:843
dag-processor | 2026-07-26T20:46:17.069183Z [info     ] Bulk-writing dags to db        [airflow.serialization.definitions.dag] count=1 loc=dag.py:210
dag-processor | 2026-07-26T20:46:17.075974Z [info     ] Getting latest run for non-partitioned Dag [airflow.dag_processing.collection] dag_id=Proyecto_FIFA_Sync_Raw_CSV loc=collection.py:200
dag-processor | 2026-07-26T20:46:17.078842Z [info     ] got latest run                 [airflow.dag_processing.collection] dag_id=Proyecto_FIFA_Sync_Raw_CSV loc=collection.py:203 logical_date='2026-07-26 20:00:00+00:00' partition_key=None
dag-processor | 2026-07-26T20:46:17.090018Z [info     ] get next_dagrun_info_v2        [airflow.serialization.definitions.dag] last_automated_run_info=DagRunInfo(run_after=DateTime(2026, 7, 26, 20, 0, 0, tzinfo=Timezone('UTC')), data_interval=DataInterval(start=DateTime(2026, 7, 26, 20, 0, 0, tzinfo=Timezone('UTC')), end=DateTime(2026, 7, 26, 20, 0, 0, tzinfo=Timezone('UTC'))), partition_date=None, partition_key=None) loc=dag.py:445 next_info=DagRunInfo(run_after=DateTime(2026, 7, 26, 21, 0, 0, tzinfo=Timezone('UTC')), data_interval=DataInterval(start=DateTime(2026, 7, 26, 21, 0, 0, tzinfo=Timezone('UTC')), end=DateTime(2026, 7, 26, 21, 0, 0, tzinfo=Timezone('UTC'))), partition_date=None, partition_key=None)
dag-processor | 2026-07-26T20:46:17.090359Z [info     ] setting next dagrun info       [airflow.models.dag] loc=dag.py:848 next_dagrun='2026-07-26 21:00:00+00:00' next_dagrun_create_after='2026-07-26 21:00:00+00:00' next_dagrun_data_interval_end='2026-07-26 21:00:00+00:00' next_dagrun_data_interval_start='2026-07-26 21:00:00+00:00' next_dagrun_partition_date=None next_dagrun_partition_key=None
dag-processor | 2026-07-26T20:46:17.148670Z [info     ] Bulk-writing dags to db        [airflow.serialization.definitions.dag] count=1 loc=dag.py:210
dag-processor | 2026-07-26T20:46:17.152773Z [info     ] Getting latest run for non-partitioned Dag [airflow.dag_processing.collection] dag_id=Proyecto_FIFA_ETL loc=collection.py:200
dag-processor | 2026-07-26T20:46:17.154066Z [info     ] got latest run                 [airflow.dag_processing.collection] dag_id=Proyecto_FIFA_ETL loc=collection.py:203 logical_date='2026-07-26 00:00:00+00:00' partition_key=None
dag-processor | 2026-07-26T20:46:17.160855Z [info     ] get next_dagrun_info_v2        [airflow.serialization.definitions.dag] last_automated_run_info=DagRunInfo(run_after=DateTime(2026, 7, 26, 0, 0, 0, tzinfo=Timezone('UTC')), data_interval=DataInterval(start=DateTime(2026, 7, 26, 0, 0, 0, tzinfo=Timezone('UTC')), end=DateTime(2026, 7, 26, 0, 0, 0, tzinfo=Timezone('UTC'))), partition_date=None, partition_key=None) loc=dag.py:445 next_info=DagRunInfo(run_after=DateTime(2026, 7, 27, 0, 0, 0, tzinfo=Timezone('UTC')), data_interval=DataInterval(start=DateTime(2026, 7, 27, 0, 0, 0, tzinfo=Timezone('UTC')), end=DateTime(2026, 7, 27, 0, 0, 0, tzinfo=Timezone('UTC'))), partition_date=None, partition_key=None)
dag-processor | 2026-07-26T20:46:17.161047Z [info     ] setting next dagrun info       [airflow.models.dag] loc=dag.py:848 next_dagrun='2026-07-27 00:00:00+00:00' next_dagrun_create_after='2026-07-27 00:00:00+00:00' next_dagrun_data_interval_end='2026-07-27 00:00:00+00:00' next_dagrun_data_interval_start='2026-07-27 00:00:00+00:00' next_dagrun_partition_date=None next_dagrun_partition_key=None
dag-processor | 2026-07-26T20:46:19.155842Z [info     ] Not time to refresh bundle dags-folder [airflow.dag_processing.manager.DagFileProcessorManager] loc=manager.py:843
dag-processor | 2026-07-26T20:46:20.158286Z [info     ]
dag-processor | ================================================================================
dag-processor | DAG File Processing Stats
dag-processor | Bundle       File Path             PID    Current Duration      # DAGs    # Errors  Last Duration    Last Run At
dag-processor | -----------  --------------------  -----  ------------------  --------  ----------  ---------------  -------------------
dag-processor | dags-folder  fifa_etl_dag.py                                         1           0  0.12s            2026-07-26T20:46:17
dag-processor | dags-folder  fifa_sync_raw_dag.py                                    1           0  0.06s            2026-07-26T20:46:17
dag-processor | ================================================================================ [airflow.dag_processing.manager.DagFileProcessorManager] loc=manager.py:1123
dag-processor | 2026-07-26T20:46:24.178224Z [info     ] Not time to refresh bundle dags-folder [airflow.dag_processing.manager.DagFileProcessorManager] loc=manager.py:843
triggerer  | 2026-07-26T20:46:29.050157Z [info     ] 0 triggers currently running   [airflow.jobs.triggerer_job_runner] loc=triggerer_job_runner.py:1036
triggerer  | 2026-07-26T20:46:29.050266Z [info     ] 0 watchers currently running   [airflow.jobs.triggerer_job_runner] loc=triggerer_job_runner.py:1036
dag-processor | 2026-07-26T20:46:29.199672Z [info     ] Not time to refresh bundle dags-folder [airflow.dag_processing.manager.DagFileProcessorManager] loc=manager.py:843
dag-processor | 2026-07-26T20:46:34.221495Z [info     ] Not time to refresh bundle dags-folder [airflow.dag_processing.manager.DagFileProcessorManager] loc=manager.py:843
dag-processor | 2026-07-26T20:46:39.262210Z [info     ] Not time to refresh bundle dags-folder [airflow.dag_processing.manager.DagFileProcessorManager] loc=manager.py:843
dag-processor | 2026-07-26T20:46:44.285725Z [info     ] Not time to refresh bundle dags-folder [airflow.dag_processing.manager.DagFileProcessorManager] loc=manager.py:843
dag-processor | 2026-07-26T20:46:47.370754Z [info     ] Bulk-writing dags to db        [airflow.serialization.definitions.dag] count=1 loc=dag.py:210
dag-processor | 2026-07-26T20:46:47.376263Z [info     ] Getting latest run for non-partitioned Dag [airflow.dag_processing.collection] dag_id=Proyecto_FIFA_Sync_Raw_CSV loc=collection.py:200
dag-processor | 2026-07-26T20:46:47.378644Z [info     ] got latest run                 [airflow.dag_processing.collection] dag_id=Proyecto_FIFA_Sync_Raw_CSV loc=collection.py:203 logical_date='2026-07-26 20:00:00+00:00' partition_key=None
dag-processor | 2026-07-26T20:46:47.387266Z [info     ] get next_dagrun_info_v2        [airflow.serialization.definitions.dag] last_automated_run_info=DagRunInfo(run_after=DateTime(2026, 7, 26, 20, 0, 0, tzinfo=Timezone('UTC')), data_interval=DataInterval(start=DateTime(2026, 7, 26, 20, 0, 0, tzinfo=Timezone('UTC')), end=DateTime(2026, 7, 26, 20, 0, 0, tzinfo=Timezone('UTC'))), partition_date=None, partition_key=None) loc=dag.py:445 next_info=DagRunInfo(run_after=DateTime(2026, 7, 26, 21, 0, 0, tzinfo=Timezone('UTC')), data_interval=DataInterval(start=DateTime(2026, 7, 26, 21, 0, 0, tzinfo=Timezone('UTC')), end=DateTime(2026, 7, 26, 21, 0, 0, tzinfo=Timezone('UTC'))), partition_date=None, partition_key=None)
dag-processor | 2026-07-26T20:46:47.387637Z [info     ] setting next dagrun info       [airflow.models.dag] loc=dag.py:848 next_dagrun='2026-07-26 21:00:00+00:00' next_dagrun_create_after='2026-07-26 21:00:00+00:00' next_dagrun_data_interval_end='2026-07-26 21:00:00+00:00' next_dagrun_data_interval_start='2026-07-26 21:00:00+00:00' next_dagrun_partition_date=None next_dagrun_partition_key=None
dag-processor | 2026-07-26T20:46:47.422305Z [info     ] Bulk-writing dags to db        [airflow.serialization.definitions.dag] count=1 loc=dag.py:210
dag-processor | 2026-07-26T20:46:47.425966Z [info     ] Getting latest run for non-partitioned Dag [airflow.dag_processing.collection] dag_id=Proyecto_FIFA_ETL loc=collection.py:200
dag-processor | 2026-07-26T20:46:47.427322Z [info     ] got latest run                 [airflow.dag_processing.collection] dag_id=Proyecto_FIFA_ETL loc=collection.py:203 logical_date='2026-07-26 00:00:00+00:00' partition_key=None
dag-processor | 2026-07-26T20:46:47.435019Z [info     ] get next_dagrun_info_v2        [airflow.serialization.definitions.dag] last_automated_run_info=DagRunInfo(run_after=DateTime(2026, 7, 26, 0, 0, 0, tzinfo=Timezone('UTC')), data_interval=DataInterval(start=DateTime(2026, 7, 26, 0, 0, 0, tzinfo=Timezone('UTC')), end=DateTime(2026, 7, 26, 0, 0, 0, tzinfo=Timezone('UTC'))), partition_date=None, partition_key=None) loc=dag.py:445 next_info=DagRunInfo(run_after=DateTime(2026, 7, 27, 0, 0, 0, tzinfo=Timezone('UTC')), data_interval=DataInterval(start=DateTime(2026, 7, 27, 0, 0, 0, tzinfo=Timezone('UTC')), end=DateTime(2026, 7, 27, 0, 0, 0, tzinfo=Timezone('UTC'))), partition_date=None, partition_key=None)
dag-processor | 2026-07-26T20:46:47.435365Z [info     ] setting next dagrun info       [airflow.models.dag] loc=dag.py:848 next_dagrun='2026-07-27 00:00:00+00:00' next_dagrun_create_after='2026-07-27 00:00:00+00:00' next_dagrun_data_interval_end='2026-07-27 00:00:00+00:00' next_dagrun_data_interval_start='2026-07-27 00:00:00+00:00' next_dagrun_partition_date=None next_dagrun_partition_key=None
dag-processor | 2026-07-26T20:46:49.430241Z [info     ] Not time to refresh bundle dags-folder [airflow.dag_processing.manager.DagFileProcessorManager] loc=manager.py:843
dag-processor | 2026-07-26T20:46:50.434378Z [info     ]
dag-processor | ================================================================================
dag-processor | DAG File Processing Stats
dag-processor | Bundle       File Path             PID    Current Duration      # DAGs    # Errors  Last Duration    Last Run At
dag-processor | -----------  --------------------  -----  ------------------  --------  ----------  ---------------  -------------------
dag-processor | dags-folder  fifa_etl_dag.py                                         1           0  0.11s            2026-07-26T20:46:47
dag-processor | dags-folder  fifa_sync_raw_dag.py                                    1           0  0.07s            2026-07-26T20:46:47
dag-processor | ================================================================================ [airflow.dag_processing.manager.DagFileProcessorManager] loc=manager.py:1123
dag-processor | 2026-07-26T20:46:54.459493Z [info     ] Not time to refresh bundle dags-folder [airflow.dag_processing.manager.DagFileProcessorManager] loc=manager.py:843
dag-processor | 2026-07-26T20:46:59.478555Z [info     ] Not time to refresh bundle dags-folder [airflow.dag_processing.manager.DagFileProcessorManager] loc=manager.py:843
dag-processor | 2026-07-26T20:47:04.499600Z [info     ] Not time to refresh bundle dags-folder [airflow.dag_processing.manager.DagFileProcessorManager] loc=manager.py:843
dag-processor | 2026-07-26T20:47:09.520991Z [info     ] Not time to refresh bundle dags-folder [airflow.dag_processing.manager.DagFileProcessorManager] loc=manager.py:843
dag-processor | 2026-07-26T20:47:14.542153Z [info     ] Not time to refresh bundle dags-folder [airflow.dag_processing.manager.DagFileProcessorManager] loc=manager.py:843
dag-processor | 2026-07-26T20:47:17.649115Z [info     ] Bulk-writing dags to db        [airflow.serialization.definitions.dag] count=1 loc=dag.py:210
dag-processor | 2026-07-26T20:47:17.654905Z [info     ] Getting latest run for non-partitioned Dag [airflow.dag_processing.collection] dag_id=Proyecto_FIFA_Sync_Raw_CSV loc=collection.py:200
dag-processor | 2026-07-26T20:47:17.658439Z [info     ] got latest run                 [airflow.dag_processing.collection] dag_id=Proyecto_FIFA_Sync_Raw_CSV loc=collection.py:203 logical_date='2026-07-26 20:00:00+00:00' partition_key=None
dag-processor | 2026-07-26T20:47:17.670391Z [info     ] get next_dagrun_info_v2        [airflow.serialization.definitions.dag] last_automated_run_info=DagRunInfo(run_after=DateTime(2026, 7, 26, 20, 0, 0, tzinfo=Timezone('UTC')), data_interval=DataInterval(start=DateTime(2026, 7, 26, 20, 0, 0, tzinfo=Timezone('UTC')), end=DateTime(2026, 7, 26, 20, 0, 0, tzinfo=Timezone('UTC'))), partition_date=None, partition_key=None) loc=dag.py:445 next_info=DagRunInfo(run_after=DateTime(2026, 7, 26, 21, 0, 0, tzinfo=Timezone('UTC')), data_interval=DataInterval(start=DateTime(2026, 7, 26, 21, 0, 0, tzinfo=Timezone('UTC')), end=DateTime(2026, 7, 26, 21, 0, 0, tzinfo=Timezone('UTC'))), partition_date=None, partition_key=None)
dag-processor | 2026-07-26T20:47:17.670708Z [info     ] setting next dagrun info       [airflow.models.dag] loc=dag.py:848 next_dagrun='2026-07-26 21:00:00+00:00' next_dagrun_create_after='2026-07-26 21:00:00+00:00' next_dagrun_data_interval_end='2026-07-26 21:00:00+00:00' next_dagrun_data_interval_start='2026-07-26 21:00:00+00:00' next_dagrun_partition_date=None next_dagrun_partition_key=None
dag-processor | 2026-07-26T20:47:17.708449Z [info     ] Bulk-writing dags to db        [airflow.serialization.definitions.dag] count=1 loc=dag.py:210
dag-processor | 2026-07-26T20:47:17.714103Z [info     ] Getting latest run for non-partitioned Dag [airflow.dag_processing.collection] dag_id=Proyecto_FIFA_ETL loc=collection.py:200
dag-processor | 2026-07-26T20:47:17.716454Z [info     ] got latest run                 [airflow.dag_processing.collection] dag_id=Proyecto_FIFA_ETL loc=collection.py:203 logical_date='2026-07-26 00:00:00+00:00' partition_key=None
dag-processor | 2026-07-26T20:47:17.726439Z [info     ] get next_dagrun_info_v2        [airflow.serialization.definitions.dag] last_automated_run_info=DagRunInfo(run_after=DateTime(2026, 7, 26, 0, 0, 0, tzinfo=Timezone('UTC')), data_interval=DataInterval(start=DateTime(2026, 7, 26, 0, 0, 0, tzinfo=Timezone('UTC')), end=DateTime(2026, 7, 26, 0, 0, 0, tzinfo=Timezone('UTC'))), partition_date=None, partition_key=None) loc=dag.py:445 next_info=DagRunInfo(run_after=DateTime(2026, 7, 27, 0, 0, 0, tzinfo=Timezone('UTC')), data_interval=DataInterval(start=DateTime(2026, 7, 27, 0, 0, 0, tzinfo=Timezone('UTC')), end=DateTime(2026, 7, 27, 0, 0, 0, tzinfo=Timezone('UTC'))), partition_date=None, partition_key=None)
dag-processor | 2026-07-26T20:47:17.726686Z [info     ] setting next dagrun info       [airflow.models.dag] loc=dag.py:848 next_dagrun='2026-07-27 00:00:00+00:00' next_dagrun_create_after='2026-07-27 00:00:00+00:00' next_dagrun_data_interval_end='2026-07-27 00:00:00+00:00' next_dagrun_data_interval_start='2026-07-27 00:00:00+00:00' next_dagrun_partition_date=None next_dagrun_partition_key=None
dag-processor | 2026-07-26T20:47:19.719482Z [info     ] Not time to refresh bundle dags-folder [airflow.dag_processing.manager.DagFileProcessorManager] loc=manager.py:843
dag-processor | 2026-07-26T20:47:20.723806Z [info     ]
dag-processor | ================================================================================
dag-processor | DAG File Processing Stats
dag-processor | Bundle       File Path             PID    Current Duration      # DAGs    # Errors  Last Duration    Last Run At
dag-processor | -----------  --------------------  -----  ------------------  --------  ----------  ---------------  -------------------
dag-processor | dags-folder  fifa_etl_dag.py                                         1           0  0.14s            2026-07-26T20:47:17
dag-processor | dags-folder  fifa_sync_raw_dag.py                                    1           0  0.09s            2026-07-26T20:47:17
dag-processor | ================================================================================ [airflow.dag_processing.manager.DagFileProcessorManager] loc=manager.py:1123
dag-processor | 2026-07-26T20:47:24.746821Z [info     ] Not time to refresh bundle dags-folder [airflow.dag_processing.manager.DagFileProcessorManager] loc=manager.py:843
triggerer  | 2026-07-26T20:47:29.247744Z [info     ] 0 triggers currently running   [airflow.jobs.triggerer_job_runner] loc=triggerer_job_runner.py:1036
triggerer  | 2026-07-26T20:47:29.247905Z [info     ] 0 watchers currently running   [airflow.jobs.triggerer_job_runner] loc=triggerer_job_runner.py:1036
dag-processor | 2026-07-26T20:47:29.772481Z [info     ] Not time to refresh bundle dags-folder [airflow.dag_processing.manager.DagFileProcessorManager] loc=manager.py:843
dag-processor | 2026-07-26T20:47:34.797461Z [info     ] Not time to refresh bundle dags-folder [airflow.dag_processing.manager.DagFileProcessorManager] loc=manager.py:843
dag-processor | 2026-07-26T20:47:39.823025Z [info     ] Not time to refresh bundle dags-folder [airflow.dag_processing.manager.DagFileProcessorManager] loc=manager.py:843
dag-processor | 2026-07-26T20:47:44.846558Z [info     ] Not time to refresh bundle dags-folder [airflow.dag_processing.manager.DagFileProcessorManager] loc=manager.py:843
dag-processor | 2026-07-26T20:47:47.924081Z [info     ] Bulk-writing dags to db        [airflow.serialization.definitions.dag] count=1 loc=dag.py:210
dag-processor | 2026-07-26T20:47:47.931731Z [info     ] Getting latest run for non-partitioned Dag [airflow.dag_processing.collection] dag_id=Proyecto_FIFA_Sync_Raw_CSV loc=collection.py:200
dag-processor | 2026-07-26T20:47:47.935583Z [info     ] got latest run                 [airflow.dag_processing.collection] dag_id=Proyecto_FIFA_Sync_Raw_CSV loc=collection.py:203 logical_date='2026-07-26 20:00:00+00:00' partition_key=None
dag-processor | 2026-07-26T20:47:47.948866Z [info     ] get next_dagrun_info_v2        [airflow.serialization.definitions.dag] last_automated_run_info=DagRunInfo(run_after=DateTime(2026, 7, 26, 20, 0, 0, tzinfo=Timezone('UTC')), data_interval=DataInterval(start=DateTime(2026, 7, 26, 20, 0, 0, tzinfo=Timezone('UTC')), end=DateTime(2026, 7, 26, 20, 0, 0, tzinfo=Timezone('UTC'))), partition_date=None, partition_key=None) loc=dag.py:445 next_info=DagRunInfo(run_after=DateTime(2026, 7, 26, 21, 0, 0, tzinfo=Timezone('UTC')), data_interval=DataInterval(start=DateTime(2026, 7, 26, 21, 0, 0, tzinfo=Timezone('UTC')), end=DateTime(2026, 7, 26, 21, 0, 0, tzinfo=Timezone('UTC'))), partition_date=None, partition_key=None)
dag-processor | 2026-07-26T20:47:47.949171Z [info     ] setting next dagrun info       [airflow.models.dag] loc=dag.py:848 next_dagrun='2026-07-26 21:00:00+00:00' next_dagrun_create_after='2026-07-26 21:00:00+00:00' next_dagrun_data_interval_end='2026-07-26 21:00:00+00:00' next_dagrun_data_interval_start='2026-07-26 21:00:00+00:00' next_dagrun_partition_date=None next_dagrun_partition_key=None
dag-processor | 2026-07-26T20:47:48.005014Z [info     ] Bulk-writing dags to db        [airflow.serialization.definitions.dag] count=1 loc=dag.py:210
dag-processor | 2026-07-26T20:47:48.009696Z [info     ] Getting latest run for non-partitioned Dag [airflow.dag_processing.collection] dag_id=Proyecto_FIFA_ETL loc=collection.py:200
dag-processor | 2026-07-26T20:47:48.011955Z [info     ] got latest run                 [airflow.dag_processing.collection] dag_id=Proyecto_FIFA_ETL loc=collection.py:203 logical_date='2026-07-26 00:00:00+00:00' partition_key=None
dag-processor | 2026-07-26T20:47:48.020651Z [info     ] get next_dagrun_info_v2        [airflow.serialization.definitions.dag] last_automated_run_info=DagRunInfo(run_after=DateTime(2026, 7, 26, 0, 0, 0, tzinfo=Timezone('UTC')), data_interval=DataInterval(start=DateTime(2026, 7, 26, 0, 0, 0, tzinfo=Timezone('UTC')), end=DateTime(2026, 7, 26, 0, 0, 0, tzinfo=Timezone('UTC'))), partition_date=None, partition_key=None) loc=dag.py:445 next_info=DagRunInfo(run_after=DateTime(2026, 7, 27, 0, 0, 0, tzinfo=Timezone('UTC')), data_interval=DataInterval(start=DateTime(2026, 7, 27, 0, 0, 0, tzinfo=Timezone('UTC')), end=DateTime(2026, 7, 27, 0, 0, 0, tzinfo=Timezone('UTC'))), partition_date=None, partition_key=None)
dag-processor | 2026-07-26T20:47:48.020979Z [info     ] setting next dagrun info       [airflow.models.dag] loc=dag.py:848 next_dagrun='2026-07-27 00:00:00+00:00' next_dagrun_create_after='2026-07-27 00:00:00+00:00' next_dagrun_data_interval_end='2026-07-27 00:00:00+00:00' next_dagrun_data_interval_start='2026-07-27 00:00:00+00:00' next_dagrun_partition_date=None next_dagrun_partition_key=None
dag-processor | 2026-07-26T20:47:50.019909Z [info     ] Not time to refresh bundle dags-folder [airflow.dag_processing.manager.DagFileProcessorManager] loc=manager.py:843
dag-processor | 2026-07-26T20:47:51.023866Z [info     ]
dag-processor | ================================================================================
dag-processor | DAG File Processing Stats
dag-processor | Bundle       File Path             PID    Current Duration      # DAGs    # Errors  Last Duration    Last Run At
dag-processor | -----------  --------------------  -----  ------------------  --------  ----------  ---------------  -------------------
dag-processor | dags-folder  fifa_etl_dag.py                                         1           0  0.13s            2026-07-26T20:47:48
dag-processor | dags-folder  fifa_sync_raw_dag.py                                    1           0  0.06s            2026-07-26T20:47:47
dag-processor | ================================================================================ [airflow.dag_processing.manager.DagFileProcessorManager] loc=manager.py:1123
dag-processor | 2026-07-26T20:47:55.048118Z [info     ] Not time to refresh bundle dags-folder [airflow.dag_processing.manager.DagFileProcessorManager] loc=manager.py:843
dag-processor | 2026-07-26T20:48:00.070735Z [info     ] Not time to refresh bundle dags-folder [airflow.dag_processing.manager.DagFileProcessorManager] loc=manager.py:843
dag-processor | 2026-07-26T20:48:05.094444Z [info     ] Not time to refresh bundle dags-folder [airflow.dag_processing.manager.DagFileProcessorManager] loc=manager.py:843
dag-processor | 2026-07-26T20:48:10.119542Z [info     ] Not time to refresh bundle dags-folder [airflow.dag_processing.manager.DagFileProcessorManager] loc=manager.py:843
dag-processor | 2026-07-26T20:48:15.143278Z [info     ] Not time to refresh bundle dags-folder [airflow.dag_processing.manager.DagFileProcessorManager] loc=manager.py:843
dag-processor | 2026-07-26T20:48:18.240308Z [info     ] Bulk-writing dags to db        [airflow.serialization.definitions.dag] count=1 loc=dag.py:210
dag-processor | 2026-07-26T20:48:18.247173Z [info     ] Getting latest run for non-partitioned Dag [airflow.dag_processing.collection] dag_id=Proyecto_FIFA_ETL loc=collection.py:200
dag-processor | 2026-07-26T20:48:18.249617Z [info     ] got latest run                 [airflow.dag_processing.collection] dag_id=Proyecto_FIFA_ETL loc=collection.py:203 logical_date='2026-07-26 00:00:00+00:00' partition_key=None
dag-processor | 2026-07-26T20:48:18.257379Z [info     ] get next_dagrun_info_v2        [airflow.serialization.definitions.dag] last_automated_run_info=DagRunInfo(run_after=DateTime(2026, 7, 26, 0, 0, 0, tzinfo=Timezone('UTC')), data_interval=DataInterval(start=DateTime(2026, 7, 26, 0, 0, 0, tzinfo=Timezone('UTC')), end=DateTime(2026, 7, 26, 0, 0, 0, tzinfo=Timezone('UTC'))), partition_date=None, partition_key=None) loc=dag.py:445 next_info=DagRunInfo(run_after=DateTime(2026, 7, 27, 0, 0, 0, tzinfo=Timezone('UTC')), data_interval=DataInterval(start=DateTime(2026, 7, 27, 0, 0, 0, tzinfo=Timezone('UTC')), end=DateTime(2026, 7, 27, 0, 0, 0, tzinfo=Timezone('UTC'))), partition_date=None, partition_key=None)
dag-processor | 2026-07-26T20:48:18.257707Z [info     ] setting next dagrun info       [airflow.models.dag] loc=dag.py:848 next_dagrun='2026-07-27 00:00:00+00:00' next_dagrun_create_after='2026-07-27 00:00:00+00:00' next_dagrun_data_interval_end='2026-07-27 00:00:00+00:00' next_dagrun_data_interval_start='2026-07-27 00:00:00+00:00' next_dagrun_partition_date=None next_dagrun_partition_key=None
dag-processor | 2026-07-26T20:48:18.323299Z [info     ] Bulk-writing dags to db        [airflow.serialization.definitions.dag] count=1 loc=dag.py:210
dag-processor | 2026-07-26T20:48:18.326422Z [info     ] Getting latest run for non-partitioned Dag [airflow.dag_processing.collection] dag_id=Proyecto_FIFA_Sync_Raw_CSV loc=collection.py:200
dag-processor | 2026-07-26T20:48:18.328331Z [info     ] got latest run                 [airflow.dag_processing.collection] dag_id=Proyecto_FIFA_Sync_Raw_CSV loc=collection.py:203 logical_date='2026-07-26 20:00:00+00:00' partition_key=None
dag-processor | 2026-07-26T20:48:18.335512Z [info     ] get next_dagrun_info_v2        [airflow.serialization.definitions.dag] last_automated_run_info=DagRunInfo(run_after=DateTime(2026, 7, 26, 20, 0, 0, tzinfo=Timezone('UTC')), data_interval=DataInterval(start=DateTime(2026, 7, 26, 20, 0, 0, tzinfo=Timezone('UTC')), end=DateTime(2026, 7, 26, 20, 0, 0, tzinfo=Timezone('UTC'))), partition_date=None, partition_key=None) loc=dag.py:445 next_info=DagRunInfo(run_after=DateTime(2026, 7, 26, 21, 0, 0, tzinfo=Timezone('UTC')), data_interval=DataInterval(start=DateTime(2026, 7, 26, 21, 0, 0, tzinfo=Timezone('UTC')), end=DateTime(2026, 7, 26, 21, 0, 0, tzinfo=Timezone('UTC'))), partition_date=None, partition_key=None)
dag-processor | 2026-07-26T20:48:18.335809Z [info     ] setting next dagrun info       [airflow.models.dag] loc=dag.py:848 next_dagrun='2026-07-26 21:00:00+00:00' next_dagrun_create_after='2026-07-26 21:00:00+00:00' next_dagrun_data_interval_end='2026-07-26 21:00:00+00:00' next_dagrun_data_interval_start='2026-07-26 21:00:00+00:00' next_dagrun_partition_date=None next_dagrun_partition_key=None
dag-processor | 2026-07-26T20:48:20.330475Z [info     ] Not time to refresh bundle dags-folder [airflow.dag_processing.manager.DagFileProcessorManager] loc=manager.py:843
dag-processor | 2026-07-26T20:48:21.333413Z [info     ]
dag-processor | ================================================================================
dag-processor | DAG File Processing Stats
dag-processor | Bundle       File Path             PID    Current Duration      # DAGs    # Errors  Last Duration    Last Run At
dag-processor | -----------  --------------------  -----  ------------------  --------  ----------  ---------------  -------------------
dag-processor | dags-folder  fifa_sync_raw_dag.py                                    1           0  0.16s            2026-07-26T20:48:18
dag-processor | dags-folder  fifa_etl_dag.py                                         1           0  0.06s            2026-07-26T20:48:18
dag-processor | ================================================================================ [airflow.dag_processing.manager.DagFileProcessorManager] loc=manager.py:1123
dag-processor | 2026-07-26T20:48:25.351487Z [info     ] Not time to refresh bundle dags-folder [airflow.dag_processing.manager.DagFileProcessorManager] loc=manager.py:843
triggerer  | 2026-07-26T20:48:29.454032Z [info     ] 0 triggers currently running   [airflow.jobs.triggerer_job_runner] loc=triggerer_job_runner.py:1036
triggerer  | 2026-07-26T20:48:29.454146Z [info     ] 0 watchers currently running   [airflow.jobs.triggerer_job_runner] loc=triggerer_job_runner.py:1036
dag-processor | 2026-07-26T20:48:30.372792Z [info     ] Not time to refresh bundle dags-folder [airflow.dag_processing.manager.DagFileProcessorManager] loc=manager.py:843
dag-processor | 2026-07-26T20:48:35.394954Z [info     ] Not time to refresh bundle dags-folder [airflow.dag_processing.manager.DagFileProcessorManager] loc=manager.py:843
dag-processor | 2026-07-26T20:48:40.415721Z [info     ] Not time to refresh bundle dags-folder [airflow.dag_processing.manager.DagFileProcessorManager] loc=manager.py:843
dag-processor | 2026-07-26T20:48:45.437400Z [info     ] Not time to refresh bundle dags-folder [airflow.dag_processing.manager.DagFileProcessorManager] loc=manager.py:843
dag-processor | 2026-07-26T20:48:48.541741Z [info     ] Bulk-writing dags to db        [airflow.serialization.definitions.dag] count=1 loc=dag.py:210
dag-processor | 2026-07-26T20:48:48.557886Z [info     ] Getting latest run for non-partitioned Dag [airflow.dag_processing.collection] dag_id=Proyecto_FIFA_Sync_Raw_CSV loc=collection.py:200
dag-processor | 2026-07-26T20:48:48.562790Z [info     ] got latest run                 [airflow.dag_processing.collection] dag_id=Proyecto_FIFA_Sync_Raw_CSV loc=collection.py:203 logical_date='2026-07-26 20:00:00+00:00' partition_key=None
dag-processor | 2026-07-26T20:48:48.579284Z [info     ] get next_dagrun_info_v2        [airflow.serialization.definitions.dag] last_automated_run_info=DagRunInfo(run_after=DateTime(2026, 7, 26, 20, 0, 0, tzinfo=Timezone('UTC')), data_interval=DataInterval(start=DateTime(2026, 7, 26, 20, 0, 0, tzinfo=Timezone('UTC')), end=DateTime(2026, 7, 26, 20, 0, 0, tzinfo=Timezone('UTC'))), partition_date=None, partition_key=None) loc=dag.py:445 next_info=DagRunInfo(run_after=DateTime(2026, 7, 26, 21, 0, 0, tzinfo=Timezone('UTC')), data_interval=DataInterval(start=DateTime(2026, 7, 26, 21, 0, 0, tzinfo=Timezone('UTC')), end=DateTime(2026, 7, 26, 21, 0, 0, tzinfo=Timezone('UTC'))), partition_date=None, partition_key=None)
dag-processor | 2026-07-26T20:48:48.579654Z [info     ] setting next dagrun info       [airflow.models.dag] loc=dag.py:848 next_dagrun='2026-07-26 21:00:00+00:00' next_dagrun_create_after='2026-07-26 21:00:00+00:00' next_dagrun_data_interval_end='2026-07-26 21:00:00+00:00' next_dagrun_data_interval_start='2026-07-26 21:00:00+00:00' next_dagrun_partition_date=None next_dagrun_partition_key=None
dag-processor | 2026-07-26T20:48:48.610589Z [info     ] Bulk-writing dags to db        [airflow.serialization.definitions.dag] count=1 loc=dag.py:210
dag-processor | 2026-07-26T20:48:48.613829Z [info     ] Getting latest run for non-partitioned Dag [airflow.dag_processing.collection] dag_id=Proyecto_FIFA_ETL loc=collection.py:200
dag-processor | 2026-07-26T20:48:48.615059Z [info     ] got latest run                 [airflow.dag_processing.collection] dag_id=Proyecto_FIFA_ETL loc=collection.py:203 logical_date='2026-07-26 00:00:00+00:00' partition_key=None
dag-processor | 2026-07-26T20:48:48.622022Z [info     ] get next_dagrun_info_v2        [airflow.serialization.definitions.dag] last_automated_run_info=DagRunInfo(run_after=DateTime(2026, 7, 26, 0, 0, 0, tzinfo=Timezone('UTC')), data_interval=DataInterval(start=DateTime(2026, 7, 26, 0, 0, 0, tzinfo=Timezone('UTC')), end=DateTime(2026, 7, 26, 0, 0, 0, tzinfo=Timezone('UTC'))), partition_date=None, partition_key=None) loc=dag.py:445 next_info=DagRunInfo(run_after=DateTime(2026, 7, 27, 0, 0, 0, tzinfo=Timezone('UTC')), data_interval=DataInterval(start=DateTime(2026, 7, 27, 0, 0, 0, tzinfo=Timezone('UTC')), end=DateTime(2026, 7, 27, 0, 0, 0, tzinfo=Timezone('UTC'))), partition_date=None, partition_key=None)
dag-processor | 2026-07-26T20:48:48.622213Z [info     ] setting next dagrun info       [airflow.models.dag] loc=dag.py:848 next_dagrun='2026-07-27 00:00:00+00:00' next_dagrun_create_after='2026-07-27 00:00:00+00:00' next_dagrun_data_interval_end='2026-07-27 00:00:00+00:00' next_dagrun_data_interval_start='2026-07-27 00:00:00+00:00' next_dagrun_partition_date=None next_dagrun_partition_key=None
dag-processor | 2026-07-26T20:48:50.628551Z [info     ] Not time to refresh bundle dags-folder [airflow.dag_processing.manager.DagFileProcessorManager] loc=manager.py:843
dag-processor | 2026-07-26T20:48:51.631314Z [info     ]
dag-processor | ================================================================================
dag-processor | DAG File Processing Stats
dag-processor | Bundle       File Path             PID    Current Duration      # DAGs    # Errors  Last Duration    Last Run At
dag-processor | -----------  --------------------  -----  ------------------  --------  ----------  ---------------  -------------------
dag-processor | dags-folder  fifa_etl_dag.py                                         1           0  0.14s            2026-07-26T20:48:48
dag-processor | dags-folder  fifa_sync_raw_dag.py                                    1           0  0.08s            2026-07-26T20:48:48
dag-processor | ================================================================================ [airflow.dag_processing.manager.DagFileProcessorManager] loc=manager.py:1123
dag-processor | 2026-07-26T20:48:55.653219Z [info     ] Not time to refresh bundle dags-folder [airflow.dag_processing.manager.DagFileProcessorManager] loc=manager.py:843
dag-processor | 2026-07-26T20:49:00.674639Z [info     ] Not time to refresh bundle dags-folder [airflow.dag_processing.manager.DagFileProcessorManager] loc=manager.py:843
dag-processor | 2026-07-26T20:49:05.696909Z [info     ] Not time to refresh bundle dags-folder [airflow.dag_processing.manager.DagFileProcessorManager] loc=manager.py:843
dag-processor | 2026-07-26T20:49:10.716084Z [info     ] Not time to refresh bundle dags-folder [airflow.dag_processing.manager.DagFileProcessorManager] loc=manager.py:843
dag-processor | 2026-07-26T20:49:15.737545Z [info     ] Not time to refresh bundle dags-folder [airflow.dag_processing.manager.DagFileProcessorManager] loc=manager.py:843
dag-processor | 2026-07-26T20:49:18.821041Z [info     ] Bulk-writing dags to db        [airflow.serialization.definitions.dag] count=1 loc=dag.py:210
dag-processor | 2026-07-26T20:49:18.827379Z [info     ] Getting latest run for non-partitioned Dag [airflow.dag_processing.collection] dag_id=Proyecto_FIFA_Sync_Raw_CSV loc=collection.py:200
dag-processor | 2026-07-26T20:49:18.830208Z [info     ] got latest run                 [airflow.dag_processing.collection] dag_id=Proyecto_FIFA_Sync_Raw_CSV loc=collection.py:203 logical_date='2026-07-26 20:00:00+00:00' partition_key=None
dag-processor | 2026-07-26T20:49:18.840320Z [info     ] get next_dagrun_info_v2        [airflow.serialization.definitions.dag] last_automated_run_info=DagRunInfo(run_after=DateTime(2026, 7, 26, 20, 0, 0, tzinfo=Timezone('UTC')), data_interval=DataInterval(start=DateTime(2026, 7, 26, 20, 0, 0, tzinfo=Timezone('UTC')), end=DateTime(2026, 7, 26, 20, 0, 0, tzinfo=Timezone('UTC'))), partition_date=None, partition_key=None) loc=dag.py:445 next_info=DagRunInfo(run_after=DateTime(2026, 7, 26, 21, 0, 0, tzinfo=Timezone('UTC')), data_interval=DataInterval(start=DateTime(2026, 7, 26, 21, 0, 0, tzinfo=Timezone('UTC')), end=DateTime(2026, 7, 26, 21, 0, 0, tzinfo=Timezone('UTC'))), partition_date=None, partition_key=None)
dag-processor | 2026-07-26T20:49:18.840723Z [info     ] setting next dagrun info       [airflow.models.dag] loc=dag.py:848 next_dagrun='2026-07-26 21:00:00+00:00' next_dagrun_create_after='2026-07-26 21:00:00+00:00' next_dagrun_data_interval_end='2026-07-26 21:00:00+00:00' next_dagrun_data_interval_start='2026-07-26 21:00:00+00:00' next_dagrun_partition_date=None next_dagrun_partition_key=None
dag-processor | 2026-07-26T20:49:18.894916Z [info     ] Bulk-writing dags to db        [airflow.serialization.definitions.dag] count=1 loc=dag.py:210
dag-processor | 2026-07-26T20:49:18.897674Z [info     ] Getting latest run for non-partitioned Dag [airflow.dag_processing.collection] dag_id=Proyecto_FIFA_ETL loc=collection.py:200
dag-processor | 2026-07-26T20:49:18.898898Z [info     ] got latest run                 [airflow.dag_processing.collection] dag_id=Proyecto_FIFA_ETL loc=collection.py:203 logical_date='2026-07-26 00:00:00+00:00' partition_key=None
dag-processor | 2026-07-26T20:49:18.905794Z [info     ] get next_dagrun_info_v2        [airflow.serialization.definitions.dag] last_automated_run_info=DagRunInfo(run_after=DateTime(2026, 7, 26, 0, 0, 0, tzinfo=Timezone('UTC')), data_interval=DataInterval(start=DateTime(2026, 7, 26, 0, 0, 0, tzinfo=Timezone('UTC')), end=DateTime(2026, 7, 26, 0, 0, 0, tzinfo=Timezone('UTC'))), partition_date=None, partition_key=None) loc=dag.py:445 next_info=DagRunInfo(run_after=DateTime(2026, 7, 27, 0, 0, 0, tzinfo=Timezone('UTC')), data_interval=DataInterval(start=DateTime(2026, 7, 27, 0, 0, 0, tzinfo=Timezone('UTC')), end=DateTime(2026, 7, 27, 0, 0, 0, tzinfo=Timezone('UTC'))), partition_date=None, partition_key=None)
dag-processor | 2026-07-26T20:49:18.906049Z [info     ] setting next dagrun info       [airflow.models.dag] loc=dag.py:848 next_dagrun='2026-07-27 00:00:00+00:00' next_dagrun_create_after='2026-07-27 00:00:00+00:00' next_dagrun_data_interval_end='2026-07-27 00:00:00+00:00' next_dagrun_data_interval_start='2026-07-27 00:00:00+00:00' next_dagrun_partition_date=None next_dagrun_partition_key=None
dag-processor | 2026-07-26T20:49:20.902661Z [info     ] Not time to refresh bundle dags-folder [airflow.dag_processing.manager.DagFileProcessorManager] loc=manager.py:843
dag-processor | 2026-07-26T20:49:21.908331Z [info     ]
dag-processor | ================================================================================
dag-processor | DAG File Processing Stats
dag-processor | Bundle       File Path             PID    Current Duration      # DAGs    # Errors  Last Duration    Last Run At
dag-processor | -----------  --------------------  -----  ------------------  --------  ----------  ---------------  -------------------
dag-processor | dags-folder  fifa_etl_dag.py                                         1           0  0.13s            2026-07-26T20:49:18
dag-processor | dags-folder  fifa_sync_raw_dag.py                                    1           0  0.06s            2026-07-26T20:49:18
dag-processor | ================================================================================ [airflow.dag_processing.manager.DagFileProcessorManager] loc=manager.py:1123
dag-processor | 2026-07-26T20:49:25.931107Z [info     ] Not time to refresh bundle dags-folder [airflow.dag_processing.manager.DagFileProcessorManager] loc=manager.py:843
triggerer  | 2026-07-26T20:49:29.644938Z [info     ] 0 triggers currently running   [airflow.jobs.triggerer_job_runner] loc=triggerer_job_runner.py:1036
triggerer  | 2026-07-26T20:49:29.645048Z [info     ] 0 watchers currently running   [airflow.jobs.triggerer_job_runner] loc=triggerer_job_runner.py:1036
dag-processor | 2026-07-26T20:49:30.961418Z [info     ] Not time to refresh bundle dags-folder [airflow.dag_processing.manager.DagFileProcessorManager] loc=manager.py:843
dag-processor | 2026-07-26T20:49:35.987192Z [info     ] Not time to refresh bundle dags-folder [airflow.dag_processing.manager.DagFileProcessorManager] loc=manager.py:843
dag-processor | 2026-07-26T20:49:41.008929Z [info     ] Not time to refresh bundle dags-folder [airflow.dag_processing.manager.DagFileProcessorManager] loc=manager.py:843
dag-processor | 2026-07-26T20:49:46.032703Z [info     ] Not time to refresh bundle dags-folder [airflow.dag_processing.manager.DagFileProcessorManager] loc=manager.py:843
dag-processor | 2026-07-26T20:49:49.123339Z [info     ] Bulk-writing dags to db        [airflow.serialization.definitions.dag] count=1 loc=dag.py:210
dag-processor | 2026-07-26T20:49:49.132248Z [info     ] Getting latest run for non-partitioned Dag [airflow.dag_processing.collection] dag_id=Proyecto_FIFA_Sync_Raw_CSV loc=collection.py:200
dag-processor | 2026-07-26T20:49:49.134864Z [info     ] got latest run                 [airflow.dag_processing.collection] dag_id=Proyecto_FIFA_Sync_Raw_CSV loc=collection.py:203 logical_date='2026-07-26 20:00:00+00:00' partition_key=None
dag-processor | 2026-07-26T20:49:49.145251Z [info     ] get next_dagrun_info_v2        [airflow.serialization.definitions.dag] last_automated_run_info=DagRunInfo(run_after=DateTime(2026, 7, 26, 20, 0, 0, tzinfo=Timezone('UTC')), data_interval=DataInterval(start=DateTime(2026, 7, 26, 20, 0, 0, tzinfo=Timezone('UTC')), end=DateTime(2026, 7, 26, 20, 0, 0, tzinfo=Timezone('UTC'))), partition_date=None, partition_key=None) loc=dag.py:445 next_info=DagRunInfo(run_after=DateTime(2026, 7, 26, 21, 0, 0, tzinfo=Timezone('UTC')), data_interval=DataInterval(start=DateTime(2026, 7, 26, 21, 0, 0, tzinfo=Timezone('UTC')), end=DateTime(2026, 7, 26, 21, 0, 0, tzinfo=Timezone('UTC'))), partition_date=None, partition_key=None)
dag-processor | 2026-07-26T20:49:49.145559Z [info     ] setting next dagrun info       [airflow.models.dag] loc=dag.py:848 next_dagrun='2026-07-26 21:00:00+00:00' next_dagrun_create_after='2026-07-26 21:00:00+00:00' next_dagrun_data_interval_end='2026-07-26 21:00:00+00:00' next_dagrun_data_interval_start='2026-07-26 21:00:00+00:00' next_dagrun_partition_date=None next_dagrun_partition_key=None
dag-processor | 2026-07-26T20:49:49.177626Z [info     ] Bulk-writing dags to db        [airflow.serialization.definitions.dag] count=1 loc=dag.py:210
dag-processor | 2026-07-26T20:49:49.180751Z [info     ] Getting latest run for non-partitioned Dag [airflow.dag_processing.collection] dag_id=Proyecto_FIFA_ETL loc=collection.py:200
dag-processor | 2026-07-26T20:49:49.182174Z [info     ] got latest run                 [airflow.dag_processing.collection] dag_id=Proyecto_FIFA_ETL loc=collection.py:203 logical_date='2026-07-26 00:00:00+00:00' partition_key=None
dag-processor | 2026-07-26T20:49:49.189675Z [info     ] get next_dagrun_info_v2        [airflow.serialization.definitions.dag] last_automated_run_info=DagRunInfo(run_after=DateTime(2026, 7, 26, 0, 0, 0, tzinfo=Timezone('UTC')), data_interval=DataInterval(start=DateTime(2026, 7, 26, 0, 0, 0, tzinfo=Timezone('UTC')), end=DateTime(2026, 7, 26, 0, 0, 0, tzinfo=Timezone('UTC'))), partition_date=None, partition_key=None) loc=dag.py:445 next_info=DagRunInfo(run_after=DateTime(2026, 7, 27, 0, 0, 0, tzinfo=Timezone('UTC')), data_interval=DataInterval(start=DateTime(2026, 7, 27, 0, 0, 0, tzinfo=Timezone('UTC')), end=DateTime(2026, 7, 27, 0, 0, 0, tzinfo=Timezone('UTC'))), partition_date=None, partition_key=None)
dag-processor | 2026-07-26T20:49:49.189946Z [info     ] setting next dagrun info       [airflow.models.dag] loc=dag.py:848 next_dagrun='2026-07-27 00:00:00+00:00' next_dagrun_create_after='2026-07-27 00:00:00+00:00' next_dagrun_data_interval_end='2026-07-27 00:00:00+00:00' next_dagrun_data_interval_start='2026-07-27 00:00:00+00:00' next_dagrun_partition_date=None next_dagrun_partition_key=None
dag-processor | 2026-07-26T20:49:51.187546Z [info     ] Not time to refresh bundle dags-folder [airflow.dag_processing.manager.DagFileProcessorManager] loc=manager.py:843
dag-processor | 2026-07-26T20:49:52.192224Z [info     ]
dag-processor | ================================================================================
dag-processor | DAG File Processing Stats
dag-processor | Bundle       File Path             PID    Current Duration      # DAGs    # Errors  Last Duration    Last Run At
dag-processor | -----------  --------------------  -----  ------------------  --------  ----------  ---------------  -------------------
dag-processor | dags-folder  fifa_etl_dag.py                                         1           0  0.11s            2026-07-26T20:49:49
dag-processor | dags-folder  fifa_sync_raw_dag.py                                    1           0  0.07s            2026-07-26T20:49:49
dag-processor | ================================================================================ [airflow.dag_processing.manager.DagFileProcessorManager] loc=manager.py:1123
dag-processor | 2026-07-26T20:49:56.216163Z [info     ] Not time to refresh bundle dags-folder [airflow.dag_processing.manager.DagFileProcessorManager] loc=manager.py:843
dag-processor | 2026-07-26T20:50:01.239198Z [info     ] Not time to refresh bundle dags-folder [airflow.dag_processing.manager.DagFileProcessorManager] loc=manager.py:843
dag-processor | 2026-07-26T20:50:06.261859Z [info     ] Not time to refresh bundle dags-folder [airflow.dag_processing.manager.DagFileProcessorManager] loc=manager.py:843
dag-processor | 2026-07-26T20:50:11.286318Z [info     ] Not time to refresh bundle dags-folder [airflow.dag_processing.manager.DagFileProcessorManager] loc=manager.py:843
dag-processor | 2026-07-26T20:50:16.311301Z [info     ] Not time to refresh bundle dags-folder [airflow.dag_processing.manager.DagFileProcessorManager] loc=manager.py:843
scheduler  | 2026-07-26T20:50:17.172641Z [info     ] Adopting or resetting orphaned tasks for active dag runs [airflow.jobs.scheduler_job_runner.SchedulerJobRunner] loc=scheduler_job_runner.py:3244
dag-processor | 2026-07-26T20:50:19.392685Z [info     ] Bulk-writing dags to db        [airflow.serialization.definitions.dag] count=1 loc=dag.py:210
dag-processor | 2026-07-26T20:50:19.401601Z [info     ] Getting latest run for non-partitioned Dag [airflow.dag_processing.collection] dag_id=Proyecto_FIFA_Sync_Raw_CSV loc=collection.py:200
dag-processor | 2026-07-26T20:50:19.404918Z [info     ] got latest run                 [airflow.dag_processing.collection] dag_id=Proyecto_FIFA_Sync_Raw_CSV loc=collection.py:203 logical_date='2026-07-26 20:00:00+00:00' partition_key=None
dag-processor | 2026-07-26T20:50:19.416097Z [info     ] get next_dagrun_info_v2        [airflow.serialization.definitions.dag] last_automated_run_info=DagRunInfo(run_after=DateTime(2026, 7, 26, 20, 0, 0, tzinfo=Timezone('UTC')), data_interval=DataInterval(start=DateTime(2026, 7, 26, 20, 0, 0, tzinfo=Timezone('UTC')), end=DateTime(2026, 7, 26, 20, 0, 0, tzinfo=Timezone('UTC'))), partition_date=None, partition_key=None) loc=dag.py:445 next_info=DagRunInfo(run_after=DateTime(2026, 7, 26, 21, 0, 0, tzinfo=Timezone('UTC')), data_interval=DataInterval(start=DateTime(2026, 7, 26, 21, 0, 0, tzinfo=Timezone('UTC')), end=DateTime(2026, 7, 26, 21, 0, 0, tzinfo=Timezone('UTC'))), partition_date=None, partition_key=None)
dag-processor | 2026-07-26T20:50:19.416493Z [info     ] setting next dagrun info       [airflow.models.dag] loc=dag.py:848 next_dagrun='2026-07-26 21:00:00+00:00' next_dagrun_create_after='2026-07-26 21:00:00+00:00' next_dagrun_data_interval_end='2026-07-26 21:00:00+00:00' next_dagrun_data_interval_start='2026-07-26 21:00:00+00:00' next_dagrun_partition_date=None next_dagrun_partition_key=None
dag-processor | 2026-07-26T20:50:19.444929Z [info     ] Bulk-writing dags to db        [airflow.serialization.definitions.dag] count=1 loc=dag.py:210
dag-processor | 2026-07-26T20:50:19.448302Z [info     ] Getting latest run for non-partitioned Dag [airflow.dag_processing.collection] dag_id=Proyecto_FIFA_ETL loc=collection.py:200
dag-processor | 2026-07-26T20:50:19.449554Z [info     ] got latest run                 [airflow.dag_processing.collection] dag_id=Proyecto_FIFA_ETL loc=collection.py:203 logical_date='2026-07-26 00:00:00+00:00' partition_key=None
dag-processor | 2026-07-26T20:50:19.456827Z [info     ] get next_dagrun_info_v2        [airflow.serialization.definitions.dag] last_automated_run_info=DagRunInfo(run_after=DateTime(2026, 7, 26, 0, 0, 0, tzinfo=Timezone('UTC')), data_interval=DataInterval(start=DateTime(2026, 7, 26, 0, 0, 0, tzinfo=Timezone('UTC')), end=DateTime(2026, 7, 26, 0, 0, 0, tzinfo=Timezone('UTC'))), partition_date=None, partition_key=None) loc=dag.py:445 next_info=DagRunInfo(run_after=DateTime(2026, 7, 27, 0, 0, 0, tzinfo=Timezone('UTC')), data_interval=DataInterval(start=DateTime(2026, 7, 27, 0, 0, 0, tzinfo=Timezone('UTC')), end=DateTime(2026, 7, 27, 0, 0, 0, tzinfo=Timezone('UTC'))), partition_date=None, partition_key=None)
dag-processor | 2026-07-26T20:50:19.457071Z [info     ] setting next dagrun info       [airflow.models.dag] loc=dag.py:848 next_dagrun='2026-07-27 00:00:00+00:00' next_dagrun_create_after='2026-07-27 00:00:00+00:00' next_dagrun_data_interval_end='2026-07-27 00:00:00+00:00' next_dagrun_data_interval_start='2026-07-27 00:00:00+00:00' next_dagrun_partition_date=None next_dagrun_partition_key=None
dag-processor | 2026-07-26T20:50:21.454006Z [info     ] Not time to refresh bundle dags-folder [airflow.dag_processing.manager.DagFileProcessorManager] loc=manager.py:843
dag-processor | 2026-07-26T20:50:22.457163Z [info     ]
dag-processor | ================================================================================
dag-processor | DAG File Processing Stats
dag-processor | Bundle       File Path             PID    Current Duration      # DAGs    # Errors  Last Duration    Last Run At
dag-processor | -----------  --------------------  -----  ------------------  --------  ----------  ---------------  -------------------
dag-processor | dags-folder  fifa_etl_dag.py                                         1           0  0.10s            2026-07-26T20:50:19
dag-processor | dags-folder  fifa_sync_raw_dag.py                                    1           0  0.06s            2026-07-26T20:50:19
dag-processor | ================================================================================ [airflow.dag_processing.manager.DagFileProcessorManager] loc=manager.py:1123
dag-processor | 2026-07-26T20:50:26.479339Z [info     ] Not time to refresh bundle dags-folder [airflow.dag_processing.manager.DagFileProcessorManager] loc=manager.py:843
triggerer  | 2026-07-26T20:50:29.835817Z [info     ] 0 triggers currently running   [airflow.jobs.triggerer_job_runner] loc=triggerer_job_runner.py:1036
triggerer  | 2026-07-26T20:50:29.836065Z [info     ] 0 watchers currently running   [airflow.jobs.triggerer_job_runner] loc=triggerer_job_runner.py:1036
dag-processor | 2026-07-26T20:50:31.507353Z [info     ] Not time to refresh bundle dags-folder [airflow.dag_processing.manager.DagFileProcessorManager] loc=manager.py:843
dag-processor | 2026-07-26T20:50:36.528528Z [info     ] Not time to refresh bundle dags-folder [airflow.dag_processing.manager.DagFileProcessorManager] loc=manager.py:843
dag-processor | 2026-07-26T20:50:41.553562Z [info     ] Not time to refresh bundle dags-folder [airflow.dag_processing.manager.DagFileProcessorManager] loc=manager.py:843
dag-processor | 2026-07-26T20:50:46.578137Z [info     ] Refreshing bundle dags-folder  [airflow.dag_processing.manager.DagFileProcessorManager] loc=manager.py:846
dag-processor | 2026-07-26T20:50:46.612854Z [info     ] Searching for files in dags-folder at /home/sebastian2/airflow/dags [airflow.dag_processing.manager.DagFileProcessorManager] loc=manager.py:914
dag-processor | 2026-07-26T20:50:46.613839Z [info     ] Found 2 files for bundle dags-folder [airflow.dag_processing.manager.DagFileProcessorManager] loc=manager.py:916
dag-processor | 2026-07-26T20:50:49.663051Z [info     ] Bulk-writing dags to db        [airflow.serialization.definitions.dag] count=1 loc=dag.py:210
dag-processor | 2026-07-26T20:50:49.668045Z [info     ] Getting latest run for non-partitioned Dag [airflow.dag_processing.collection] dag_id=Proyecto_FIFA_Sync_Raw_CSV loc=collection.py:200
dag-processor | 2026-07-26T20:50:49.670503Z [info     ] got latest run                 [airflow.dag_processing.collection] dag_id=Proyecto_FIFA_Sync_Raw_CSV loc=collection.py:203 logical_date='2026-07-26 20:00:00+00:00' partition_key=None
dag-processor | 2026-07-26T20:50:49.679321Z [info     ] get next_dagrun_info_v2        [airflow.serialization.definitions.dag] last_automated_run_info=DagRunInfo(run_after=DateTime(2026, 7, 26, 20, 0, 0, tzinfo=Timezone('UTC')), data_interval=DataInterval(start=DateTime(2026, 7, 26, 20, 0, 0, tzinfo=Timezone('UTC')), end=DateTime(2026, 7, 26, 20, 0, 0, tzinfo=Timezone('UTC'))), partition_date=None, partition_key=None) loc=dag.py:445 next_info=DagRunInfo(run_after=DateTime(2026, 7, 26, 21, 0, 0, tzinfo=Timezone('UTC')), data_interval=DataInterval(start=DateTime(2026, 7, 26, 21, 0, 0, tzinfo=Timezone('UTC')), end=DateTime(2026, 7, 26, 21, 0, 0, tzinfo=Timezone('UTC'))), partition_date=None, partition_key=None)
dag-processor | 2026-07-26T20:50:49.679641Z [info     ] setting next dagrun info       [airflow.models.dag] loc=dag.py:848 next_dagrun='2026-07-26 21:00:00+00:00' next_dagrun_create_after='2026-07-26 21:00:00+00:00' next_dagrun_data_interval_end='2026-07-26 21:00:00+00:00' next_dagrun_data_interval_start='2026-07-26 21:00:00+00:00' next_dagrun_partition_date=None next_dagrun_partition_key=None
dag-processor | 2026-07-26T20:50:49.721999Z [info     ] Bulk-writing dags to db        [airflow.serialization.definitions.dag] count=1 loc=dag.py:210
dag-processor | 2026-07-26T20:50:49.725318Z [info     ] Getting latest run for non-partitioned Dag [airflow.dag_processing.collection] dag_id=Proyecto_FIFA_ETL loc=collection.py:200
dag-processor | 2026-07-26T20:50:49.726565Z [info     ] got latest run                 [airflow.dag_processing.collection] dag_id=Proyecto_FIFA_ETL loc=collection.py:203 logical_date='2026-07-26 00:00:00+00:00' partition_key=None
dag-processor | 2026-07-26T20:50:49.733194Z [info     ] get next_dagrun_info_v2        [airflow.serialization.definitions.dag] last_automated_run_info=DagRunInfo(run_after=DateTime(2026, 7, 26, 0, 0, 0, tzinfo=Timezone('UTC')), data_interval=DataInterval(start=DateTime(2026, 7, 26, 0, 0, 0, tzinfo=Timezone('UTC')), end=DateTime(2026, 7, 26, 0, 0, 0, tzinfo=Timezone('UTC'))), partition_date=None, partition_key=None) loc=dag.py:445 next_info=DagRunInfo(run_after=DateTime(2026, 7, 27, 0, 0, 0, tzinfo=Timezone('UTC')), data_interval=DataInterval(start=DateTime(2026, 7, 27, 0, 0, 0, tzinfo=Timezone('UTC')), end=DateTime(2026, 7, 27, 0, 0, 0, tzinfo=Timezone('UTC'))), partition_date=None, partition_key=None)
dag-processor | 2026-07-26T20:50:49.733414Z [info     ] setting next dagrun info       [airflow.models.dag] loc=dag.py:848 next_dagrun='2026-07-27 00:00:00+00:00' next_dagrun_create_after='2026-07-27 00:00:00+00:00' next_dagrun_data_interval_end='2026-07-27 00:00:00+00:00' next_dagrun_data_interval_start='2026-07-27 00:00:00+00:00' next_dagrun_partition_date=None next_dagrun_partition_key=None
dag-processor | 2026-07-26T20:50:51.730749Z [info     ] Not time to refresh bundle dags-folder [airflow.dag_processing.manager.DagFileProcessorManager] loc=manager.py:843
dag-processor | 2026-07-26T20:50:52.735059Z [info     ]
dag-processor | ================================================================================
dag-processor | DAG File Processing Stats
dag-processor | Bundle       File Path             PID    Current Duration      # DAGs    # Errors  Last Duration    Last Run At
dag-processor | -----------  --------------------  -----  ------------------  --------  ----------  ---------------  -------------------
dag-processor | dags-folder  fifa_etl_dag.py                                         1           0  0.11s            2026-07-26T20:50:49
dag-processor | dags-folder  fifa_sync_raw_dag.py                                    1           0  0.07s            2026-07-26T20:50:49
dag-processor | ================================================================================ [airflow.dag_processing.manager.DagFileProcessorManager] loc=manager.py:1123
dag-processor | 2026-07-26T20:50:56.755672Z [info     ] Not time to refresh bundle dags-folder [airflow.dag_processing.manager.DagFileProcessorManager] loc=manager.py:843
dag-processor | 2026-07-26T20:51:01.781029Z [info     ] Not time to refresh bundle dags-folder [airflow.dag_processing.manager.DagFileProcessorManager] loc=manager.py:843
dag-processor | 2026-07-26T20:51:06.808657Z [info     ] Not time to refresh bundle dags-folder [airflow.dag_processing.manager.DagFileProcessorManager] loc=manager.py:843
dag-processor | 2026-07-26T20:51:11.830145Z [info     ] Not time to refresh bundle dags-folder [airflow.dag_processing.manager.DagFileProcessorManager] loc=manager.py:843
dag-processor | 2026-07-26T20:51:16.850975Z [info     ] Not time to refresh bundle dags-folder [airflow.dag_processing.manager.DagFileProcessorManager] loc=manager.py:843
dag-processor | 2026-07-26T20:51:19.954458Z [info     ] Bulk-writing dags to db        [airflow.serialization.definitions.dag] count=1 loc=dag.py:210
dag-processor | 2026-07-26T20:51:19.959036Z [info     ] Getting latest run for non-partitioned Dag [airflow.dag_processing.collection] dag_id=Proyecto_FIFA_ETL loc=collection.py:200
dag-processor | 2026-07-26T20:51:19.961007Z [info     ] got latest run                 [airflow.dag_processing.collection] dag_id=Proyecto_FIFA_ETL loc=collection.py:203 logical_date='2026-07-26 00:00:00+00:00' partition_key=None
dag-processor | 2026-07-26T20:51:19.970800Z [info     ] get next_dagrun_info_v2        [airflow.serialization.definitions.dag] last_automated_run_info=DagRunInfo(run_after=DateTime(2026, 7, 26, 0, 0, 0, tzinfo=Timezone('UTC')), data_interval=DataInterval(start=DateTime(2026, 7, 26, 0, 0, 0, tzinfo=Timezone('UTC')), end=DateTime(2026, 7, 26, 0, 0, 0, tzinfo=Timezone('UTC'))), partition_date=None, partition_key=None) loc=dag.py:445 next_info=DagRunInfo(run_after=DateTime(2026, 7, 27, 0, 0, 0, tzinfo=Timezone('UTC')), data_interval=DataInterval(start=DateTime(2026, 7, 27, 0, 0, 0, tzinfo=Timezone('UTC')), end=DateTime(2026, 7, 27, 0, 0, 0, tzinfo=Timezone('UTC'))), partition_date=None, partition_key=None)
dag-processor | 2026-07-26T20:51:19.971247Z [info     ] setting next dagrun info       [airflow.models.dag] loc=dag.py:848 next_dagrun='2026-07-27 00:00:00+00:00' next_dagrun_create_after='2026-07-27 00:00:00+00:00' next_dagrun_data_interval_end='2026-07-27 00:00:00+00:00' next_dagrun_data_interval_start='2026-07-27 00:00:00+00:00' next_dagrun_partition_date=None next_dagrun_partition_key=None
dag-processor | 2026-07-26T20:51:20.040647Z [info     ] Bulk-writing dags to db        [airflow.serialization.definitions.dag] count=1 loc=dag.py:210
dag-processor | 2026-07-26T20:51:20.043830Z [info     ] Getting latest run for non-partitioned Dag [airflow.dag_processing.collection] dag_id=Proyecto_FIFA_Sync_Raw_CSV loc=collection.py:200
dag-processor | 2026-07-26T20:51:20.045554Z [info     ] got latest run                 [airflow.dag_processing.collection] dag_id=Proyecto_FIFA_Sync_Raw_CSV loc=collection.py:203 logical_date='2026-07-26 20:00:00+00:00' partition_key=None
dag-processor | 2026-07-26T20:51:20.053928Z [info     ] get next_dagrun_info_v2        [airflow.serialization.definitions.dag] last_automated_run_info=DagRunInfo(run_after=DateTime(2026, 7, 26, 20, 0, 0, tzinfo=Timezone('UTC')), data_interval=DataInterval(start=DateTime(2026, 7, 26, 20, 0, 0, tzinfo=Timezone('UTC')), end=DateTime(2026, 7, 26, 20, 0, 0, tzinfo=Timezone('UTC'))), partition_date=None, partition_key=None) loc=dag.py:445 next_info=DagRunInfo(run_after=DateTime(2026, 7, 26, 21, 0, 0, tzinfo=Timezone('UTC')), data_interval=DataInterval(start=DateTime(2026, 7, 26, 21, 0, 0, tzinfo=Timezone('UTC')), end=DateTime(2026, 7, 26, 21, 0, 0, tzinfo=Timezone('UTC'))), partition_date=None, partition_key=None)
dag-processor | 2026-07-26T20:51:20.054265Z [info     ] setting next dagrun info       [airflow.models.dag] loc=dag.py:848 next_dagrun='2026-07-26 21:00:00+00:00' next_dagrun_create_after='2026-07-26 21:00:00+00:00' next_dagrun_data_interval_end='2026-07-26 21:00:00+00:00' next_dagrun_data_interval_start='2026-07-26 21:00:00+00:00' next_dagrun_partition_date=None next_dagrun_partition_key=None
dag-processor | 2026-07-26T20:51:22.048456Z [info     ] Not time to refresh bundle dags-folder [airflow.dag_processing.manager.DagFileProcessorManager] loc=manager.py:843
dag-processor | 2026-07-26T20:51:23.053906Z [info     ]
dag-processor | ================================================================================
dag-processor | DAG File Processing Stats
dag-processor | Bundle       File Path             PID    Current Duration      # DAGs    # Errors  Last Duration    Last Run At
dag-processor | -----------  --------------------  -----  ------------------  --------  ----------  ---------------  -------------------
dag-processor | dags-folder  fifa_sync_raw_dag.py                                    1           0  0.17s            2026-07-26T20:51:20
dag-processor | dags-folder  fifa_etl_dag.py                                         1           0  0.07s            2026-07-26T20:51:19
dag-processor | ================================================================================ [airflow.dag_processing.manager.DagFileProcessorManager] loc=manager.py:1123
dag-processor | 2026-07-26T20:51:27.080170Z [info     ] Not time to refresh bundle dags-folder [airflow.dag_processing.manager.DagFileProcessorManager] loc=manager.py:843
triggerer  | 2026-07-26T20:51:30.014590Z [info     ] 0 triggers currently running   [airflow.jobs.triggerer_job_runner] loc=triggerer_job_runner.py:1036
triggerer  | 2026-07-26T20:51:30.014707Z [info     ] 0 watchers currently running   [airflow.jobs.triggerer_job_runner] loc=triggerer_job_runner.py:1036
dag-processor | 2026-07-26T20:51:32.106331Z [info     ] Not time to refresh bundle dags-folder [airflow.dag_processing.manager.DagFileProcessorManager] loc=manager.py:843
dag-processor | 2026-07-26T20:51:37.131831Z [info     ] Not time to refresh bundle dags-folder [airflow.dag_processing.manager.DagFileProcessorManager] loc=manager.py:843
dag-processor | 2026-07-26T20:51:42.155072Z [info     ] Not time to refresh bundle dags-folder [airflow.dag_processing.manager.DagFileProcessorManager] loc=manager.py:843
dag-processor | 2026-07-26T20:51:47.179537Z [info     ] Not time to refresh bundle dags-folder [airflow.dag_processing.manager.DagFileProcessorManager] loc=manager.py:843
dag-processor | 2026-07-26T20:51:50.280277Z [info     ] Bulk-writing dags to db        [airflow.serialization.definitions.dag] count=1 loc=dag.py:210
dag-processor | 2026-07-26T20:51:50.286807Z [info     ] Getting latest run for non-partitioned Dag [airflow.dag_processing.collection] dag_id=Proyecto_FIFA_Sync_Raw_CSV loc=collection.py:200
dag-processor | 2026-07-26T20:51:50.289185Z [info     ] got latest run                 [airflow.dag_processing.collection] dag_id=Proyecto_FIFA_Sync_Raw_CSV loc=collection.py:203 logical_date='2026-07-26 20:00:00+00:00' partition_key=None
dag-processor | 2026-07-26T20:51:50.297805Z [info     ] get next_dagrun_info_v2        [airflow.serialization.definitions.dag] last_automated_run_info=DagRunInfo(run_after=DateTime(2026, 7, 26, 20, 0, 0, tzinfo=Timezone('UTC')), data_interval=DataInterval(start=DateTime(2026, 7, 26, 20, 0, 0, tzinfo=Timezone('UTC')), end=DateTime(2026, 7, 26, 20, 0, 0, tzinfo=Timezone('UTC'))), partition_date=None, partition_key=None) loc=dag.py:445 next_info=DagRunInfo(run_after=DateTime(2026, 7, 26, 21, 0, 0, tzinfo=Timezone('UTC')), data_interval=DataInterval(start=DateTime(2026, 7, 26, 21, 0, 0, tzinfo=Timezone('UTC')), end=DateTime(2026, 7, 26, 21, 0, 0, tzinfo=Timezone('UTC'))), partition_date=None, partition_key=None)
dag-processor | 2026-07-26T20:51:50.298068Z [info     ] setting next dagrun info       [airflow.models.dag] loc=dag.py:848 next_dagrun='2026-07-26 21:00:00+00:00' next_dagrun_create_after='2026-07-26 21:00:00+00:00' next_dagrun_data_interval_end='2026-07-26 21:00:00+00:00' next_dagrun_data_interval_start='2026-07-26 21:00:00+00:00' next_dagrun_partition_date=None next_dagrun_partition_key=None
dag-processor | 2026-07-26T20:51:50.331592Z [info     ] Bulk-writing dags to db        [airflow.serialization.definitions.dag] count=1 loc=dag.py:210
dag-processor | 2026-07-26T20:51:50.335696Z [info     ] Getting latest run for non-partitioned Dag [airflow.dag_processing.collection] dag_id=Proyecto_FIFA_ETL loc=collection.py:200
dag-processor | 2026-07-26T20:51:50.337365Z [info     ] got latest run                 [airflow.dag_processing.collection] dag_id=Proyecto_FIFA_ETL loc=collection.py:203 logical_date='2026-07-26 00:00:00+00:00' partition_key=None
dag-processor | 2026-07-26T20:51:50.344830Z [info     ] get next_dagrun_info_v2        [airflow.serialization.definitions.dag] last_automated_run_info=DagRunInfo(run_after=DateTime(2026, 7, 26, 0, 0, 0, tzinfo=Timezone('UTC')), data_interval=DataInterval(start=DateTime(2026, 7, 26, 0, 0, 0, tzinfo=Timezone('UTC')), end=DateTime(2026, 7, 26, 0, 0, 0, tzinfo=Timezone('UTC'))), partition_date=None, partition_key=None) loc=dag.py:445 next_info=DagRunInfo(run_after=DateTime(2026, 7, 27, 0, 0, 0, tzinfo=Timezone('UTC')), data_interval=DataInterval(start=DateTime(2026, 7, 27, 0, 0, 0, tzinfo=Timezone('UTC')), end=DateTime(2026, 7, 27, 0, 0, 0, tzinfo=Timezone('UTC'))), partition_date=None, partition_key=None)
dag-processor | 2026-07-26T20:51:50.345125Z [info     ] setting next dagrun info       [airflow.models.dag] loc=dag.py:848 next_dagrun='2026-07-27 00:00:00+00:00' next_dagrun_create_after='2026-07-27 00:00:00+00:00' next_dagrun_data_interval_end='2026-07-27 00:00:00+00:00' next_dagrun_data_interval_start='2026-07-27 00:00:00+00:00' next_dagrun_partition_date=None next_dagrun_partition_key=None
dag-processor | 2026-07-26T20:51:52.352304Z [info     ] Not time to refresh bundle dags-folder [airflow.dag_processing.manager.DagFileProcessorManager] loc=manager.py:843
dag-processor | 2026-07-26T20:51:53.353928Z [info     ]
dag-processor | ================================================================================
dag-processor | DAG File Processing Stats
dag-processor | Bundle       File Path             PID    Current Duration      # DAGs    # Errors  Last Duration    Last Run At
dag-processor | -----------  --------------------  -----  ------------------  --------  ----------  ---------------  -------------------
dag-processor | dags-folder  fifa_etl_dag.py                                         1           0  0.12s            2026-07-26T20:51:50
dag-processor | dags-folder  fifa_sync_raw_dag.py                                    1           0  0.08s            2026-07-26T20:51:50
dag-processor | ================================================================================ [airflow.dag_processing.manager.DagFileProcessorManager] loc=manager.py:1123
dag-processor | 2026-07-26T20:51:57.373306Z [info     ] Not time to refresh bundle dags-folder [airflow.dag_processing.manager.DagFileProcessorManager] loc=manager.py:843
dag-processor | 2026-07-26T20:52:02.396028Z [info     ] Not time to refresh bundle dags-folder [airflow.dag_processing.manager.DagFileProcessorManager] loc=manager.py:843
dag-processor | 2026-07-26T20:52:07.657062Z [info     ] Not time to refresh bundle dags-folder [airflow.dag_processing.manager.DagFileProcessorManager] loc=manager.py:843
dag-processor | 2026-07-26T20:52:13.319450Z [info     ] Not time to refresh bundle dags-folder [airflow.dag_processing.manager.DagFileProcessorManager] loc=manager.py:843
dag-processor | 2026-07-26T20:52:18.350187Z [info     ] Not time to refresh bundle dags-folder [airflow.dag_processing.manager.DagFileProcessorManager] loc=manager.py:843
dag-processor | 2026-07-26T20:52:23.400679Z [info     ]
dag-processor | ================================================================================
dag-processor | DAG File Processing Stats
dag-processor | Bundle       File Path               PID  Current Duration      # DAGs    # Errors  Last Duration    Last Run At
dag-processor | -----------  --------------------  -----  ------------------  --------  ----------  ---------------  -------------------
dag-processor | dags-folder  fifa_etl_dag.py        2003  2.95s                      1           0  0.12s            2026-07-26T20:51:50
dag-processor | dags-folder  fifa_sync_raw_dag.py   2002  2.97s                      1           0  0.08s            2026-07-26T20:51:50
dag-processor | ================================================================================ [airflow.dag_processing.manager.DagFileProcessorManager] loc=manager.py:1123
dag-processor | 2026-07-26T20:52:23.405514Z [info     ] Not time to refresh bundle dags-folder [airflow.dag_processing.manager.DagFileProcessorManager] loc=manager.py:843
dag-processor | 2026-07-26T20:52:23.418834Z [info     ] Bulk-writing dags to db        [airflow.serialization.definitions.dag] count=1 loc=dag.py:210
dag-processor | 2026-07-26T20:52:23.423846Z [info     ] Getting latest run for non-partitioned Dag [airflow.dag_processing.collection] dag_id=Proyecto_FIFA_Sync_Raw_CSV loc=collection.py:200
dag-processor | 2026-07-26T20:52:23.425883Z [info     ] got latest run                 [airflow.dag_processing.collection] dag_id=Proyecto_FIFA_Sync_Raw_CSV loc=collection.py:203 logical_date='2026-07-26 20:00:00+00:00' partition_key=None
dag-processor | 2026-07-26T20:52:23.435793Z [info     ] get next_dagrun_info_v2        [airflow.serialization.definitions.dag] last_automated_run_info=DagRunInfo(run_after=DateTime(2026, 7, 26, 20, 0, 0, tzinfo=Timezone('UTC')), data_interval=DataInterval(start=DateTime(2026, 7, 26, 20, 0, 0, tzinfo=Timezone('UTC')), end=DateTime(2026, 7, 26, 20, 0, 0, tzinfo=Timezone('UTC'))), partition_date=None, partition_key=None) loc=dag.py:445 next_info=DagRunInfo(run_after=DateTime(2026, 7, 26, 21, 0, 0, tzinfo=Timezone('UTC')), data_interval=DataInterval(start=DateTime(2026, 7, 26, 21, 0, 0, tzinfo=Timezone('UTC')), end=DateTime(2026, 7, 26, 21, 0, 0, tzinfo=Timezone('UTC'))), partition_date=None, partition_key=None)
dag-processor | 2026-07-26T20:52:23.436261Z [info     ] setting next dagrun info       [airflow.models.dag] loc=dag.py:848 next_dagrun='2026-07-26 21:00:00+00:00' next_dagrun_create_after='2026-07-26 21:00:00+00:00' next_dagrun_data_interval_end='2026-07-26 21:00:00+00:00' next_dagrun_data_interval_start='2026-07-26 21:00:00+00:00' next_dagrun_partition_date=None next_dagrun_partition_key=None
dag-processor | 2026-07-26T20:52:27.017040Z [info     ] Bulk-writing dags to db        [airflow.serialization.definitions.dag] count=1 loc=dag.py:210
dag-processor | 2026-07-26T20:52:27.021439Z [info     ] Getting latest run for non-partitioned Dag [airflow.dag_processing.collection] dag_id=Proyecto_FIFA_ETL loc=collection.py:200
dag-processor | 2026-07-26T20:52:27.022770Z [info     ] got latest run                 [airflow.dag_processing.collection] dag_id=Proyecto_FIFA_ETL loc=collection.py:203 logical_date='2026-07-26 00:00:00+00:00' partition_key=None
dag-processor | 2026-07-26T20:52:27.029820Z [info     ] get next_dagrun_info_v2        [airflow.serialization.definitions.dag] last_automated_run_info=DagRunInfo(run_after=DateTime(2026, 7, 26, 0, 0, 0, tzinfo=Timezone('UTC')), data_interval=DataInterval(start=DateTime(2026, 7, 26, 0, 0, 0, tzinfo=Timezone('UTC')), end=DateTime(2026, 7, 26, 0, 0, 0, tzinfo=Timezone('UTC'))), partition_date=None, partition_key=None) loc=dag.py:445 next_info=DagRunInfo(run_after=DateTime(2026, 7, 27, 0, 0, 0, tzinfo=Timezone('UTC')), data_interval=DataInterval(start=DateTime(2026, 7, 27, 0, 0, 0, tzinfo=Timezone('UTC')), end=DateTime(2026, 7, 27, 0, 0, 0, tzinfo=Timezone('UTC'))), partition_date=None, partition_key=None)
dag-processor | 2026-07-26T20:52:27.030046Z [info     ] setting next dagrun info       [airflow.models.dag] loc=dag.py:848 next_dagrun='2026-07-27 00:00:00+00:00' next_dagrun_create_after='2026-07-27 00:00:00+00:00' next_dagrun_data_interval_end='2026-07-27 00:00:00+00:00' next_dagrun_data_interval_start='2026-07-27 00:00:00+00:00' next_dagrun_partition_date=None next_dagrun_partition_key=None
dag-processor | 2026-07-26T20:52:28.873857Z [info     ] Not time to refresh bundle dags-folder [airflow.dag_processing.manager.DagFileProcessorManager] loc=manager.py:843
triggerer  | 2026-07-26T20:52:30.181236Z [info     ] 0 triggers currently running   [airflow.jobs.triggerer_job_runner] loc=triggerer_job_runner.py:1036
triggerer  | 2026-07-26T20:52:30.181396Z [info     ] 0 watchers currently running   [airflow.jobs.triggerer_job_runner] loc=triggerer_job_runner.py:1036
dag-processor | 2026-07-26T20:52:34.058261Z [info     ] Not time to refresh bundle dags-folder [airflow.dag_processing.manager.DagFileProcessorManager] loc=manager.py:843
dag-processor | 2026-07-26T20:52:40.198813Z [info     ] Not time to refresh bundle dags-folder [airflow.dag_processing.manager.DagFileProcessorManager] loc=manager.py:843
dag-processor | 2026-07-26T20:52:47.587073Z [info     ] Not time to refresh bundle dags-folder [airflow.dag_processing.manager.DagFileProcessorManager] loc=manager.py:843
dag-processor | 2026-07-26T20:52:54.192314Z [info     ] Not time to refresh bundle dags-folder [airflow.dag_processing.manager.DagFileProcessorManager] loc=manager.py:843
dag-processor | 2026-07-26T20:52:54.212043Z [info     ]
dag-processor | ================================================================================
dag-processor | DAG File Processing Stats
dag-processor | Bundle       File Path               PID  Current Duration      # DAGs    # Errors  Last Duration    Last Run At
dag-processor | -----------  --------------------  -----  ------------------  --------  ----------  ---------------  -------------------
dag-processor | dags-folder  fifa_etl_dag.py                                         1           0  6.57s            2026-07-26T20:52:27
dag-processor | dags-folder  fifa_sync_raw_dag.py   2030  0.01s                      1           0  2.99s            2026-07-26T20:52:23
dag-processor | ================================================================================ [airflow.dag_processing.manager.DagFileProcessorManager] loc=manager.py:1123
dag-processor | 2026-07-26T20:53:03.446891Z [info     ] Not time to refresh bundle dags-folder [airflow.dag_processing.manager.DagFileProcessorManager] loc=manager.py:843
dag-processor | 2026-07-26T20:53:08.897549Z [info     ] Not time to refresh bundle dags-folder [airflow.dag_processing.manager.DagFileProcessorManager] loc=manager.py:843
dag-processor | 2026-07-26T20:53:14.042390Z [info     ] Not time to refresh bundle dags-folder [airflow.dag_processing.manager.DagFileProcessorManager] loc=manager.py:843
dag-processor | 2026-07-26T20:53:20.034288Z [info     ] Not time to refresh bundle dags-folder [airflow.dag_processing.manager.DagFileProcessorManager] loc=manager.py:843
dag-processor | 2026-07-26T20:53:24.866476Z [info     ]
dag-processor | ================================================================================
dag-processor | DAG File Processing Stats
dag-processor | Bundle       File Path               PID  Current Duration      # DAGs    # Errors  Last Duration    Last Run At
dag-processor | -----------  --------------------  -----  ------------------  --------  ----------  ---------------  -------------------
dag-processor | dags-folder  fifa_etl_dag.py        2031  21.41s                     1           0  6.57s            2026-07-26T20:52:27
dag-processor | dags-folder  fifa_sync_raw_dag.py   2030  30.67s                     1           0  2.99s            2026-07-26T20:52:23
dag-processor | ================================================================================ [airflow.dag_processing.manager.DagFileProcessorManager] loc=manager.py:1123
dag-processor | 2026-07-26T20:53:26.219639Z [info     ] Not time to refresh bundle dags-folder [airflow.dag_processing.manager.DagFileProcessorManager] loc=manager.py:843
dag-processor | 2026-07-26T20:53:37.635378Z [info     ] Not time to refresh bundle dags-folder [airflow.dag_processing.manager.DagFileProcessorManager] loc=manager.py:843
triggerer  | 2026-07-26T20:53:31.017374Z [info     ] 0 triggers currently running   [airflow.jobs.triggerer_job_runner] loc=triggerer_job_runner.py:1036
triggerer  | 2026-07-26T20:53:31.017516Z [info     ] 0 watchers currently running   [airflow.jobs.triggerer_job_runner] loc=triggerer_job_runner.py:1036
dag-processor | 2026-07-26T20:53:43.617691Z [info     ] Not time to refresh bundle dags-folder [airflow.dag_processing.manager.DagFileProcessorManager] loc=manager.py:843
dag-processor | 2026-07-26T20:53:47.378622Z [error    ] Processor for DagFileInfo(rel_path=PosixPath('fifa_sync_raw_dag.py'), bundle_name='dags-folder', bundle_path=PosixPath('/home/sebastian2/airflow/dags'), bundle_version=None) with PID 2030 has been running for 53.18 seconds, exceeding the timeout of 50.00 seconds. Killing it! [airflow.dag_processing.manager.DagFileProcessorManager] loc=manager.py:1585
dag-processor | 2026-07-26T20:53:48.851267Z [info     ] Process exited                 [supervisor] exit_code=<Negsignal.SIGKILL: -9> loc=supervisor.py:1024 pid=2030 signal_sent=SIGKILL
dag-processor | 2026-07-26T20:53:49.032234Z [info     ] Not time to refresh bundle dags-folder [airflow.dag_processing.manager.DagFileProcessorManager] loc=manager.py:843
dag-processor | 2026-07-26T20:53:49.034622Z [info     ] Deactivating stale DAG Proyecto_FIFA_Sync_Raw_CSV. Not parsed for 85 seconds (last parsed: 2026-07-26 20:52:23.426983+00:00). [airflow.dag_processing.manager.DagFileProcessorManager] loc=manager.py:484
dag-processor | 2026-07-26T20:53:49.738111Z [info     ] Deactivated 1 DAGs which are no longer present in file. [airflow.dag_processing.manager.DagFileProcessorManager] loc=manager.py:503
dag-processor | 2026-07-26T20:53:49.866291Z [info     ] Bulk-writing dags to db        [airflow.serialization.definitions.dag] count=1 loc=dag.py:210
dag-processor | 2026-07-26T20:53:49.870531Z [info     ] Getting latest run for non-partitioned Dag [airflow.dag_processing.collection] dag_id=Proyecto_FIFA_ETL loc=collection.py:200
dag-processor | 2026-07-26T20:53:49.872535Z [info     ] got latest run                 [airflow.dag_processing.collection] dag_id=Proyecto_FIFA_ETL loc=collection.py:203 logical_date='2026-07-26 00:00:00+00:00' partition_key=None
dag-processor | 2026-07-26T20:53:49.881828Z [info     ] get next_dagrun_info_v2        [airflow.serialization.definitions.dag] last_automated_run_info=DagRunInfo(run_after=DateTime(2026, 7, 26, 0, 0, 0, tzinfo=Timezone('UTC')), data_interval=DataInterval(start=DateTime(2026, 7, 26, 0, 0, 0, tzinfo=Timezone('UTC')), end=DateTime(2026, 7, 26, 0, 0, 0, tzinfo=Timezone('UTC'))), partition_date=None, partition_key=None) loc=dag.py:445 next_info=DagRunInfo(run_after=DateTime(2026, 7, 27, 0, 0, 0, tzinfo=Timezone('UTC')), data_interval=DataInterval(start=DateTime(2026, 7, 27, 0, 0, 0, tzinfo=Timezone('UTC')), end=DateTime(2026, 7, 27, 0, 0, 0, tzinfo=Timezone('UTC'))), partition_date=None, partition_key=None)
dag-processor | 2026-07-26T20:53:49.882141Z [info     ] setting next dagrun info       [airflow.models.dag] loc=dag.py:848 next_dagrun='2026-07-27 00:00:00+00:00' next_dagrun_create_after='2026-07-27 00:00:00+00:00' next_dagrun_data_interval_end='2026-07-27 00:00:00+00:00' next_dagrun_data_interval_start='2026-07-27 00:00:00+00:00' next_dagrun_partition_date=None next_dagrun_partition_key=None
dag-processor | 2026-07-26T20:53:54.435027Z [info     ] Not time to refresh bundle dags-folder [airflow.dag_processing.manager.DagFileProcessorManager] loc=manager.py:843
dag-processor | 2026-07-26T20:53:54.887391Z [info     ]
dag-processor | ================================================================================
dag-processor | DAG File Processing Stats
dag-processor | Bundle       File Path             PID    Current Duration      # DAGs    # Errors  Last Duration    Last Run At
dag-processor | -----------  --------------------  -----  ------------------  --------  ----------  ---------------  -------------------
dag-processor | dags-folder  fifa_sync_raw_dag.py                                    0           1  53.18s           2026-07-26T20:53:49
dag-processor | dags-folder  fifa_etl_dag.py                                         1           0  46.41s           2026-07-26T20:53:49
dag-processor | ================================================================================ [airflow.dag_processing.manager.DagFileProcessorManager] loc=manager.py:1123